Data;Vieneto vertė;Grynųjų aktyvų vertė;Lyginamasis indeksas;
2018-12-31;1,000000;0;100,000000;
2019-01-01;1,000000;0;100,000000;
2019-01-02;1,000000;0;100,000000;
2019-01-03;1,000000;0;100,000000;
2019-01-04;1,000000;0;100,000000;
2019-01-07;1,000000;19591;100,000000;
2019-01-08;1,006800;21946;100,831800;
2019-01-09;1,012900;22080;101,192400;
2019-01-10;1,015200;22128;101,469600;
2019-01-11;1,018500;22652;101,866900;
2019-01-14;1,015700;22591;101,445700;
2019-01-15;1,026800;33069;102,612900;
2019-01-16;1,035100;57941;103,139900;
2019-01-17;1,035800;62680;103,670000;
2019-01-18;1,054600;72626;105,023900;
2019-01-21;1,050900;74252;105,042400;
2019-01-22;1,045400;77218;104,049900;
2019-01-23;1,038100;81691;103,923000;
2019-01-24;1,046300;83064;104,416400;
2019-01-25;1,053000;93949;105,025900;
2019-01-28;1,040200;93965;104,070400;
2019-01-29;1,044300;98212;104,299300;
2019-01-30;1,051600;102892;105,248300;
2019-01-31;1,062500;106616;105,787100;
2019-02-01;1,061600;110387;105,896800;
2019-02-04;1,067200;117724;106,580400;
2019-02-05;1,078200;124575;107,400900;
2019-02-06;1,078200;128242;107,458400;
2019-02-07;1,063400;126490;106,693500;
2019-02-08;1,061800;129674;106,594200;
2019-02-11;1,073400;131091;107,115700;
2019-02-12;1,081100;139806;108,039300;
2019-02-13;1,085200;140341;108,496600;
2019-02-14;1,081500;145182;108,379700;
2019-02-15;1,093200;151680;109,198300;
2019-02-18;1,093200;154176;109,147300;
2019-02-19;1,092000;167711;109,039500;
2019-02-20;1,095700;168822;109,439600;
2019-02-21;1,093500;171185;109,225200;
2019-02-22;1,100800;177955;109,852700;
2019-02-25;1,106600;188746;110,134200;
2019-02-26;1,103000;190804;109,990800;
2019-02-27;1,097900;190525;109,729000;
2019-02-28;1,095200;194796;109,279900;
2019-03-01;1,096200;202428;109,746500;
2019-03-04;1,101400;204890;110,159600;
2019-03-05;1,105500;206393;110,211800;
2019-03-06;1,100500;205868;109,732700;
2019-03-07;1,098200;205439;109,660600;
2019-03-08;1,086900;209529;108,974200;
2019-03-11;1,086900;209529;108,974200;
2019-03-12;1,102400;212522;110,353200;
2019-03-13;1,106800;227956;110,546200;
2019-03-14;1,106900;256269;110,610200;
2019-03-15;1,113900;264061;111,094800;
2019-03-18;1,114100;266562;111,578500;
2019-03-19;1,120500;271713;111,628600;
2019-03-20;1,108400;274736;111,173400;
2019-03-21;1,115600;278180;111,825500;
2019-03-22;1,107300;407414;110,978000;
2019-03-25;1,103000;407924;110,077400;
2019-03-26;1,111900;416199;111,209600;
2019-03-27;1,109600;438434;111,094400;
2019-03-28;1,112700;445856;111,347700;
2019-03-29;1,122100;450992;112,184200;
2019-04-01;1,134700;467238;113,507200;
2019-04-02;1,138100;488049;113,830200;
2019-04-03;1,144100;495772;114,075300;
2019-04-04;1,141400;494679;114,233800;
2019-04-05;1,147000;507798;114,561000;
2019-04-08;1,143300;506156;114,367200;
2019-04-09;1,139700;519445;113,918500;
2019-04-10;1,142600;527116;114,404500;
2019-04-11;1,141700;3976963;114,046900;
2019-04-12;1,141500;3977289;114,185900;
2019-04-15;1,142200;3984574;114,277700;
2019-04-16;1,146900;4004266;114,571500;
2019-04-17;1,144900;3999442;114,499300;
2019-04-18;1,149600;4012433;115,009200;
2019-04-19;1,149800;4006799;115,016100;
2019-04-22;1,149800;4006799;115,016100;
2019-04-23;1,157500;4034053;115,974300;
2019-04-24;1,158700;4038344;115,702700;
2019-04-25;1,160300;4127555;116,031400;
2019-04-26;1,161000;4166372;116,255200;
2019-04-29;1,163800;4186191;116,389700;
2019-04-30;1,157900;4175937;116,060100;
2019-05-01;1,157900;4175937;116,060100;
2019-05-02;1,153800;4164659;115,537900;
2019-05-03;1,161200;4197561;116,310300;
2019-05-06;1,151900;4177645;115,444200;
2019-05-07;1,141500;4141075;114,056300;
2019-05-08;1,135800;4120882;113,667000;
2019-05-09;1,118100;4242576;112,515000;
2019-05-10;1,115700;4232781;112,780500;
2019-05-13;1,106600;4198871;110,771800;
2019-05-14;1,116700;4253589;111,599200;
2019-05-15;1,121900;4273461;112,208300;
2019-05-16;1,134400;4326716;113,139500;
2019-05-17;1,130400;4299214;112,680100;
2019-05-20;1,120000;4246106;112,081800;
2019-05-21;1,125000;4294595;112,592400;
2019-05-22;1,124800;4370172;112,594900;
2019-05-23;1,112200;4322131;111,362400;
2019-05-24;1,111600;4325933;111,216500;
2019-05-27;1,114000;4341767;111,447600;
2019-05-28;1,114300;4364665;111,086200;
2019-05-29;1,104800;4324516;110,483700;
2019-05-30;1,108200;4336678;110,883800;
2019-05-31;1,102400;4318630;109,884500;
2019-06-03;1,098400;4298270;109,450400;
2019-06-04;1,101100;4307680;110,562700;
2019-06-05;1,107700;4333549;111,090100;
2019-06-06;1,110000;4551446;111,251200;
2019-06-07;1,117700;4580364;111,806700;
2019-06-10;1,124900;4651701;112,636900;
2019-06-11;1,129900;4678652;113,006600;
2019-06-12;1,125200;4655972;112,624800;
2019-06-13;1,128800;4669824;113,163200;
2019-06-14;1,130600;4675082;113,265500;
2019-06-17;1,130700;4669519;113,184800;
2019-06-18;1,146400;4733909;114,717600;
2019-06-19;1,147600;4737007;115,124200;
2019-06-20;1,153100;4755300;115,597400;
2019-06-21;1,151200;4792864;115,060100;
2019-06-24;1,151200;4792864;115,060100;
2019-06-25;1,140000;4741627;113,726400;
2019-06-26;1,137300;4730036;113,606000;
2019-06-27;1,138900;4729589;114,177600;
2019-06-28;1,142900;4735196;114,513300;
2019-07-01;1,158700;4782672;115,915000;
2019-07-02;1,161300;4791021;116,503700;
2019-07-03;1,169500;4826835;117,257300;
2019-07-04;1,172400;4839440;117,423100;
2019-07-05;1,170700;5024614;117,526400;
2019-07-08;1,168200;5013646;116,897200;
2019-07-09;1,165500;4980134;116,897100;
2019-07-10;1,167400;4999704;116,877400;
2019-07-11;1,168800;5008918;117,141500;
2019-07-12;1,170200;5016621;117,400700;
2019-07-15;1,172600;5030552;117,503000;
2019-07-16;1,176700;5049720;117,669600;
2019-07-17;1,172000;5031513;117,127500;
2019-07-18;1,165900;5005471;117,176800;
2019-07-19;1,173200;5032311;117,071500;
2019-07-22;1,169200;5087918;117,148100;
2019-07-23;1,178500;5132966;118,458100;
2019-07-24;1,182700;5158373;118,905700;
2019-07-25;1,181000;5151134;118,250600;
2019-07-26;1,184800;5099048;118,887700;
2019-07-29;1,183300;5091715;118,648200;
2019-07-30;1,176600;5051682;118,123100;
2019-07-31;1,178300;5078017;117,383800;
2019-08-01;1,182900;5098906;117,324400;
2019-08-02;1,150600;4959841;115,497700;
2019-08-05;1,123900;4845646;111,811100;
2019-08-06;1,113500;4785285;112,327400;
2019-08-07;1,115000;4793549;112,272100;
2019-08-08;1,134600;5057303;114,104900;
2019-08-09;1,130500;5038852;113,531200;
2019-08-12;1,124600;5011386;112,476700;
2019-08-13;1,131600;5057693;113,449600;
2019-08-14;1,120700;5012639;111,640200;
2019-08-15;1,120700;5012639;111,640200;
2019-08-16;1,131400;5058286;113,233800;
2019-08-19;1,143000;5112378;114,493100;
2019-08-20;1,142300;5109684;114,064200;
2019-08-21;1,145700;5126332;114,787900;
2019-08-22;1,142900;5112668;114,621000;
2019-08-23;1,130200;5058318;112,654200;
2019-08-26;1,129400;5055612;112,869000;
2019-08-27;1,132700;5091619;113,058600;
2019-08-28;1,132900;5085581;113,658600;
2019-08-29;1,145800;5155611;114,791700;
2019-08-30;1,154300;5199899;115,845300;
2019-09-02;1,155800;5210405;116,213900;
2019-09-03;1,154000;5201325;115,660500;
2019-09-04;1,159000;5225370;116,302800;
2019-09-05;1,170500;5502758;117,480900;
2019-09-06;1,174500;5521458;117,747200;
2019-09-09;1,175100;5526016;117,662100;
2019-09-10;1,170400;5510541;117,832000;
2019-09-11;1,183400;5568834;119,137100;
2019-09-12;1,186900;5589868;119,220900;
2019-09-13;1,187000;5587461;118,905500;
2019-09-16;1,187300;5591069;119,391700;
2019-09-17;1,182900;5572040;118,967100;
2019-09-18;1,182100;5567223;118,882600;
2019-09-19;1,188500;5596315;119,003400;
2019-09-20;1,190900;5610479;119,243000;
2019-09-23;1,186000;5572981;119,155200;
2019-09-24;1,184700;5559584;118,551700;
2019-09-25;1,180500;5547022;118,978600;
2019-09-26;1,184400;5567453;119,177300;
2019-09-27;1,187100;5582754;118,703500;
2019-09-30;1,187000;5583567;119,388700;
2019-10-01;1,180400;5554927;118,196500;
2019-10-02;1,155400;5435506;116,050800;
2019-10-03;1,152700;5422933;116,173300;
2019-10-04;1,165000;5482492;117,323400;
2019-10-07;1,169800;5504857;117,027000;
2019-10-08;1,158300;5451661;116,172600;
2019-10-09;1,159300;5457743;116,535300;
2019-10-10;1,165600;5718433;116,814700;
2019-10-11;1,180000;5824574;118,159100;
2019-10-14;1,177500;5809443;118,191700;
2019-10-15;1,184200;5848954;119,054800;
2019-10-16;1,182600;5840935;118,944600;
2019-10-17;1,179700;5823953;118,633600;
2019-10-18;1,175700;5809105;118,018600;
2019-10-21;1,178800;5819811;118,645000;
2019-10-22;1,182700;5836240;118,684200;
2019-10-23;1,182200;5838110;118,976500;
2019-10-24;1,187800;5865431;119,540900;
2019-10-25;1,192000;5888405;119,972100;
2019-10-28;1,196200;5905243;120,458400;
2019-10-29;1,197100;5910052;120,279200;
2019-10-30;1,193800;5900003;120,388000;
2019-10-31;1,189300;5874217;119,891900;
2019-11-01;1,189300;5874217;119,891900;
2019-11-04;1,206800;5914298;121,527700;
2019-11-05;1,214200;5955060;122,410500;
2019-11-06;1,214600;5957238;122,476800;
2019-11-07;1,222100;6219467;123,130700;
2019-11-08;1,220500;6207035;123,346700;
2019-11-11;1,217300;6165723;122,886600;
2019-11-12;1,222800;6185801;123,352100;
2019-11-13;1,219400;6180452;123,111000;
2019-11-14;1,217700;6170367;123,065500;
2019-11-15;1,222100;6192865;123,425900;
2019-11-18;1,221800;6197816;123,305800;
2019-11-19;1,221800;6198390;123,371300;
2019-11-20;1,220600;6177880;122,994400;
2019-11-21;1,214600;6148824;122,557200;
2019-11-22;1,218200;6197167;123,253600;
2019-11-25;1,229300;6254645;124,339900;
2019-11-26;1,231400;6265725;124,406300;
2019-11-27;1,235900;6290382;125,023700;
2019-11-28;1,235700;6292381;124,867300;
2019-11-29;1,231500;6268932;124,050600;
2019-12-02;1,217100;6189148;122,819900;
2019-12-03;1,205800;6136294;122,071200;
2019-12-04;1,215000;6183635;122,570900;
2019-12-05;1,214500;6411392;122,774700;
2019-12-06;1,227500;6474536;124,158500;
2019-12-09;1,227700;6474507;123,808000;
2019-12-10;1,223800;6456282;123,438500;
2019-12-11;1,225500;6463582;123,873900;
2019-12-12;1,231100;6492422;124,380800;
2019-12-13;1,235400;6521074;124,930000;
2019-12-16;1,245200;6577030;125,730700;
2019-12-17;1,245700;6577635;125,771100;
2019-12-18;1,248400;6593024;126,033000;
2019-12-19;1,250000;6595855;126,436300;
2019-12-20;1,259200;6668734;127,228900;
2019-12-23;1,260800;6676070;127,306500;
2019-12-24;1,260800;6676070;127,306500;
2019-12-25;1,260800;6676070;127,306500;
2019-12-26;1,260800;6676070;127,306500;
2019-12-27;1,261000;6669940;127,274000;
2019-12-30;1,254800;6634356;126,300700;
2019-12-31;1,250500;6614106;126,237400;
2020-01-01;1,250500;6614106;126,237400;
2020-01-02;1,257700;6663226;127,519000;
2020-01-03;1,259900;6675415;127,294300;
2020-01-06;1,254600;6660603;126,900000;
2020-01-07;1,259800;6688756;127,401100;
2020-01-08;1,263000;6687687;127,773900;
2020-01-09;1,272800;6976107;128,861700;
2020-01-10;1,275100;6989079;128,710800;
2020-01-13;1,274600;6994973;129,120900;
2020-01-14;1,278600;7025598;129,280300;
2020-01-15;1,277700;7026170;129,009100;
2020-01-16;1,281500;7056237;129,805500;
2020-01-17;1,291200;7108741;130,865800;
2020-01-20;1,292400;7115488;130,973600;
2020-01-21;1,290000;7106628;130,223300;
2020-01-22;1,291600;7107020;130,638700;
2020-01-23;1,287200;7076766;130,619000;
2020-01-24;1,292500;7094657;130,323700;
2020-01-27;1,269300;6969239;128,414600;
2020-01-28;1,273600;7027994;129,275200;
2020-01-29;1,279100;7053439;129,273900;
2020-01-30;1,266300;6992808;128,373000;
2020-01-31;1,254400;6921278;126,336100;
2020-02-03;1,253900;6918493;126,976600;
2020-02-04;1,274200;7032948;129,065600;
2020-02-05;1,287400;7119885;130,533500;
2020-02-06;1,297200;7170822;131,583000;
2020-02-07;1,297300;7160955;131,033600;
2020-02-10;1,297800;7157847;131,812600;
2020-02-11;1,308800;7219646;132,508900;
2020-02-12;1,317000;7266820;133,557200;
2020-02-13;1,321400;7526123;133,861900;
2020-02-14;1,322100;7530241;133,980200;
2020-02-17;1,325400;7546308;134,162800;
2020-02-18;1,318900;7518697;133,614200;
2020-02-19;1,327500;7559905;134,593700;
2020-02-20;1,318400;7503612;133,815100;
2020-02-21;1,310900;7469566;132,239700;
2020-02-24;1,275000;7244994;128,380400;
2020-02-25;1,254700;7136848;125,500900;
2020-02-26;1,242700;7073617;124,763100;
2020-02-27;1,205800;6856365;119,536800;
2020-02-28;1,160800;6617997;117,485000;
2020-03-02;1,164100;6673734;119,380200;
2020-03-03;1,181100;6752266;117,624500;
2020-03-04;1,183000;6769183;121,055300;
2020-03-05;1,185800;6785976;118,332000;
2020-03-06;1,142200;6789265;114,723300;
2020-03-09;1,075800;6387806;105,824300;
2020-03-10;1,067400;6387199;109,295000;
2020-03-11;1,067400;6387199;109,295000;
2020-03-12;0,984400;5849146;97,947400;
2020-03-13;0,985800;5890161;103,023000;
2020-03-16;0,967600;5777590;93,296700;
2020-03-17;0,959700;5753816;97,821800;
2020-03-18;0,941900;5657021;94,130700;
2020-03-19;0,946500;5706054;95,490700;
2020-03-20;0,957900;5795971;94,248200;
2020-03-23;0,915900;5552178;90,568700;
2020-03-24;0,960200;5896581;97,619300;
2020-03-25;0,995000;6099207;99,940100;
2020-03-26;1,011700;6196634;102,625400;
2020-03-27;0,998400;6096582;99,974400;
2020-03-30;1,006200;6150103;102,122800;
2020-03-31;1,023400;6266244;102,129100;
2020-04-01;0,992500;6061722;98,902100;
2020-04-02;0,992900;6063402;100,644900;
2020-04-03;0,995000;6099513;99,903500;
2020-04-06;1,024500;6307009;105,339400;
2020-04-07;1,060200;6526840;105,465700;
2020-04-08;1,057100;6509167;107,669200;
2020-04-09;1,076600;6888202;108,610100;
2020-04-10;1,076600;6888076;108,680500;
2020-04-13;1,076600;6888076;108,680500;
2020-04-14;1,084000;6956067;110,134100;
2020-04-15;1,074800;6887820;108,483300;
2020-04-16;1,080500;6930136;109,163900;
2020-04-17;1,094200;7033402;111,531300;
2020-04-20;1,103200;7095125;110,484000;
2020-04-21;1,070300;6865003;107,450500;
2020-04-22;1,081000;6944989;109,643700;
2020-04-23;1,096200;7063261;109,991900;
2020-04-24;1,089100;7027179;110,548800;
2020-04-27;1,107200;7162779;112,189600;
2020-04-28;1,117500;7222426;112,456100;
2020-04-29;1,130500;7313476;114,752600;
2020-04-30;1,122900;7246918;113,024800;
2020-05-01;1,122900;7246918;113,024800;
2020-05-04;1,091400;7054757;110,203200;
2020-05-05;1,108800;7168049;112,054300;
2020-05-06;1,110600;7179330;112,053900;
2020-05-07;1,118300;7229170;113,121900;
2020-05-08;1,125800;7562623;114,085700;
2020-05-11;1,130800;7596268;114,603300;
2020-05-12;1,131600;7594911;112,754700;
2020-05-13;1,111200;7460205;111,474200;
2020-05-14;1,098100;7390934;111,667600;
2020-05-15;1,102800;7420619;112,032500;
2020-05-18;1,130200;7587727;114,661900;
2020-05-19;1,133600;7594869;113,630200;
2020-05-20;1,134100;7614280;114,700000;
2020-05-21;1,127300;7543007;114,385700;
2020-05-22;1,128700;7558405;114,372100;
2020-05-25;1,141800;7676392;114,917800;
2020-05-26;1,143800;7676007;115,743800;
2020-05-27;1,144400;7679779;116,913400;
2020-05-28;1,156100;7717438;116,550300;
2020-05-29;1,141000;7620944;115,938800;
2020-06-01;1,148200;7666615;116,908300;
2020-06-02;1,158000;7744437;117,775600;
2020-06-03;1,175200;7861117;119,357400;
2020-06-04;1,170400;7829304;117,925200;
2020-06-05;1,188400;7949681;120,622500;
2020-06-08;1,194500;8233509;121,790900;
2020-06-09;1,191500;8224765;120,705900;
2020-06-10;1,187100;8190093;120,434700;
2020-06-11;1,156500;8000329;114,840200;
2020-06-12;1,145300;7903541;116,541100;
2020-06-15;1,140000;7851563;116,217200;
2020-06-16;1,167700;8041490;119,144000;
2020-06-17;1,179800;8126525;119,332900;
2020-06-18;1,176900;8108204;119,286300;
2020-06-19;1,184700;8162316;119,488000;
2020-06-22;1,175800;8086018;119,207900;
2020-06-23;1,183200;8125223;119,393700;
2020-06-24;1,183200;8125223;119,393700;
2020-06-25;1,161800;8001186;118,563400;
2020-06-26;1,162400;7985364;116,957200;
2020-06-29;1,157600;7944403;117,324900;
2020-06-30;1,164500;7992210;118,639300;
2020-07-01;1,173100;8045157;118,865600;
2020-07-02;1,187900;8147511;120,373000;
2020-07-03;1,188700;8154299;120,338500;
2020-07-06;1,188700;8154299;120,338500;
2020-07-07;1,202700;8254392;120,995900;
2020-07-08;1,193900;8190646;121,280800;
2020-07-09;1,194200;8195217;121,290800;
2020-07-10;1,199500;8486906;121,707500;
2020-07-13;1,212500;8578440;120,955300;
2020-07-14;1,192400;8427695;121,220200;
2020-07-15;1,204500;8520330;122,382700;
2020-07-16;1,201000;8503863;121,466100;
2020-07-17;1,202500;8510449;121,948300;
2020-07-20;1,208400;8551340;122,767200;
2020-07-21;1,218600;8612735;123,004400;
2020-07-22;1,206800;8536832;122,056000;
2020-07-23;1,206900;8527472;121,184700;
2020-07-24;1,187700;8391936;119,879000;
2020-07-27;1,179900;8361002;119,427800;
2020-07-28;1,185300;8373376;119,558600;
2020-07-29;1,184100;8367901;120,030200;
2020-07-30;1,176700;8333305;119,094700;
2020-07-31;1,170400;8302262;118,790800;
2020-08-03;1,187800;8418315;120,464000;
2020-08-04;1,193100;8454778;121,034200;
2020-08-05;1,194800;8461565;120,797000;
2020-08-06;1,194000;8458114;121,437200;
2020-08-07;1,200500;8503933;121,549000;
2020-08-10;1,202600;8790962;121,940300;
2020-08-11;1,210900;8851617;121,966100;
2020-08-12;1,213300;8859366;123,009800;
2020-08-13;1,213300;8834879;122,665400;
2020-08-14;1,209900;8827266;122,458300;
2020-08-17;1,211100;8833641;122,602800;
2020-08-18;1,208000;8812719;122,389400;
2020-08-19;1,211600;8839962;122,304000;
2020-08-20;1,205600;8796215;122,375000;
2020-08-21;1,213000;8852453;123,326900;
2020-08-24;1,223500;8938902;124,326000;
2020-08-25;1,227100;8965574;124,580300;
2020-08-26;1,234400;9019810;125,711100;
2020-08-27;1,241500;9072216;125,829800;
2020-08-28;1,235700;9034283;125,393000;
2020-08-31;1,228100;8978796;124,384100;
2020-09-01;1,230900;9015340;125,151400;
2020-09-02;1,247500;9122444;127,566100;
2020-09-03;1,238000;9072866;124,538900;
2020-09-04;1,212700;8904036;123,673000;
2020-09-07;1,223100;8978439;123,660200;
2020-09-08;1,206800;8849443;121,597800;
2020-09-09;1,210500;8880434;123,094800;
2020-09-10;1,211300;9222561;121,358500;
2020-09-11;1,202900;9158637;121,883800;
2020-09-14;1,211100;9212366;122,898400;
2020-09-15;1,222700;9293621;123,751500;
2020-09-16;1,228100;9342203;123,862200;
2020-09-17;1,216300;9255936;123,063300;
2020-09-18;1,208200;9197808;121,892300;
2020-09-21;1,187600;9040183;121,124900;
2020-09-22;1,194300;9111935;121,991300;
2020-09-23;1,203200;9182636;120,591600;
2020-09-24;1,189300;9075343;120,370100;
2020-09-25;1,193800;9108758;121,778300;
2020-09-28;1,214700;9267392;123,418700;
2020-09-29;1,210900;9231845;122,292700;
2020-09-30;1,215300;9261868;122,890600;
2020-10-01;1,219300;9291045;123,409700;
2020-10-02;1,217700;9261048;122,819800;
2020-10-05;1,220200;9295365;123,957200;
2020-10-06;1,226600;9337208;123,256400;
2020-10-07;1,227200;9346021;124,813100;
2020-10-08;1,237200;9758850;125,902400;
2020-10-09;1,243000;9804965;126,176800;
2020-10-12;1,255800;9879600;127,736700;
2020-10-13;1,261500;9918270;127,862100;
2020-10-14;1,259900;9909503;127,234200;
2020-10-15;1,247700;9832645;126,862100;
2020-10-16;1,254600;9868573;126,888300;
2020-10-19;1,248600;9826926;125,308900;
2020-10-20;1,234800;9716639;125,139700;
2020-10-21;1,231600;9637409;124,540800;
2020-10-22;1,230200;9629004;125,142300;
2020-10-23;1,233400;9652236;125,474300;
2020-10-26;1,221400;9527167;123,825600;
2020-10-27;1,218000;9500467;123,361800;
2020-10-28;1,199500;9351941;120,728900;
2020-10-29;1,199200;9365529;122,202600;
2020-10-30;1,192700;9316109;120,913600;
2020-11-02;1,192700;9316109;120,913600;
2020-11-03;1,220300;9513531;123,697800;
2020-11-04;1,242900;9670603;126,224700;
2020-11-05;1,254800;9758462;127,655300;
2020-11-06;1,254400;9752646;127,466600;
2020-11-09;1,284200;10015883;129,637700;
2020-11-10;1,272400;9926991;129,701100;
2020-11-11;1,282600;10010929;131,279600;
2020-11-12;1,280600;10335250;129,966100;
2020-11-13;1,278000;10314013;130,835400;
2020-11-16;1,293300;10424336;132,282700;
2020-11-17;1,292000;10378979;131,709300;
2020-11-18;1,293900;10397705;131,165100;
2020-11-19;1,285800;10330422;131,575100;
2020-11-20;1,291700;10381558;131,297400;
2020-11-23;1,291400;10397731;132,167700;
2020-11-24;1,303200;10488971;133,403000;
2020-11-25;1,302600;10460739;133,082200;
2020-11-26;1,304300;10488836;133,273300;
2020-11-27;1,304700;10485781;133,272200;
2020-11-30;1,293700;10399119;131,943700;
2020-12-01;1,299000;10444186;132,588900;
2020-12-02;1,295500;10421408;132,388100;
2020-12-03;1,295800;10426008;132,005200;
2020-12-04;1,300400;10468547;133,159000;
2020-12-07;1,303700;10493294;133,129000;
2020-12-08;1,305900;10510661;133,623500;
2020-12-09;1,309300;10539922;133,386300;
2020-12-10;1,304000;10837610;132,904100;
2020-12-11;1,297400;10782647;132,905200;
2020-12-14;1,300200;10797585;132,510300;
2020-12-15;1,299100;10842644;133,235300;
2020-12-16;1,307400;10919623;133,542000;
2020-12-17;1,308700;10924765;133,912400;
2020-12-18;1,308700;10910376;133,600700;
2020-12-21;1,297500;10827616;132,771600;
2020-12-22;1,301400;10828997;133,037300;
2020-12-23;1,307800;10853986;133,338300;
2020-12-24;1,307800;10853986;133,338300;
2020-12-25;1,307800;10853986;133,338300;
2020-12-28;1,312800;10889481;134,017200;
2020-12-29;1,315800;10915354;134,215200;
2020-12-30;1,318400;10934748;134,100600;
2020-12-31;1,320400;10956711;135,003600;
2021-01-01;1,320400;10956711;135,003600;
2021-01-04;1,318700;10936882;133,987900;
2021-01-05;1,320800;11035384;134,770200;
2021-01-06;1,333000;11134648;135,291100;
2021-01-07;1,340500;11200175;137,092400;
2021-01-08;1,356900;11341264;138,413100;
2021-01-11;1,363800;11739312;138,546200;
2021-01-12;1,365100;11749779;138,696400;
2021-01-13;1,366400;11749755;139,069900;
2021-01-14;1,373700;11769937;139,390900;
2021-01-15;1,366300;11734665;138,689300;
2021-01-18;1,367500;11745563;138,845000;
2021-01-19;1,367200;11752883;139,398700;
2021-01-20;1,381700;11884518;141,180500;
2021-01-21;1,385700;11937680;140,910200;
2021-01-22;1,377900;11871249;140,049200;
2021-01-25;1,378300;11872272;140,845400;
2021-01-26;1,380800;11893214;139,999900;
2021-01-27;1,367000;11845915;138,056700;
2021-01-28;1,362500;11809555;138,092800;
2021-01-29;1,343700;11649112;135,431400;
2021-02-01;1,352100;11745883;138,180400;
2021-02-02;1,380400;11993446;140,547600;
2021-02-03;1,386600;12044864;141,158400;
2021-02-04;1,394100;12111022;142,335300;
2021-02-05;1,400600;12144593;142,589000;
2021-02-08;1,404200;12178333;143,360800;
2021-02-09;1,405400;12188251;143,043300;
2021-02-10;1,402600;12168029;142,958500;
2021-02-11;1,409500;12588028;143,305100;
2021-02-12;1,412800;12617101;143,974100;
2021-02-15;1,422200;12692091;144,404800;
2021-02-16;1,422200;12692091;144,404800;
2021-02-17;1,417700;12640906;145,115100;
2021-02-18;1,410700;12556378;143,797100;
2021-02-19;1,412000;12568273;143,395000;
2021-02-22;1,397400;12434457;142,025400;
2021-02-23;1,385500;12353339;141,829000;
2021-02-24;1,389800;12393002;142,493400;
2021-02-25;1,383000;12316645;139,684400;
2021-02-26;1,372100;12226286;138,586300;
2021-03-01;1,386100;12368581;142,354600;
2021-03-02;1,387100;12355619;141,529400;
2021-03-03;1,384200;12336442;140,543600;
2021-03-04;1,371500;12223907;138,993500;
2021-03-05;1,355200;12460047;141,358700;
2021-03-08;1,384800;12732444;141,212100;
2021-03-09;1,390600;12776571;142,773200;
2021-03-10;1,396800;12872151;143,321000;
2021-03-11;1,396800;12872151;143,321000;
2021-03-12;1,403100;12931778;144,594500;
2021-03-15;1,408400;12983710;145,361700;
2021-03-16;1,420200;13091606;145,847400;
2021-03-17;1,413700;13045413;145,764600;
2021-03-18;1,417200;13053799;144,557900;
2021-03-19;1,407800;12988575;144,322100;
2021-03-22;1,409500;13003076;144,629500;
2021-03-23;1,411400;13023940;144,219200;
2021-03-24;1,406000;12953992;143,419500;
2021-03-25;1,401100;12940251;144,272300;
2021-03-26;1,412100;13043632;146,052600;
2021-03-29;1,421000;13126275;146,359800;
2021-03-30;1,427600;13192555;146,753300;
2021-03-31;1,431000;13203210;146,688400;
2021-04-01;1,437800;13263306;148,154900;
2021-04-02;1,437800;13273415;148,277600;
2021-04-05;1,437800;13273415;148,277600;
2021-04-06;1,449500;13382823;148,954200;
2021-04-07;1,442100;13346709;148,283000;
2021-04-08;1,446500;13384153;149,036000;
2021-04-09;1,448800;13409102;149,545700;
2021-04-12;1,448300;13415998;149,071100;
2021-04-13;1,450900;13442669;149,346900;
2021-04-14;1,452900;13911838;148,851800;
2021-04-15;1,455900;13940784;150,108100;
2021-04-16;1,462000;13999083;150,612000;
2021-04-19;1,455100;13917540;149,741800;
2021-04-20;1,440000;13779165;148,189700;
2021-04-21;1,444400;13848766;148,990700;
2021-04-22;1,454100;13923246;148,768200;
2021-04-23;1,451600;13919432;149,572100;
2021-04-26;1,455600;13955158;149,720900;
2021-04-27;1,455100;13948062;149,585400;
2021-04-28;1,454000;13939298;149,538400;
2021-04-29;1,450200;13896325;149,750000;
2021-04-30;1,451500;13913928;149,353800;
2021-05-03;1,452800;13927042;149,194000;
2021-05-04;1,439300;13796257;148,547500;
2021-05-05;1,450300;13911289;149,290100;
2021-05-06;1,446600;14328775;149,601800;
2021-05-07;1,453900;14401568;149,893900;
2021-05-10;1,451100;14373489;148,911500;
2021-05-11;1,427700;14098972;147,222600;
2021-05-12;1,419300;14024475;145,848000;
2021-05-13;1,418200;14015134;146,195900;
2021-05-14;1,425600;14089835;147,676700;
2021-05-17;1,426000;14100611;147,424300;
2021-05-18;1,428100;14120595;146,697100;
2021-05-19;1,410300;13968461;145,910100;
2021-05-20;1,424900;14114552;147,267500;
2021-05-21;1,431700;14181342;147,645000;
2021-05-24;1,432500;14263263;148,223000;
2021-05-25;1,435600;14276141;148,204300;
2021-05-26;1,441300;14333176;148,803900;
2021-05-27;1,445900;14370529;149,091900;
2021-05-28;1,451800;14427425;149,813800;
2021-05-31;1,447800;14391163;149,378300;
2021-06-01;1,454100;14456590;149,658100;
2021-06-02;1,457400;14489716;150,263200;
2021-06-03;1,458900;14429739;150,490700;
2021-06-04;1,461900;14467142;151,174700;
2021-06-07;1,461100;14456142;151,026200;
2021-06-08;1,461400;14468301;151,024500;
2021-06-09;1,462600;14484807;150,755500;
2021-06-10;1,465400;14966427;151,475900;
2021-06-11;1,473000;15044232;152,507800;
2021-06-14;1,474800;15045034;152,671100;
2021-06-15;1,474800;15048145;152,460200;
2021-06-16;1,476200;15065584;152,051600;
2021-06-17;1,486000;15167962;153,637600;
2021-06-18;1,481200;15120555;152,885900;
2021-06-21;1,481800;15154767;153,221100;
2021-06-22;1,487000;15212624;154,127200;
2021-06-23;1,487300;15221697;153,609000;
2021-06-24;1,487300;15221697;153,609000;
2021-06-25;1,500000;15353653;155,057800;
2021-06-28;1,501000;15343642;155,414800;
2021-06-29;1,507400;15385107;155,621000;
2021-06-30;1,509700;15411056;155,876300;
2021-07-01;1,511200;15415207;156,133500;
2021-07-02;1,516200;15468038;157,026100;
2021-07-05;1,519700;15501665;156,936900;
2021-07-06;1,519700;15501665;156,936900;
2021-07-07;1,522200;15530992;157,537200;
2021-07-08;1,505300;15362082;155,247300;
2021-07-09;1,512900;15887544;156,473900;
2021-07-12;1,520600;15968216;157,228100;
2021-07-13;1,530100;16066245;157,635300;
2021-07-14;1,527100;16026944;157,668400;
2021-07-15;1,525200;16022132;157,212800;
2021-07-16;1,519300;15960076;156,384000;
2021-07-19;1,496900;15727097;153,931100;
2021-07-20;1,503200;15815196;155,693200;
2021-07-21;1,514900;15940633;156,703900;
2021-07-22;1,522600;16015345;157,341300;
2021-07-23;1,530900;16078193;158,605000;
2021-07-26;1,527200;16039050;157,790000;
2021-07-27;1,510900;15868187;156,574900;
2021-07-28;1,519200;15956140;157,233500;
2021-07-29;1,523600;15999240;157,495300;
2021-07-30;1,518700;15970120;156,659000;
2021-08-02;1,522200;15971876;156,970200;
2021-08-03;1,521400;15963504;157,931600;
2021-08-04;1,530700;16061716;158,001600;
2021-08-05;1,535000;16106905;158,746800;
2021-08-06;1,540200;16623494;159,472100;
2021-08-09;1,544600;16670557;159,672200;
2021-08-10;1,548800;16693348;160,225400;
2021-08-11;1,549800;16717252;160,370200;
2021-08-12;1,550000;16728375;160,679400;
2021-08-13;1,547400;16706538;160,058300;
2021-08-16;1,541700;16669638;159,836700;
2021-08-17;1,541200;16663699;159,576600;
2021-08-18;1,542100;16673009;158,818700;
2021-08-19;1,526400;16478947;158,049800;
2021-08-20;1,531800;16538743;158,597400;
2021-08-23;1,541300;16644543;159,510100;
2021-08-24;1,550800;16735079;160,256700;
2021-08-25;1,553800;16691379;160,637000;
2021-08-26;1,548600;16634062;159,770400;
2021-08-27;1,551600;16665369;160,474500;
2021-08-30;1,557600;16729440;161,097400;
2021-08-31;1,561200;16768726;161,234000;
2021-09-01;1,562800;16793286;161,087900;
2021-09-02;1,565200;16819702;161,359000;
2021-09-03;1,564500;16814046;161,359700;
2021-09-06;1,572800;16903625;162,024100;
2021-09-07;1,567300;16836827;161,803800;
2021-09-08;1,562000;16784281;161,531900;
2021-09-09;1,561000;17303162;160,762500;
2021-09-10;1,556500;17253292;160,104500;
2021-09-13;1,554000;17216502;160,471600;
2021-09-14;1,552000;17194739;159,812300;
2021-09-15;1,552000;17194739;159,812300;
2021-09-16;1,551400;17215641;160,521800;
2021-09-17;1,549000;17192494;159,808100;
2021-09-20;1,525200;16909029;157,418900;
2021-09-21;1,527900;16935344;157,631800;
2021-09-22;1,535100;17018940;158,601100;
2021-09-23;1,546100;17135949;159,959400;
2021-09-24;1,544800;17119639;160,177900;
2021-09-27;1,547800;17157794;160,053100;
2021-09-28;1,526500;16924108;157,590600;
2021-09-29;1,526400;16918198;158,092700;
2021-09-30;1,528200;16943181;157,516000;
2021-10-01;1,519300;16863869;158,016200;
2021-10-04;1,506700;16723082;156,173900;
2021-10-05;1,519000;16864750;157,604900;
2021-10-06;1,514000;16812063;158,093000;
2021-10-07;1,540900;17648962;159,700500;
2021-10-08;1,539900;17637203;159,465300;
2021-10-11;1,542900;17636491;159,111900;
2021-10-12;1,535200;17537781;158,903800;
2021-10-13;1,533600;17543725;159,313400;
2021-10-14;1,549600;17736257;161,232600;
2021-10-15;1,564500;17907826;162,413100;
2021-10-18;1,566800;17936998;162,652400;
2021-10-19;1,573800;18028032;163,236400;
2021-10-20;1,578700;18091446;163,820200;
2021-10-21;1,576500;18062685;163,892200;
2021-10-22;1,581000;18115930;163,838600;
2021-10-25;1,588400;18180940;164,765400;
2021-10-26;1,597500;18278965;165,337700;
2021-10-27;1,593200;18235289;164,401000;
2021-10-28;1,587000;18166165;164,345300;
2021-10-29;1,598300;18270512;165,375400;
2021-11-01;1,598300;18270512;165,375400;
2021-11-02;1,598300;18270512;165,375400;
2021-11-03;1,607100;18372685;166,815400;
2021-11-04;1,619800;18516830;168,042600;
2021-11-05;1,627100;18615834;168,177200;
2021-11-08;1,625000;18591819;168,018800;
2021-11-09;1,621900;18557861;167,746500;
2021-11-10;1,625200;18603976;167,582400;
2021-11-11;1,628400;19174568;168,421600;
2021-11-12;1,636900;19274029;169,856300;
2021-11-15;1,643300;19323363;170,355600;
2021-11-16;1,655600;19479192;171,708100;
2021-11-17;1,657700;19518694;171,796800;
2021-11-18;1,650800;19443545;171,193100;
2021-11-19;1,655000;19495394;171,284800;
2021-11-22;1,661300;19591018;171,379900;
2021-11-23;1,645000;19408389;170,791100;
2021-11-24;1,651800;19483801;171,804400;
2021-11-25;1,655300;19526211;171,834500;
2021-11-26;1,614000;19055707;166,530100;
2021-11-29;1,616200;19099386;168,188300;
2021-11-30;1,606700;18967056;165,856700;
2021-12-01;1,616700;19080166;164,414900;
2021-12-02;1,596000;18860331;165,901500;
2021-12-03;1,594800;18825241;165,115000;
2021-12-06;1,601700;18909261;166,421700;
2021-12-07;1,634500;19297571;170,177900;
2021-12-08;1,636400;19329554;169,562800;
2021-12-09;1,638300;19896917;169,345800;
2021-12-10;1,629900;19794343;169,585000;
2021-12-13;1,625900;19780567;168,693500;
2021-12-14;1,612700;19637086;167,497200;
2021-12-15;1,608800;19619565;169,316100;
2021-12-16;1,627600;19872505;168,357700;
2021-12-17;1,616600;19721097;167,465600;
2021-12-20;1,587900;19367466;164,984600;
2021-12-21;1,603500;19554111;167,948800;
2021-12-22;1,620300;19767384;168,576700;
2021-12-23;1,634500;19946374;169,985700;
2021-12-24;1,634500;19946374;169,985700;
2021-12-27;1,643600;20055996;171,273600;
2021-12-28;1,651000;20120508;171,788500;
2021-12-29;1,646500;20089637;171,030700;
2021-12-30;1,650200;20119960;171,128900;
2021-12-31;1,649900;20111102;170,484400;
2022-01-03;1,651900;20148485;172,127100;
2022-01-04;1,657700;20256690;172,197500;
2022-01-05;1,650000;20181991;169,564500;
2022-01-06;1,625800;19888078;169,230800;
2022-01-07;1,619100;19809886;168,353600;
2022-01-10;1,603600;20181124;168,389200;
2022-01-11;1,618000;20362280;169,501700;
2022-01-12;1,628500;20457542;169,742800;
2022-01-13;1,623500;20394782;167,691600;
2022-01-14;1,604200;20166486;167,565500;
2022-01-17;1,611600;20262498;168,076000;
2022-01-18;1,599200;20105118;166,390200;
2022-01-19;1,590600;20000111;165,191600;
2022-01-20;1,599100;20103896;164,743500;
2022-01-21;1,571500;19752432;161,997400;
2022-01-24;1,522900;19141991;161,237600;
2022-01-25;1,531300;19253923;160,155200;
2022-01-26;1,545200;19431520;160,242800;
2022-01-27;1,548400;19474278;160,638800;
2022-01-28;1,535800;19313407;162,668300;
2022-01-31;1,562800;19655803;164,768700;
2022-02-01;1,577700;19854576;165,553300;
2022-02-02;1,579800;19865921;166,065000;
2022-02-03;1,561300;19623816;161,567200;
2022-02-04;1,539800;19360804;161,820600;
2022-02-07;1,545700;19437424;161,659300;
2022-02-08;1,550700;19495506;162,800900;
2022-02-09;1,570900;19753802;165,194500;
2022-02-10;1,571200;20348924;163,243200;
2022-02-11;1,558200;20180998;161,784500;
2022-02-14;1,543100;19935319;161,504300;
2022-02-15;1,555600;20103343;162,911400;
2022-02-16;1,555600;20103343;162,911400;
2022-02-17;1,549700;20050971;161,052600;
2022-02-18;1,529800;19789920;160,090500;
2022-02-21;1,517100;19627969;159,586600;
2022-02-22;1,514400;19578381;158,185500;
2022-02-23;1,505000;19443878;156,524600;
2022-02-24;1,480900;19104787;158,317700;
2022-02-25;1,518600;19591715;160,179700;
2022-02-28;1,527200;19706094;160,277900;
2022-03-01;1,520500;19622825;159,409700;
2022-03-02;1,528500;19769642;161,878500;
2022-03-03;1,527600;19797791;160,950700;
2022-03-04;1,514300;19624072;160,315900;
2022-03-07;1,503300;19462130;156,468500;
2022-03-08;1,472100;19059874;155,240800;
2022-03-09;1,485600;19245229;157,008900;
2022-03-10;1,480300;19800893;157,092900;
2022-03-11;1,480300;19800893;157,092900;
2022-03-14;1,471300;19681463;154,725700;
2022-03-15;1,477400;19739873;156,344800;
2022-03-16;1,508800;20150617;160,473500;
2022-03-17;1,520000;20329432;161,607100;
2022-03-18;1,541000;20612224;163,979300;
2022-03-21;1,551600;20748957;163,704500;
2022-03-22;1,566200;20950564;165,822200;
2022-03-23;1,567500;20964476;164,893500;
2022-03-24;1,564200;20928994;166,119100;
2022-03-25;1,571400;21032164;166,574200;
2022-03-28;1,575900;21091935;167,483600;
2022-03-29;1,587600;21244207;168,088600;
2022-03-30;1,584200;21195871;166,703000;
2022-03-31;1,578800;21123251;165,044600;
2022-04-01;1,572600;21044915;166,543400;
2022-04-04;1,592200;21313651;168,618000;
2022-04-05;1,598100;21394810;167,833100;
2022-04-06;1,572600;21065991;165,987400;
2022-04-07;1,565800;21624110;165,960000;
2022-04-08;1,577000;21779532;166,414000;
2022-04-11;1,558200;21498643;163,813400;
2022-04-12;1,558600;21533428;163,468600;
2022-04-13;1,554700;21498711;165,270700;
2022-04-14;1,562300;21601727;165,040200;
2022-04-15;1,562300;21597729;164,917400;
2022-04-18;1,562300;21597729;164,917400;
2022-04-19;1,561200;21678373;165,758900;
2022-04-20;1,563900;21735743;165,057400;
2022-04-21;1,559800;21582665;163,571800;
2022-04-22;1,533300;21215546;160,653900;
2022-04-25;1,509800;20927800;161,103000;
2022-04-26;1,508700;20878655;158,640800;
2022-04-27;1,515400;20966455;160,343400;
2022-04-28;1,524400;21090393;163,270700;
2022-04-29;1,536200;21249040;159,779200;
2022-05-02;1,508700;20869886;160,232800;
2022-05-03;1,521200;21046706;160,591200;
2022-05-04;1,507900;20879635;163,100600;
2022-05-05;1,514400;20958289;159,155200;
2022-05-06;1,485800;20564905;156,805000;
2022-05-09;1,456700;20163267;152,802400;
2022-05-10;1,443500;19980414;152,835200;
2022-05-11;1,449900;20070008;151,484700;
2022-05-12;1,437500;20715986;152,480700;
2022-05-13;1,465100;21114020;156,199900;
2022-05-16;1,465200;21128598;155,661400;
2022-05-17;1,471800;21221332;156,779300;
2022-05-18;1,458500;21035133;152,958700;
2022-05-19;1,431500;20677177;150,929400;
2022-05-20;1,426800;20609782;151,965600;
2022-05-23;1,438600;20783028;152,701800;
2022-05-24;1,413400;20416285;150,470200;
2022-05-25;1,427300;20616534;152,129200;
2022-05-26;1,443800;20852924;153,866000;
2022-05-27;1,469700;21226625;157,273100;
2022-05-30;1,479400;21366364;157,228800;
2022-05-31;1,472000;21266756;157,271700;
2022-06-01;1,476300;21329297;156,615400;
2022-06-02;1,478500;21370894;158,047300;
2022-06-03;1,476200;21324738;156,079300;
2022-06-06;1,486600;21470010;156,810700;
2022-06-07;1,478400;21360435;157,485200;
2022-06-08;1,483600;21437368;156,261000;
2022-06-09;1,471400;21983083;154,315700;
2022-06-10;1,437500;21475812;151,709400;
2022-06-13;1,405200;20976322;147,761700;
2022-06-14;1,391900;20806098;147,018400;
2022-06-15;1,399900;20942388;148,821700;
2022-06-16;1,370300;20500276;144,192900;
2022-06-17;1,365700;20437249;144,742300;
2022-06-20;1,370200;20509218;144,055100;
2022-06-21;1,382600;20702273;146,300800;
2022-06-22;1,382700;20709699;145,405200;
2022-06-23;1,383700;20726370;147,215900;
2022-06-24;1,383700;20726370;147,215900;
2022-06-27;1,421900;21303199;150,432500;
2022-06-28;1,419400;21269808;149,391600;
2022-06-29;1,409400;21126725;149,333300;
2022-06-30;1,398100;20951123;148,050300;
2022-07-01;1,401700;21007821;149,496400;
2022-07-04;1,404500;21042657;149,404300;
2022-07-05;1,410200;21123869;151,710800;
2022-07-06;1,410200;21123869;151,710800;
2022-07-07;1,455200;21793920;155,395800;
2022-07-08;1,465000;21944546;155,531800;
2022-07-11;1,458300;22542865;154,910900;
2022-07-12;1,457400;22529483;154,236400;
2022-07-13;1,441200;22278170;152,905100;
2022-07-14;1,431200;22096041;153,362300;
2022-07-15;1,448500;22381646;154,613200;
2022-07-18;1,456100;22471128;153,063700;
2022-07-19;1,454100;22442737;155,422600;
2022-07-20;1,473200;22731490;156,916900;
2022-07-21;1,479600;22833977;158,478500;
2022-07-22;1,481900;22870631;157,192100;
2022-07-25;1,478300;22837155;157,157700;
2022-07-26;1,476800;22819385;157,032600;
2022-07-27;1,486900;23009780;159,959000;
2022-07-28;1,507400;23321370;161,369100;
2022-07-29;1,516700;23468297;162,427300;
2022-08-01;1,519400;23479572;161,493800;
2022-08-02;1,518500;23464315;161,324200;
2022-08-03;1,529500;23635472;164,064000;
2022-08-04;1,530600;23648178;163,491500;
2022-08-05;1,528800;23628919;163,769100;
2022-08-08;1,536900;23753757;163,240800;
2022-08-09;1,522300;24214150;162,229900;
2022-08-10;1,528700;24316854;163,280500;
2022-08-11;1,539600;24458896;163,555700;
2022-08-12;1,550600;24641574;166,927800;
2022-08-15;1,550600;24641574;166,927800;
2022-08-16;1,574500;25034180;168,516300;
2022-08-17;1,565800;24894659;167,613400;
2022-08-18;1,572200;24993085;168,132400;
2022-08-19;1,565400;24891007;167,281000;
2022-08-22;1,558100;24761122;165,500100;
2022-08-23;1,546000;24452689;164,601500;
2022-08-24;1,548800;24512612;164,681600;
2022-08-25;1,554900;24612161;166,940100;
2022-08-26;1,541000;24388270;162,391900;
2022-08-29;1,514700;24008336;161,150600;
2022-08-30;1,498400;23748611;160,008200;
2022-08-31;1,488400;23587330;158,091900;
2022-09-01;1,479100;23423957;158,821700;
2022-09-02;1,492000;23624082;156,996200;
2022-09-05;1,484800;23511499;158,080100;
2022-09-06;1,480800;23451777;157,678100;
2022-09-07;1,477900;23409356;158,484600;
2022-09-08;1,493800;24480825;159,573200;
2022-09-09;1,504900;24662385;160,905700;
2022-09-12;1,513300;24774740;161,560800;
2022-09-13;1,494500;24454000;158,089700;
2022-09-14;1,479900;24250198;157,849300;
2022-09-15;1,472900;24142212;156,539800;
2022-09-16;1,450600;23787095;154,575800;
2022-09-19;1,449800;23774001;155,345100;
2022-09-20;1,449700;23780326;154,299800;
2022-09-21;1,460300;23953530;153,808500;
2022-09-22;1,436900;23567996;153,084800;
2022-09-23;1,424400;23372340;151,948900;
2022-09-26;1,427000;23417501;150,960400;
2022-09-27;1,422800;23351832;151,196600;
2022-09-28;1,426300;23404251;152,582800;
2022-09-29;1,401100;22993671;148,479600;
2022-09-30;1,402100;23007594;146,887600;
2022-10-03;1,398300;22953490;149,202200;
2022-10-04;1,424300;23381029;151,792600;
2022-10-05;1,427500;23431244;152,935000;
2022-10-06;1,436700;23597837;151,930400;
2022-10-07;1,413800;23215664;149,115200;
2022-10-10;1,402800;23034604;148,918400;
2022-10-11;1,394900;22903784;147,356100;
2022-10-12;1,389600;22820278;147,055100;
2022-10-13;1,390100;23654789;148,911900;
2022-10-14;1,394800;23735486;146,740900;
2022-10-17;1,401300;23826226;148,905600;
2022-10-18;1,407000;23933237;150,023000;
2022-10-19;1,409900;23994138;149,490100;
2022-10-20;1,409200;23990867;148,106400;
2022-10-21;1,402600;23714159;150,549700;
2022-10-24;1,413700;23900606;150,486700;
2022-10-25;1,425400;24082834;151,885500;
2022-10-26;1,430500;24169543;150,472200;
2022-10-27;1,426700;24110558;150,671700;
2022-10-28;1,433500;24316232;153,122900;
2022-10-31;1,445000;24515890;153,424000;
2022-11-01;1,445000;24515890;153,424000;
2022-11-02;1,445000;24515890;153,424000;
2022-11-03;1,430400;24167513;150,977500;
2022-11-04;1,423000;24043911;151,484700;
2022-11-07;1,429800;24170921;151,559200;
2022-11-08;1,441300;24365555;151,755600;
2022-11-09;1,429500;24171054;150,119700;
2022-11-10;1,454700;25419300;154,513000;
2022-11-11;1,455700;25437652;155,152300;
2022-11-14;1,461600;25517770;154,127900;
2022-11-15;1,466700;25612184;155,216800;
2022-11-16;1,451700;25349158;153,530400;
2022-11-17;1,445300;25299050;153,644200;
2022-11-18;1,452200;25411888;154,086100;
2022-11-21;1,458300;25518175;154,728500;
2022-11-22;1,464000;25649706;155,758100;
2022-11-23;1,469300;25745008;155,708400;
2022-11-24;1,471300;25792535;155,894400;
2022-11-25;1,468700;25755806;155,706800;
2022-11-28;1,461700;25642593;153,935100;
2022-11-29;1,455700;25542895;154,593500;
2022-11-30;1,465800;25754984;158,903700;
2022-12-01;1,481900;26046379;157,270800;
2022-12-02;1,475200;25936364;156,956100;
2022-12-05;1,465300;25746059;154,536100;
2022-12-06;1,450400;25484332;153,036000;
2022-12-07;1,442600;25356026;152,388600;
2022-12-08;1,444400;26215108;152,825500;
2022-12-09;1,450600;26327589;152,724800;
2022-12-12;1,442600;26202796;153,727100;
2022-12-13;1,457900;26482571;153,706600;
2022-12-14;1,454800;26370936;153,217600;
2022-12-15;1,420500;25777880;149,424600;
2022-12-16;1,407800;25581479;148,302600;
2022-12-19;1,401200;25467601;147,724300;
2022-12-20;1,396700;25382647;147,068100;
2022-12-21;1,412500;25668485;149,096200;
2022-12-22;1,402600;25490419;147,960400;
2022-12-23;1,401300;25463030;147,977100;
2022-12-26;1,401300;25463030;147,977100;
2022-12-27;1,401800;25504930;147,252600;
2022-12-28;1,395000;25354153;146,454600;
2022-12-29;1,402500;25517504;147,682900;
2022-12-30;1,395900;25410824;147,077400;
2023-01-02;1,413800;25737930;147,310600;
2023-01-03;1,407900;25630803;148,878500;
2023-01-04;1,421500;25871925;149,682000;
2023-01-05;1,417500;25797916;149,440500;
2023-01-06;1,426200;25962870;151,117500;
2023-01-09;1,435500;26115007;150,388600;
2023-01-10;1,425200;25928182;150,993600;
2023-01-11;1,434700;26118151;152,227200;
2023-01-12;1,440800;27065873;152,419600;
2023-01-13;1,445400;27152755;153,137900;
2023-01-16;1,449000;27175034;153,233600;
2023-01-17;1,453800;27277118;153,571200;
2023-01-18;1,447100;27178082;152,144700;
2023-01-19;1,432000;26900000;151,205400;
2023-01-20;1,437600;27026059;152,754000;
2023-01-23;1,456600;27398509;153,845500;
2023-01-24;1,454500;27353642;153,740800;
2023-01-25;1,446300;27222975;153,458400;
2023-01-26;1,458700;27460218;155,266300;
2023-01-27;1,468700;27636162;155,965500;
2023-01-30;1,463300;27503842;154,154500;
2023-01-31;1,458700;27437097;155,327200;
2023-02-01;1,461100;27480697;156,016900;
2023-02-02;1,484700;27911736;157,949700;
2023-02-03;1,491500;28009422;157,687100;
2023-02-06;1,484800;27905827;157,662100;
2023-02-07;1,487000;27945664;159,538200;
2023-02-08;1,487600;27968431;158,255400;
2023-02-09;1,488200;28842725;157,252800;
2023-02-10;1,481000;28704574;157,754900;
2023-02-13;1,487700;28800972;158,497500;
2023-02-14;1,484800;28738729;158,667200;
2023-02-15;1,492500;28864347;159,359600;
2023-02-16;1,492500;28864347;159,359600;
2023-02-17;1,478200;28602230;157,763700;
2023-02-20;1,481900;28722515;157,685500;
2023-02-21;1,469000;28452599;155,356900;
2023-02-22;1,464300;28372097;155,488000;
2023-02-23;1,465600;28398286;156,395100;
2023-02-24;1,458300;28261054;155,335000;
2023-02-27;1,462800;28341967;155,189700;
2023-02-28;1,457900;28241203;154,791900;
2023-03-01;1,449300;28106679;153,727000;
2023-03-02;1,454000;28202173;155,114800;
2023-03-03;1,472000;28560067;157,384200;
2023-03-06;1,477700;28642170;156,667200;
2023-03-07;1,470400;28502255;155,959700;
2023-03-08;1,467300;28450995;156,323100;
2023-03-09;1,465000;29352307;154,208000;
2023-03-10;1,439900;28849177;150,611900;
2023-03-13;1,412600;28280026;149,459200;
2023-03-14;1,422700;28501440;150,867300;
2023-03-15;1,416800;28388273;152,004600;
2023-03-16;1,431300;28676004;152,783700;
2023-03-17;1,422600;28510831;151,576600;
2023-03-20;1,421800;28494050;151,380400;
2023-03-21;1,429400;28649827;152,520700;
2023-03-22;1,435200;28772091;151,168100;
2023-03-23;1,427900;28624787;150,779500;
2023-03-24;1,425700;28579552;152,201300;
2023-03-27;1,433000;28737945;152,197700;
2023-03-28;1,429800;28677127;151,604900;
2023-03-29;1,439500;28872994;153,505400;
2023-03-30;1,447600;29042677;153,579700;
2023-03-31;1,459300;29279544;155,950700;
2023-04-03;1,461300;29312708;155,975100;
2023-04-04;1,454500;29187377;154,527000;
2023-04-05;1,450500;29122474;154,642100;
2023-04-06;1,452300;30105449;154,789500;
2023-04-07;1,452200;30104999;154,857100;
2023-04-10;1,452200;30104999;154,857100;
2023-04-11;1,460200;30235031;155,404200;
2023-04-12;1,454100;30119912;154,327000;
2023-04-13;1,452600;30131494;155,123100;
2023-04-14;1,460400;30268293;155,577300;
2023-04-17;1,466900;30415298;157,019800;
2023-04-18;1,470200;30485948;156,706000;
2023-04-19;1,466400;30404212;156,445800;
2023-04-20;1,462800;30331457;155,682300;
2023-04-21;1,458900;30268483;155,656000;
2023-04-24;1,453600;30168489;154,977300;
2023-04-25;1,448500;30025025;153,700700;
2023-04-26;1,437100;29824331;152,469600;
2023-04-27;1,443600;29954702;154,808900;
2023-04-28;1,455300;30197591;155,489700;
2023-05-01;1,455300;30197591;155,489700;
2023-05-02;1,446000;29996002;154,913900;
2023-05-03;1,446000;29961281;153,546300;
2023-05-04;1,439500;29849127;153,608200;
2023-05-05;1,453800;30140008;155,693200;
2023-05-08;1,459800;30225302;156,026000;
2023-05-09;1,462300;30273886;156,100700;
2023-05-10;1,461000;30254041;156,281700;
2023-05-11;1,464200;31503061;156,787800;
2023-05-12;1,468000;31585746;157,231400;
2023-05-15;1,474100;31663825;157,790300;
2023-05-16;1,473000;31653250;157,073000;
2023-05-17;1,475500;31666276;158,603700;
2023-05-18;1,490300;31977080;160,435400;
2023-05-19;1,491000;31976439;160,275100;
2023-05-22;1,498400;32135300;160,416300;
2023-05-23;1,494800;32046840;159,119800;
2023-05-24;1,475300;31662175;157,798600;
2023-05-25;1,480000;31765568;158,764500;
2023-05-26;1,498300;32163322;160,902200;
2023-05-29;1,500300;32200047;160,961900;
2023-05-30;1,496700;32091252;160,553400;
2023-05-31;1,488500;31913333;160,148000;
2023-06-01;1,496100;32105267;160,771700;
2023-06-02;1,518700;32584106;163,266400;
2023-06-05;1,523500;32661603;163,404000;
2023-06-06;1,528600;32758818;164,163900;
2023-06-07;1,526900;32727551;163,283800;
2023-06-08;1,519700;33673220;163,137200;
2023-06-09;1,525900;33811025;163,709900;
2023-06-12;1,529800;33839619;165,047000;
2023-06-13;1,542300;34142497;165,655800;
2023-06-14;1,543400;34184789;165,463000;
2023-06-15;1,539100;34094903;166,082700;
2023-06-16;1,544100;34219129;165,737600;
2023-06-19;1,537200;34063255;165,264900;
2023-06-20;1,529400;33877524;164,789100;
2023-06-21;1,521000;33691459;163,114800;
2023-06-22;1,516000;33576138;163,235900;
2023-06-23;1,513100;33512415;162,846400;
2023-06-26;1,510700;33456556;161,925400;
2023-06-27;1,510200;33436460;162,809400;
2023-06-28;1,520100;33658102;163,722700;
2023-06-29;1,525000;33758096;164,243000;
2023-06-30;1,535900;33998262;165,633500;
2023-07-03;1,542500;34127455;166,189500;
2023-07-04;1,545000;34185042;166,324000;
2023-07-05;1,542500;34147632;166,078700;
2023-07-06;1,542500;34147632;166,078700;
2023-07-07;1,519700;33641047;162,864200;
2023-07-10;1,514400;34525806;162,833400;
2023-07-11;1,520000;34652625;163,905100;
2023-07-12;1,528700;34815971;163,872800;
2023-07-13;1,530800;34864340;164,738000;
2023-07-14;1,530900;34887509;164,229700;
2023-07-17;1,528800;34869497;164,658200;
2023-07-18;1,534900;34975348;165,567000;
2023-07-19;1,545000;35221377;166,410100;
2023-07-20;1,544500;35197075;165,919300;
2023-07-21;1,546400;35240509;166,226200;
2023-07-24;1,553200;35390843;167,085600;
2023-07-25;1,562700;35584364;168,342500;
2023-07-26;1,558700;35482473;167,953700;
2023-07-27;1,574900;35836600;168,689000;
2023-07-28;1,575600;35864483;169,368500;
2023-07-31;1,576100;35879694;169,857200;
2023-08-01;1,573900;35750891;169,734300;
2023-08-02;1,558000;35390577;167,679900;
2023-08-03;1,551400;35252054;167,025300;
2023-08-04;1,549200;35202591;165,571400;
2023-08-07;1,545100;35110573;166,714700;
2023-08-08;1,539700;36012572;166,531900;
2023-08-09;1,539100;35999437;165,349600;
2023-08-10;1,544900;36175241;165,302000;
2023-08-11;1,533900;35951416;165,127300;
2023-08-14;1,540000;36101806;166,246300;
2023-08-15;1,540000;36101806;166,246300;
2023-08-16;1,530400;35808724;163,598200;
2023-08-17;1,520500;35566048;162,547400;
2023-08-18;1,509500;35362559;162,331400;
2023-08-21;1,508900;35362098;162,781900;
2023-08-22;1,520700;35636002;163,410300;
2023-08-23;1,530500;35868480;165,070400;
2023-08-24;1,529200;35737092;163,778700;
2023-08-25;1,528600;35774587;164,852100;
2023-08-28;1,539200;36020538;165,642700;
2023-08-29;1,550400;36273529;167,568100;
2023-08-30;1,549900;36289912;166,896700;
2023-08-31;1,555600;36420973;167,687800;
2023-09-01;1,562900;36527850;168,657000;
2023-09-04;1,563700;36621421;169,198400;
2023-09-05;1,567600;36712421;169,409100;
2023-09-06;1,558200;36508900;168,432900;
2023-09-07;1,554100;37458928;167,859000;
2023-09-08;1,555600;37495915;167,778700;
2023-09-11;1,556800;37525302;168,491100;
2023-09-12;1,558200;37561038;168,215000;
2023-09-13;1,556900;37522969;167,853800;
2023-09-14;1,571800;37885501;170,435900;
2023-09-15;1,567900;37799658;169,304500;
2023-09-18;1,560500;37630812;168,707500;
2023-09-19;1,554300;37460618;168,232600;
2023-09-20;1,558300;37555935;166,923000;
2023-09-21;1,537700;37057433;165,013800;
2023-09-22;1,537200;37041197;164,920100;
2023-09-25;1,535800;37000313;166,051700;
2023-09-26;1,526500;36781555;163,967600;
2023-09-27;1,527600;36862824;164,885400;
2023-09-28;1,529500;36902049;164,914800;
2023-09-29;1,532100;36874970;164,635400;
2023-10-02;1,531300;36910112;165,436500;
2023-10-03;1,517300;36545628;163,437000;
2023-10-04;1,511200;36410376;163,725500;
2023-10-05;1,512100;37475088;163,618800;
2023-10-06;1,520400;37678677;165,175600;
2023-10-09;1,525500;37789510;165,571100;
2023-10-10;1,542600;38229276;166,384200;
2023-10-11;1,540600;38200731;166,865100;
2023-10-12;1,548900;38335601;167,306300;
2023-10-13;1,541600;38146735;166,615400;
2023-10-16;1,545300;38362453;166,973100;
2023-10-17;1,543100;38328834;166,748300;
2023-10-18;1,533600;38045254;165,114000;
2023-10-19;1,518200;37632869;163,021100;
2023-10-20;1,495300;37057169;160,912000;
2023-10-23;1,489000;36947229;160,023900;
2023-10-24;1,495900;37108099;161,318900;
2023-10-25;1,490800;36929098;159,835100;
2023-10-26;1,482500;36746525;158,637900;
2023-10-27;1,473200;36528860;157,967900;
2023-10-30;1,472600;36503409;158,742400;
2023-10-31;1,482400;36742688;159,916400;
2023-11-01;1,482400;36742688;159,916400;
2023-11-02;1,482400;36742688;159,916400;
2023-11-03;1,526000;37839162;164,135400;
2023-11-06;1,524800;37809376;164,703300;
2023-11-07;1,532500;37987127;165,483900;
2023-11-08;1,528600;37897385;165,263500;
2023-11-09;1,532400;39024009;164,610700;
2023-11-10;1,528700;38929870;166,324800;
2023-11-13;1,537800;39127381;166,245300;
2023-11-14;1,546900;39367815;167,188000;
2023-11-15;1,554600;39591970;167,851700;
2023-11-16;1,546600;39361832;167,656900;
2023-11-17;1,550500;39448329;167,967600;
2023-11-20;1,552800;39499574;168,408300;
2023-11-21;1,553000;39500256;168,264800;
2023-11-22;1,562200;39732048;169,452700;
2023-11-23;1,561600;39723384;169,077500;
2023-11-24;1,559400;39662387;168,765800;
2023-11-27;1,556600;39604856;168,515300;
2023-11-28;1,554600;39540604;168,136500;
2023-11-29;1,556400;39590756;168,340000;
2023-11-30;1,562500;39733247;169,834200;
2023-12-01;1,575800;40069197;171,766600;
2023-12-04;1,576900;40088555;171,306900;
2023-12-05;1,581000;40189749;171,277700;
2023-12-06;1,585000;40301638;171,466900;
2023-12-07;1,585400;41361839;172,412800;
2023-12-08;1,593100;41565160;173,253200;
2023-12-11;1,598400;41667160;174,047400;
2023-12-12;1,597900;41656726;174,181100;
2023-12-13;1,600100;41766503;175,561800;
2023-12-14;1,605000;41838059;174,225800;
2023-12-15;1,613100;42118065;175,554600;
2023-12-18;1,610400;42045750;175,728600;
2023-12-19;1,613500;42113750;175,719300;
2023-12-20;1,616100;42151018;174,393900;
2023-12-21;1,607600;41952948;175,334000;
2023-12-22;1,610800;42036839;175,186800;
2023-12-25;1,610800;42036839;175,186800;
2023-12-26;1,610800;42036839;175,186800;
2023-12-27;1,607900;41952120;175,231500;
2023-12-28;1,616200;42167784;175,634900;
2023-12-29;1,619300;42233967;176,093100;
2024-01-01;1,619300;42233967;176,093100;
2024-01-02;1,618900;42219343;176,250200;
2024-01-03;1,611700;42021189;175,006100;
2024-01-04;1,608600;41977444;174,178900;
2024-01-05;1,605400;41882000;174,123400;
2024-01-08;1,607200;41938171;175,936200;
2024-01-09;1,615700;42140239;176,452000;
2024-01-10;1,614700;42117898;176,421000;
2024-01-11;1,610700;43059380;176,725900;
2024-01-12;1,620000;43304974;176,935000;
2024-01-15;1,620300;43289073;177,000100;
2024-01-16;1,620600;43326157;177,070300;
2024-01-17;1,608100;42983886;175,828600;
2024-01-18;1,613700;43149219;177,098100;
2024-01-19;1,619000;43275367;178,529400;
2024-01-22;1,633000;43642873;179,111200;
2024-01-23;1,636100;43693017;180,132200;
2024-01-24;1,645000;43870575;179,895200;
2024-01-25;1,650400;44010964;181,548800;
2024-01-26;1,650400;44010964;181,548800;
2024-01-29;1,656600;44190188;183,318600;
2024-01-30;1,658300;44212434;182,450300;
2024-01-31;1,651600;44025509;180,306500;
2024-02-01;1,645500;44066212;182,077200;
2024-02-02;1,665100;44593047;183,818800;
2024-02-05;1,668500;44528527;184,343900;
2024-02-06;1,677200;44699310;184,893100;
2024-02-07;1,682000;44850490;185,839400;
2024-02-08;1,682300;45945137;185,726600;
2024-02-09;1,684100;45995960;186,222900;
2024-02-12;1,698600;46356358;186,453100;
2024-02-13;1,683300;45879162;185,249900;
2024-02-14;1,686600;46067340;186,644400;
2024-02-15;1,694400;46254233;187,282100;
2024-02-16;1,694400;46254233;187,282100;
2024-02-19;1,696900;46300803;187,160900;
2024-02-20;1,684600;45960528;185,547500;
2024-02-21;1,681900;45909040;185,692700;
2024-02-22;1,703200;46534836;188,940400;
2024-02-23;1,709500;46591446;188,932200;
2024-02-26;1,704000;46451409;187,963900;
2024-02-27;1,702100;46360158;188,433300;
2024-02-28;1,700900;46391749;188,036000;
2024-02-29;1,704800;46462333;189,113300;
2024-03-01;1,716000;46758159;190,375100;
2024-03-04;1,716300;46769322;189,907100;
2024-03-05;1,706300;46494674;188,260500;
2024-03-06;1,710700;46634708;188,771800;
2024-03-07;1,716400;47883281;190,264400;
2024-03-08;1,717400;47913623;189,265500;
2024-03-11;1,717400;47913623;189,265500;
2024-03-12;1,721300;47924562;191,133100;
2024-03-13;1,721000;47880775;190,483100;
2024-03-14;1,721100;47933345;190,785600;
2024-03-15;1,712200;47603136;189,472800;
2024-03-18;1,721700;47854366;190,506800;
2024-03-19;1,723600;47897058;191,373700;
2024-03-20;1,727600;48145638;192,712000;
2024-03-21;1,748700;48682731;193,947600;
2024-03-22;1,748500;48594534;194,278200;
2024-03-25;1,743600;48513373;193,360800;
2024-03-26;1,745600;48492271;193,329200;
2024-03-27;1,745900;48616819;194,509100;
2024-03-28;1,756500;48915227;194,946000;
2024-03-29;1,756500;48911384;195,045900;
2024-04-01;1,756500;48911384;195,045900;
2024-04-02;1,746600;48643488;193,934500;
2024-04-03;1,746000;48626784;193,189700;
2024-04-04;1,747700;48561071;191,256300;
2024-04-05;1,734900;48334630;192,950600;
2024-04-08;1,740400;48425740;192,711800;
2024-04-09;1,734800;48280483;192,955700;
2024-04-10;1,738800;48398999;193,139000;
2024-04-11;1,741500;49579126;194,634900;
2024-04-12;1,746000;49685075;193,689000;
2024-04-15;1,741100;49416355;191,757000;
2024-04-16;1,716100;48844926;190,245800;
2024-04-17;1,706500;48485601;189,256900;
2024-04-18;1,709700;48572382;188,944100;
2024-04-19;1,696500;48197231;186,902300;
2024-04-22;1,698000;48321089;188,874800;
2024-04-23;1,714800;48814264;190,300000;
2024-04-24;1,717400;48759514;190,759300;
2024-04-25;1,702100;48417841;189,283000;
2024-04-26;1,726500;49141037;191,749500;
2024-04-29;1,730100;49225443;191,922000;
2024-04-30;1,726200;49059654;190,071000;
2024-05-01;1,726200;49059654;190,071000;
2024-05-02;1,718500;48876644;191,179500;
2024-05-03;1,731400;49247543;192,091700;
2024-05-06;1,741100;49525486;193,553200;
2024-05-07;1,750200;49761323;194,137500;
2024-05-08;1,750100;49763415;194,260400;
2024-05-09;1,752700;51145442;194,526100;
2024-05-10;1,757600;51256167;195,360000;
2024-05-13;1,759400;51234532;194,915700;
2024-05-14;1,759200;51251340;195,355800;
2024-05-15;1,770800;51645621;196,866100;
2024-05-16;1,777900;51785132;196,710300;
2024-05-17;1,773700;51652541;196,755600;
2024-05-20;1,780500;51857267;197,275400;
2024-05-21;1,776200;51703373;197,365600;
2024-05-22;1,778700;51794225;197,197800;
2024-05-23;1,778500;51740686;196,384800;
2024-05-24;1,771300;51638190;196,716500;
2024-05-27;1,775900;51797281;196,931500;
2024-05-28;1,769600;51591581;196,459700;
2024-05-29;1,761900;51360751;195,569800;
2024-05-30;1,755100;51096113;194,200600;
2024-05-31;1,743800;50835971;194,897700;
2024-06-03;1,756600;51230132;195,559200;
2024-06-04;1,751600;51084882;195,113100;
2024-06-05;1,770900;51625333;197,217800;
2024-06-06;1,777200;51799748;197,501100;
2024-06-07;1,785100;51997697;198,183500;
2024-06-10;1,791700;52228593;199,765600;
2024-06-11;1,789800;52168103;199,840400;
2024-06-12;1,800600;52496371;199,680500;
2024-06-13;1,800200;53936022;200,688300;
2024-06-14;1,805500;54093880;201,701900;
2024-06-17;1,806600;54072071;202,009600;
2024-06-18;1,817000;54371763;202,481800;
2024-06-19;1,819100;54459680;202,626200;
2024-06-20;1,824600;54549642;202,851900;
2024-06-21;1,819000;54363520;202,834200;
2024-06-24;1,819000;54363520;202,834200;
2024-06-25;1,817300;54402797;203,083300;
2024-06-26;1,819500;54486004;203,508500;
2024-06-27;1,819600;54533029;202,995100;
2024-06-28;1,825500;54645270;202,493500;
2024-07-01;1,816400;54409421;202,773600;
2024-07-02;1,819000;54508433;203,286000;
2024-07-03;1,824200;54661155;203,669600;
2024-07-04;1,828000;54764068;204,200000;
2024-07-05;1,829300;54841124;204,612800;
2024-07-08;1,833200;54942324;204,618100;
2024-07-09;1,835800;55018320;204,936300;
2024-07-10;1,843800;55268860;206,576400;
2024-07-11;1,844800;56515145;205,298200;
2024-07-12;1,851500;56720926;205,786800;
2024-07-15;1,850200;56538161;205,779000;
2024-07-16;1,852100;56582833;207,079300;
2024-07-17;1,835900;56008651;203,944600;
2024-07-18;1,823200;55609506;202,679400;
2024-07-19;1,811400;55226950;201,540900;
2024-07-22;1,818700;55565286;203,219800;
2024-07-23;1,833300;56009828;203,818000;
2024-07-24;1,807900;55124251;200,040600;
2024-07-25;1,796800;54839191;198,443900;
2024-07-26;1,799400;54899752;200,109700;
2024-07-29;1,803700;55009359;201,070300;
2024-07-30;1,804300;54922875;200,475100;
2024-07-31;1,828300;55735074;203,457500;
2024-08-01;1,815700;55252032;201,212800;
2024-08-02;1,754100;53450540;194,694100;
2024-08-05;1,714200;52234966;187,501000;
2024-08-06;1,720500;52418286;190,576900;
2024-08-07;1,744000;53139993;190,401100;
2024-08-08;1,745200;54360832;193,688100;
2024-08-09;1,752100;54560229;194,832800;
2024-08-12;1,756200;54680644;194,738700;
2024-08-13;1,771000;55187592;197,296200;
2024-08-14;1,774900;55316748;197,058000;
2024-08-15;1,774900;55316748;197,058000;
2024-08-16;1,803800;56341457;201,413400;
2024-08-19;1,810800;56532068;202,023700;
2024-08-20;1,807600;56297602;201,134900;
2024-08-21;1,808600;56291998;201,556900;
2024-08-22;1,810100;56244390;200,527400;
2024-08-23;1,810200;56328550;201,527500;
2024-08-26;1,808900;56271274;201,145300;
2024-08-27;1,809300;56261024;201,517200;
2024-08-28;1,809000;56086569;201,285100;
2024-08-29;1,825100;56656926;202,307000;
2024-08-30;1,821700;56530543;203,946400;
2024-09-02;1,830100;56786492;203,784700;
2024-09-03;1,815800;56254570;200,875700;
2024-09-04;1,797300;55822396;198,943200;
2024-09-05;1,787400;55533655;198,645700;
2024-09-06;1,764300;54707670;195,461900;
2024-09-09;1,778500;55263034;198,013400;
2024-09-10;1,783500;55385612;198,823200;
2024-09-11;1,779500;55289038;200,426200;
2024-09-12;1,807300;57415186;201,898000;
2024-09-13;1,819000;57784688;202,315100;
2024-09-16;1,812800;57453518;202,020900;
2024-09-17;1,822200;57778595;202,098800;
2024-09-18;1,814100;57518273;201,649600;
2024-09-19;1,835300;58177948;204,829300;
2024-09-20;1,828700;57955729;204,030000;
2024-09-23;1,837100;58197441;204,816900;
2024-09-24;1,842100;58407147;205,589900;
2024-09-25;1,842600;58422754;205,000800;
2024-09-26;1,850200;58661438;206,940200;
2024-09-27;1,857500;58780695;207,213200;
2024-09-30;1,851600;58697685;207,299100;
2024-10-01;1,852900;58642132;207,236700;
2024-10-02;1,859700;58953758;207,918300;
2024-10-03;1,857100;58849556;207,474400;
2024-10-04;1,866700;59188683;209,695500;
2024-10-07;1,872200;59335782;208,664000;
2024-10-08;1,870800;59296231;209,176900;
2024-10-09;1,882300;59670562;210,591000;
2024-10-10;1,885100;60994550;210,957900;
2024-10-11;1,889400;61132108;211,662800;
2024-10-14;1,903700;61438013;213,326500;
2024-10-15;1,898400;61277812;212,126500;
2024-10-16;1,897800;61271488;212,805800;
2024-10-17;1,910400;61688925;213,730100;
2024-10-18;1,910300;61653187;214,380300;
2024-10-21;1,903300;61433763;214,053000;
2024-10-22;1,904400;61494736;213,923200;
2024-10-23;1,898900;61304024;212,850500;
2024-10-24;1,895000;61163542;212,838400;
2024-10-25;1,901500;61363644;212,177200;
2024-10-28;1,900200;61302701;213,065800;
2024-10-29;1,902300;61377900;213,643500;
2024-10-30;1,893600;61093283;211,560300;
2024-10-31;1,863800;60119762;208,363400;
2024-11-01;1,863800;60119762;208,363400;
2024-11-04;1,862900;60045624;208,272100;
2024-11-05;1,871000;60337997;210,315300;
2024-11-06;1,918300;61857045;216,614600;
2024-11-07;1,934500;62393708;217,226200;
2024-11-08;1,943100;63904953;218,557800;
2024-11-11;1,961100;64429907;220,665500;
2024-11-12;1,954900;64143534;219,926600;
2024-11-13;1,960000;64387837;219,785200;
2024-11-14;1,957300;64299318;219,160700;
2024-11-15;1,936200;63525032;217,715600;
2024-11-18;1,941000;63769706;217,671700;
2024-11-19;1,936800;63599941;218,415500;
2024-11-20;1,939500;63640343;219,355900;
2024-11-21;1,960400;64326791;220,477600;
2024-11-22;1,981200;65005408;223,258500;
2024-11-25;1,979200;64886969;222,659800;
2024-11-26;1,981700;64992397;223,176300;
2024-11-27;1,965300;64279475;221,046300;
2024-11-28;1,973300;64521996;221,432500;
2024-11-29;1,979200;64675320;222,370800;
2024-12-02;1,996400;65207620;225,080500;
2024-12-03;1,996800;65194611;224,998900;
2024-12-04;2,003300;65398946;225,899000;
2024-12-05;2,004000;65391422;224,830700;
2024-12-06;2,004900;65390746;225,321200;
2024-12-09;2,000300;65217343;224,005900;
2024-12-10;2,001300;65235679;224,610300;
2024-12-11;2,011000;65568780;226,041700;
2024-12-12;2,011000;66822719;225,705100;
2024-12-13;2,002200;66496937;224,688900;
2024-12-16;2,003100;66479715;224,634500;
2024-12-17;1,998100;66306885;223,838800;
2024-12-18;2,002500;66461396;220,110400;
2024-12-19;1,972100;65426280;220,329100;
2024-12-20;1,974800;65658718;221,212700;
2024-12-23;1,971000;65531900;222,865400;
2024-12-24;1,971000;65531900;222,865400;
2024-12-25;1,971000;65531900;222,865400;
2024-12-26;1,971000;65531900;222,865400;
2024-12-27;1,980700;65724462;222,824100;
2024-12-30;1,965900;65273140;221,779800;
2024-12-31;1,965900;65179485;221,625300;
2025-01-01;1,965900;65179485;221,625300;
2025-01-02;1,991300;65458374;222,998900;
2025-01-03;1,988800;65373878;224,260700;
2025-01-06;2,000600;65771848;223,700400;
2025-01-07;1,987900;65353014;222,708900;
2025-01-08;1,986100;65302205;223,935400;
2025-01-09;1,990600;66635115;223,834700;
2025-01-10;1,970800;65892693;221,633500;
2025-01-13;1,965800;65685108;221,916200;
2025-01-14;1,965700;65692216;220,436800;
2025-01-15;1,991100;66559271;223,502000;
2025-01-16;2,001000;66916944;223,927700;
2025-01-17;2,015600;67368499;225,388500;
2025-01-20;2,008400;67117312;224,105000;
2025-01-21;2,008800;67072948;225,588100;
2025-01-22;2,023900;67563301;226,727700;
2025-01-23;2,026500;67628023;228,155100;
2025-01-24;2,020300;67395497;225,881300;
2025-01-27;1,987200;66319366;223,876800;
2025-01-28;2,008200;66997319;226,999700;
2025-01-29;2,018400;67274426;226,840800;
2025-01-30;2,022600;67393064;227,764000;
2025-01-31;2,040500;67941888;227,584100;
2025-02-03;2,025900;67539117;226,696900;
2025-02-04;2,023700;67464637;227,052700;
2025-02-05;2,019300;67322605;227,840000;
2025-02-06;2,037400;67946556;230,033500;
2025-02-07;2,034400;67782257;229,291700;
2025-02-10;2,044700;68135892;230,995200;
2025-02-11;2,041600;68026807;230,559100;
2025-02-12;2,028300;67591098;229,755100;
2025-02-13;2,037200;69151300;230,994100;
2025-02-14;2,034400;69054975;230,004700;
2025-02-17;2,045300;69283430;230,928800;
2025-02-18;2,046000;69387898;231,817600;
2025-02-19;2,052000;69526455;232,497200;
2025-02-20;2,037300;68999646;230,746700;
2025-02-21;2,039400;68984170;229,140100;
2025-02-24;2,015800;68198227;227,835100;
2025-02-25;1,990100;67419764;226,309700;
2025-02-26;2,011800;68192102;226,934100;
2025-02-27;2,013300;68100165;225,749300;
2025-02-28;1,991700;67501061;227,253400;
2025-03-03;1,996900;67593092;223,721600;
2025-03-04;1,942100;65726343;220,546200;
2025-03-05;1,918900;64960187;218,967400;
2025-03-06;1,920600;66265069;216,071800;
2025-03-07;1,890000;65181939;215,495200;
2025-03-10;1,874200;64562535;211,207300;
2025-03-11;1,874200;64562535;211,207300;
2025-03-12;1,856300;63974123;208,678600;
2025-03-13;1,845800;63614495;207,639200;
2025-03-14;1,864700;64284924;210,893200;
2025-03-17;1,873400;64573956;211,884800;
2025-03-18;1,867700;64354180;210,879300;
2025-03-19;1,882400;64874876;213,076900;
2025-03-20;1,888400;65075690;213,172800;
2025-03-21;1,882200;64891850;213,498800;
2025-03-24;1,911000;65899064;215,865300;
2025-03-25;1,915300;66004932;216,059600;
2025-03-26;1,906500;65594001;214,495100;
2025-03-27;1,899600;65355143;213,443000;
2025-03-28;1,863500;64088072;209,747300;
2025-03-31;1,849400;63625857;209,747300;
2025-04-01;1,868700;64287885;210,360300;
2025-04-02;1,866700;64197701;210,316500;
2025-04-03;1,788800;61461566;198,872800;
2025-04-04;1,715600;58995733;191,138600;
2025-04-07;1,669300;57342360;187,252600;
2025-04-08;1,707100;58648007;187,018100;
2025-04-09;1,640100;56347740;194,895500;
2025-04-10;1,699500;58395053;191,548100;
2025-04-11;1,684400;59136004;191,650800;
2025-04-14;1,721800;60446590;193,645700;
2025-04-15;1,738100;60959015;195,032800;
2025-04-16;1,720200;60254697;191,037800;
2025-04-17;1,703800;59761133;191,890500;
2025-04-18;1,703700;59785440;192,041800;
2025-04-21;1,703700;59785440;192,041800;
2025-04-22;1,694100;59489304;190,730300;
2025-04-23;1,735100;60900533;195,699400;
2025-04-24;1,751700;61475757;198,035800;
2025-04-25;1,758200;61715990;199,152100;
2025-04-28;1,761900;61805079;199,532000;
2025-04-29;1,770300;62109778;200,471000;
2025-04-30;1,776600;62278835;201,702200;
2025-05-01;1,776600;62278835;201,702200;
2025-05-02;1,816100;63663934;205,515200;
2025-05-05;1,823900;63935280;205,525200;
2025-05-06;1,813800;63575681;204,413300;
2025-05-07;1,804000;63202483;204,351500;
2025-05-08;1,829500;65632830;206,165200;
2025-05-09;1,828300;65595457;206,478800;
2025-05-12;1,882500;67458858;213,783600;
2025-05-13;1,896500;67976894;214,037500;
2025-05-14;1,894700;67963511;213,916900;
2025-05-15;1,899200;68119846;215,066000;
2025-05-16;1,910900;68539407;216,656400;
2025-05-19;1,901100;68181834;215,398400;
2025-05-20;1,903400;68270947;214,920300;
2025-05-21;1,890700;67675463;211,935200;
2025-05-22;1,876300;67283484;212,347500;
2025-05-23;1,859600;66654893;210,357400;
2025-05-26;1,872300;67135520;210,157500;
2025-05-27;1,881800;67465759;213,391000;
2025-05-28;1,886100;67639517;213,115600;
2025-05-29;1,878700;67342167;213,238100;
2025-05-30;1,875700;67255672;212,980800;
2025-06-02;1,867800;67012464;212,228200;
2025-06-03;1,887100;67683738;213,749600;
2025-06-04;1,890200;67795002;214,085900;
2025-06-05;1,894300;67895669;213,614500;
2025-06-06;1,899700;68077825;215,889200;
2025-06-09;1,900200;68181049;215,821600;
2025-06-10;1,902400;68249588;216,370200;
2025-06-11;1,903400;68316442;215,163300;
2025-06-12;1,887800;69435498;213,978100;
2025-06-13;1,877100;69043116;211,870100;
2025-06-16;1,884400;69277140;212,958200;
2025-06-17;1,879900;69138144;212,398600;
2025-06-18;1,878000;69103203;212,628600;
2025-06-19;1,864000;68590673;212,375500;
2025-06-20;1,870000;68853570;211,415600;
2025-06-23;1,865500;68698878;212,150500;
2025-06-24;1,865500;68698878;212,150500;
2025-06-25;1,887200;69535338;214,304700;
2025-06-26;1,886800;69500886;214,292200;
2025-06-27;1,899600;69967722;215,375100;
2025-06-30;1,895800;69848672;215,961400;
2025-07-01;1,894400;69753671;215,187400;
2025-07-02;1,896600;69843345;215,999200;
2025-07-03;1,913400;70458176;217,668600;
2025-07-04;1,901300;70004764;217,013800;
2025-07-07;1,907400;70208367;216,394100;
2025-07-08;1,907800;70250377;217,066500;
2025-07-09;1,912400;70424296;217,845900;
2025-07-10;1,924000;72243822;218,819500;
2025-07-11;1,912800;71775654;217,476200;
2025-07-14;1,913600;71781545;217,763000;
2025-07-15;1,924900;72181979;218,445300;
2025-07-16;1,900700;71313323;219,148500;
2025-07-17;1,935900;72634748;220,606300;
2025-07-18;1,930100;72424675;219,675400;
2025-07-21;1,931500;72470327;219,253700;
2025-07-22;1,920400;72033667;218,767200;
2025-07-23;1,935300;72595005;220,906300;
2025-07-24;1,939400;72755263;221,011200;
2025-07-25;1,942200;72834351;221,565800;
2025-07-28;1,956300;73382253;222,832000;
2025-07-29;1,963700;73629404;224,042700;
2025-07-30;1,972000;73973573;224,539000;
2025-07-31;1,974500;74081669;224,032200;
2025-08-01;1,922500;72142989;219,416100;
2025-08-04;1,939700;72801592;222,089800;
2025-08-05;1,937600;72756546;221,616500;
2025-08-06;1,939200;72831951;221,654800;
2025-08-07;1,945900;74411601;222,360900;
2025-08-08;1,949500;74549996;223,070300;
2025-08-11;1,959600;74852287;223,724800;
2025-08-12;1,959600;74881223;224,650900;
2025-08-13;1,966100;75173589;224,981100;
2025-08-14;1,973300;75453743;225,981100;
2025-08-15;1,973300;75453743;225,981100;
2025-08-18;1,973000;75453588;225,941300;
2025-08-19;1,973200;75442237;224,954600;
2025-08-20;1,962200;75006331;224,479600;
2025-08-21;1,967600;75200861;224,497700;
2025-08-22;1,979000;75638515;225,633800;
2025-08-25;1,978500;75601310;225,707000;
2025-08-26;1,973400;75378575;226,334200;
2025-08-27;1,984000;75801264;227,582700;
2025-08-28;1,980900;75692686;226,889300;
2025-08-29;1,966300;75092018;224,989700;
2025-09-01;1,970600;75272093;224,974500;
2025-09-02;1,950000;74484390;224,162100;
2025-09-03;1,961500;74937083;225,251200;
2025-09-04;1,974900;75397966;227,261500;
2025-09-05;1,967000;75120860;225,859600;
2025-09-08;1,978100;75550488;226,576900;
2025-09-09;1,981100;75659558;227,504700;
2025-09-10;1,990100;76001825;228,183100;
2025-09-11;2,001300;77787707;229,731700;
2025-09-12;2,002300;77829073;229,988300;
2025-09-15;2,004700;77844341;230,510500;
2025-09-16;1,990700;77315518;228,762700;
2025-09-17;1,992200;77419051;228,767400;
2025-09-18;2,011400;78136745;230,883900;
2025-09-19;2,013800;78209941;231,866000;
2025-09-22;2,016700;78339659;232,421200;
2025-09-23;2,019500;78443051;230,972000;
2025-09-24;2,015400;78291181;231,160500;
2025-09-25;2,012200;78305354;231,067300;
2025-09-26;2,011900;78291113;231,459600;
2025-09-29;2,019100;78560590;231,853100;
2025-09-30;2,016600;78429419;232,578100;
2025-10-01;2,031600;79021899;233,715400;
2025-10-02;2,040100;79361803;234,942500;
2025-10-03;2,048700;79718568;235,052500;
2025-10-06;2,056100;79994176;236,188800;
2025-10-07;2,052100;79842274;236,187000;
2025-10-08;2,068000;80497107;237,953000;
2025-10-09;2,070000;81904216;238,268800;
2025-10-10;2,032300;80410861;233,247700;
2025-10-13;2,045600;80883547;235,812000;
2025-10-14;2,038500;80568038;234,272400;
2025-10-15;2,049700;81013429;235,506600;
2025-10-16;2,049900;81046657;234,299000;
2025-10-17;2,030000;80259401;234,373600;
2025-10-20;2,063300;81600319;237,489000;
2025-10-21;2,071700;81898997;238,262200;
2025-10-22;2,061300;81508217;237,035000;
2025-10-23;2,066700;81696360;237,750800;
2025-10-24;2,083500;82330080;239,193200;
2025-10-27;2,096600;82846713;241,913600;
2025-10-28;2,099500;82951284;241,902500;
2025-10-29;2,104000;83113662;241,951100;
2025-10-30;2,105900;83183114;241,787300;
2025-10-31;2,104100;83083881;242,414200;
2025-11-03;2,108100;83231766;243,132400;
2025-11-04;2,101700;83008177;241,206900;
2025-11-05;2,102100;83048938;241,687700;
2025-11-06;2,076300;82073493;238,988500;
2025-11-07;2,050300;81072612;237,851600;
2025-11-10;2,085600;82493234;241,749300;
2025-11-11;2,094600;82845519;241,697700;
2025-11-12;2,104500;83262516;242,446500;
2025-11-13;2,081000;83686292;238,802900;
2025-11-14;2,076000;83495443;238,069900;
2025-11-17;2,066100;83085338;236,605200;
2025-11-18;2,040900;81988587;233,945100;
2025-11-19;2,042900;82135465;235,190300;
2025-11-20;2,054900;82632824;233,540600;
2025-11-21;2,035400;81882736;234,641500;
2025-11-24;2,058800;82819290;237,217400;
2025-11-25;2,064500;83075214;238,756100;
2025-11-26;2,087300;84029050;240,342700;
2025-11-27;2,085800;83979424;240,391100;
2025-11-28;2,093400;84329236;241,111500;
2025-12-01;2,087200;84098436;239,772600;
2025-12-02;2,087800;84126441;240,830600;
2025-12-03;2,086800;84108142;240,384200;
2025-12-04;2,091800;84324040;240,937000;
2025-12-05;2,101100;84721200;241,852200;
2025-12-08;2,097500;84594203;241,709700;
2025-12-09;2,098400;84630633;241,240900;
2025-12-10;2,095000;84521953;242,228900;
2025-12-11;2,089100;85649159;240,612600;
2025-12-12;2,076000;85113725;239,484800;
2025-12-15;2,076200;85095815;238,718200;
2025-12-16;2,061700;84497297;237,620300;
2025-12-17;2,052900;84139451;235,944200;
2025-12-18;2,070900;84867857;238,002700;
2025-12-19;2,081400;85134564;240,017000;
2025-12-22;2,087100;85381715;240,585600;
2025-12-23;2,091200;85580994;241,501300;
2025-12-24;2,091200;85580994;241,501300;
2025-12-25;2,091200;85580994;241,501300;
2025-12-26;2,091200;85580994;241,501300;
2025-12-29;2,095200;85718063;241,927100;
2025-12-30;2,099700;85888896;241,911200;
2025-12-31;2,099600;85870047;240,911600;
2026-01-01;2,099600;85870047;240,911600;
2026-01-02;2,096800;85631941;241,584200;
2026-01-05;2,121000;86459494;244,440600;
2026-01-06;2,131400;86887560;246,412700;
2026-01-07;2,138300;87180533;246,015500;
2026-01-08;2,133300;88341989;245,674900;
2026-01-09;2,146600;88870938;247,281400;
2026-01-12;2,148300;88729214;247,161000;
2026-01-13;2,150500;88812132;247,465300;
2026-01-14;2,138600;88335295;246,554500;
2026-01-15;2,161700;89342065;248,150300;
2026-01-16;2,157300;89130609;248,275200;
2026-01-19;2,135000;88128632;247,068900;
2026-01-20;2,119400;87428064;241,576300;
2026-01-21;2,116900;87371540;243,416900;
2026-01-22;2,132200;87965856;244,888900;
2026-01-23;2,128200;87763182;244,731800;
2026-01-26;2,122000;87483378;243,590800;
2026-01-27;2,120400;87404610;243,941700;
2026-01-28;2,125300;87581608;244,359800;
2026-01-29;2,108900;86882017;244,172300;
2026-01-30;2,120500;87302815;243,427300;
2026-02-02;2,137100;87992935;245,629100;
2026-02-03;2,131600;87752220;244,634100;
2026-02-04;2,122800;87369904;243,955000;
2026-02-05;2,106900;86729180;240,958700;
2026-02-06;2,123100;0;243,840200;
2026-02-09;2,135600;89301822;244,521400;
2026-02-10;2,140400;89426481;244,645200;
2026-02-11;2,140900;89425772;245,749200;
2026-02-12;2,125600;88787956;242,716400;
2026-02-13;2,120500;88561166;242,543900;
2026-02-16;2,120500;88561166;242,543900;
2026-02-17;2,122400;88627242;243,364800;
2026-02-18;2,143600;89490378;244,812700;
2026-02-19;2,140300;89332171;245,310800;
2026-02-20;2,150500;89765112;246,257600;
2026-02-23;2,134500;89085092;244,459600;
2026-02-24;2,146300;89560840;246,163300;
2026-02-25;2,161300;90174999;248,108100;
2026-02-26;2,157000;90004525;247,585000;
2026-02-27;2,147700;89642806;246,603000;
2026-03-02;2,147800;89648535;247,113900;
2026-03-03;2,117300;88316052;244,589200;
2026-03-04;2,138100;89179193;243,641200;
2026-03-05;2,126400;88674027;244,305900;
2026-03-06;2,105100;87795146;241,628800;
2026-03-09;2,093600;87323454;240,842700;
2026-03-10;2,124200;88594177;241,975200;
2026-03-11;2,124200;88594177;241,975200;
2026-03-12;2,101600;87665184;240,249500;
2026-03-13;2,098100;88920903;239,597200;
2026-03-16;2,104800;89189900;240,941700;
2026-03-17;2,111600;89443769;241,275000;
2026-03-18;2,100600;88945421;239,720400;
2026-03-19;2,069400;87665717;236,982300;
2026-03-20;2,047600;86732128;233,248600;
2026-03-23;2,054300;86991699;233,217400;
2026-03-24;2,053000;86894961;233,231200;
2026-03-25;2,071500;87658959;235,809600;
2026-03-26;2,048500;86658715;232,346800;
2026-03-27;2,021100;85486971;229,220800;
2026-03-30;2,027900;85775381;229,057600;
2026-03-31;2,027200;85734996;232,521300;
2026-04-01;2,068700;87501773;235,234300;
2026-04-02;2,066600;87427967;235,534500;
2026-04-03;2,066700;87416361;235,788800;
2026-04-06;2,066700;87416361;235,788800;
2026-04-07;2,058900;39975009;236,269200;
2026-04-08;2,102200;40838164;242,396600;
2026-04-09;2,111100;41013903;243,101300;
2026-04-10;2,117300;41053222;243,026900;
2026-04-13;2,115500;41002155;244,656000;
2026-04-14;2,137500;41431088;246,512800;
2026-04-15;2,146000;42290184;248,690900;
2026-04-16;2,159600;42554979;250,085400;
2026-04-17;2,181800;42957896;252,135000;
2026-04-20;2,176900;42889059;252,329600;
2026-04-21;2,176700;42886565;251,640300;
2026-04-22;2,184400;43020269;253,619300;
2026-04-23;2,192800;43180542;252,435300;
2026-04-24;2,192100;43145228;254,097000;
2026-04-27;2,193900;43187393;254,294800;
2026-04-28;2,185400;42996803;253,390800;
2026-04-29;2,187300;43040537;253,083500;
2026-04-30;2,195200;43194304;254,363400;
2026-05-01;2,195200;43194304;254,363400;
2026-05-04;2,206000;43393233;255,469500;
2026-05-05;2,223500;43755660;257,102300;
2026-05-06;2,247800;44243575;261,253500;
2026-05-07;2,255100;44385372;261,199500;
2026-05-08;2,256900;44420936;262,263000;
2026-05-11;2,263900;44563211;262,604700;
2026-05-12;2,245300;44201922;262,165300;
2026-05-13;2,270500;44701175;264,390600;
2026-05-14;2,293600;46181455;266,727800;
2026-05-15;2,281200;45931878;263,696300;
2026-05-18;2,267700;45615899;262,830000;
2026-05-19;2,261600;45491763;262,041200;
2026-05-20;2,279700;45899559;264,097800;
2026-05-21;2,285600;46011294;266,237000;
2026-05-22;2,309100;46482185;267,536600;
2026-05-25;2,322900;46757040;268,046700;
2026-05-26;2,323600;46768703;269,578100;
2026-05-27;2,323600;46755419;270,043400;
2026-05-28;2,329600;46878872;270,187000;
2026-05-29;2,334600;46970205;271,397400;
2026-06-01;2,348500;47250857;273,165500;
2026-06-02;2,361000;47478715;273,550900;
2026-06-03;2,354300;47346973;272,693700;
2026-06-04;2,347600;47200339;272,429600;
2026-06-05;2,328400;46815876;267,405600;
2026-06-08;2,312800;46481585;266,619700;
2026-06-09;2,290200;46030511;266,810900;
2026-06-10;2,284400;45915855;262,677700;
2026-06-11;2,283300;46746131;266,646900;
2026-06-12;2,322100;47537868;268,638100;
2026-06-15;2,351500;48153759;273,224800;
2026-06-16;2,351300;48133488;272,261100;
2026-06-17;2,354500;48196456;270,966500;
2026-06-18;2,366300;48428571;275,610600;
2026-06-19;2,369000;48483796;275,523800;
2026-06-22;2,381200;48721130;276,117900;
2026-06-23;2,351700;48112333;272,270900;
2026-06-24;2,351700;48112333;272,270900;
2026-06-25;2,350700;48099305;273,114500;
2026-06-26;2,342700;47931788;271,064700;
2026-06-29;2,341400;47892549;273,033200;
2026-06-30;2,367300;48415423;275,132100;
2026-07-01;2,375200;48559777;275,533000;
2026-07-02;2,359700;48236517;273,911700;
2026-07-03;2,369600;48447369;275,210000;
2026-07-06;2,369600;48447369;275,210000;
2026-07-07;2,358600;39797952;274,690800;
2026-07-08;2,344700;39548663;273,581400;
2026-07-09;2,366200;39908879;275,347900;
2026-07-10;2,374600;40049370;276,807500;
2026-07-13;2,370400;39967464;274,346900;
2026-07-14;2,364900;39878047;274,571400;
2026-07-15;2,365800;40498836;276,651400;
2026-07-16;2,364000;40466823;274,603200;
2026-07-17;2,338000;40016123;270,984200;
2026-07-20;2,341300;40075632;271,007400;
2026-07-21;2,353900;40304242;274,085600;
2026-07-22;2,358800;40384945;273,631600;
2026-07-23;2,336700;40001168;271,583800;
2026-07-24;2,340300;40072253;270,620900;
2026-07-27;2,330200;39906605;271,667400;
2026-07-28;2,331400;39941065;270,262800;
2026-07-29;2,318300;39719103;266,903100;
2026-07-30;2,311700;39587992;268,310500;
2026-07-31;2,326300;39817477;271,821500;
2026-08-03;2,353300;40280340;274,336000;
2026-08-04;2,385600;40827880;277,764300;
2026-08-05;2,397600;41073784;278,337400;
2026-08-06;2,394000;41021789;277,678900;
2026-08-07;2,399400;41129347;278,818900;
2026-08-10;2,401500;41176605;278,842300;
2026-08-11;2,402300;41190364;278,173100;
2026-08-12;2,406800;41269599;279,272100;
2026-08-13;2,418300;42182501;281,027100;
2026-08-14;2,414800;42121286;279,914000;
2026-08-17;2,414500;42110750;278,938200;
2026-08-18;2,385400;41599430;276,567500;
2026-08-19;2,377400;41482801;274,383000;
2026-08-20;2,365800;41277280;273,307100;
2026-08-21;2,370200;41354558;275,265900;
2026-08-24;2,365000;41277448;274,217200;
2026-08-25;2,371900;41425594;275,515000;
2026-08-26;2,377000;41520374;276,008800;
2026-08-27;2,386700;41710850;277,534700;
2026-08-28;2,403400;42001654;277,740700;
2026-08-31;2,383900;41663681;276,913300;
2026-09-01;2,382100;41635047;275,645300;
2026-09-02;2,380800;41615340;275,868500;
2026-09-03;2,394100;41857414;278,280000;
2026-09-04;2,398800;41934549;278,308000;
2026-09-07;2,398200;41933967;278,951600;
2026-09-08;2,396600;41897293;277,251700;
2026-09-09;2,380900;41619224;275,539800;
2026-09-10;2,366500;42018212;274,216600;
2026-09-11;2,382100;42293190;275,580500;
2026-09-14;2,372900;42110168;275,643800;
2026-09-15;2,365100;41969831;273,843500;
2026-09-16;2,373200;42116651;273,772600;
2026-09-17;2,388200;42419546;277,418700;
2026-09-18;2,389000;42446915;278,299800;
2026-09-21;2,417000;42955632;282,201500;
2026-09-22;2,434000;43275667;283,292400;
2026-09-23;2,430100;43191737;282,095400;
2026-09-24;2,416500;42958367;281,929300;
2026-09-25;2,426900;43150836;282,905700;
2026-09-28;2,420300;43033882;281,495800;
2026-09-29;2,423500;43094918;281,440200;
2026-09-30;2,426500;43144909;280,888600;
2026-10-01;2,422900;43087304;282,625100;
