date;unit_value
2019-12-02;1
2019-12-03;0.9933
2019-12-04;0.9851
2019-12-05;0.9886
2019-12-06;0.9926
2019-12-09;0.9927
2019-12-10;0.9917
2019-12-11;0.9924
2019-12-12;0.9922
2019-12-13;0.9948
2019-12-16;0.9968
2019-12-17;0.9962
2019-12-18;0.996
2019-12-19;0.9958
2019-12-20;1.0064
2019-12-23;1.0051
2019-12-27;1.0048
2019-12-30;1.0022
2019-12-31;1.0025
2020-01-02;1.0019
2020-01-03;1.0007
2020-01-06;0.9988
2020-01-07;0.9995
2020-01-08;0.9988
2020-01-09;0.9994
2020-01-10;0.9983
2020-01-13;0.9967
2020-01-14;0.9969
2020-01-15;0.9966
2020-01-16;0.9971
2020-01-17;0.9987
2020-01-20;0.9979
2020-01-21;0.9967
2020-01-22;0.9968
2020-01-23;0.9952
2020-01-24;0.9959
2020-01-27;0.9898
2020-01-28;0.9908
2020-01-29;0.9913
2020-01-30;0.9882
2020-01-31;0.9841
2020-02-03;0.9844
2020-02-04;0.9899
2020-02-05;0.9911
2020-02-06;0.9927
2020-02-07;0.9916
2020-02-10;0.992
2020-02-11;0.9933
2020-02-12;0.9939
2020-02-13;0.9941
2020-02-14;0.9942
2020-02-17;0.9946
2020-02-18;0.9927
2020-02-19;0.9953
2020-02-20;0.9914
2020-02-21;0.9895
2020-02-24;1.005
2020-02-25;1.001
2020-02-26;0.9996
2020-02-27;0.9886
2020-02-28;0.9763
2020-03-02;0.9791
2020-03-03;0.9819
2020-03-04;0.9856
2020-03-05;0.9847
2020-03-06;0.9754
2020-03-09;0.9605
2020-03-10;0.9587
2020-03-12;0.9401
2020-03-13;0.9406
2020-03-16;0.9299
2020-03-17;0.9296
2020-03-18;0.9145
2020-03-19;0.92
2020-03-20;0.9229
2020-03-23;0.916
2020-03-24;0.9256
2020-03-25;0.9324
2020-03-26;0.9372
2020-03-27;0.9343
2020-03-30;0.9377
2020-03-31;0.9397
2020-04-01;0.9338
2020-04-02;0.9352
2020-04-03;0.9342
2020-04-06;0.9443
2020-04-07;0.9493
2020-04-08;0.9494
2020-04-09;0.9545
2020-04-10;0.9544
2020-04-14;0.9582
2020-04-15;0.9544
2020-04-16;0.9579
2020-04-17;0.9613
2020-04-20;0.9629
2020-04-21;0.9529
2020-04-22;0.9583
2020-04-23;0.9622
2020-04-24;0.96
2020-04-27;0.9659
2020-04-28;0.9664
2020-04-29;0.9692
2020-04-30;0.966
2020-05-04;0.9603
2020-05-05;0.9657
2020-05-06;0.9647
2020-05-07;0.9672
2020-05-08;0.9692
2020-05-11;0.97
2020-05-12;0.9695
2020-05-13;0.9641
2020-05-14;0.9618
2020-05-15;0.9638
2020-05-18;0.9723
2020-05-19;0.9698
2020-05-20;0.9725
2020-05-21;0.9703
2020-05-22;0.9709
2020-05-25;0.9757
2020-05-26;0.9751
2020-05-27;0.9749
2020-05-28;0.9801
2020-05-29;0.978
2020-06-01;0.9788
2020-06-02;0.9816
2020-06-03;0.9856
2020-06-04;0.9841
2020-06-05;0.9914
2020-06-08;0.9927
2020-06-09;0.9904
2020-06-10;0.9897
2020-06-11;0.9799
2020-06-12;0.9813
2020-06-15;0.9786
2020-06-16;0.9876
2020-06-17;0.9899
2020-06-18;0.9886
2020-06-19;0.991
2020-06-22;0.9888
2020-06-23;0.9914
2020-06-25;0.9854
2020-06-26;0.9856
2020-06-29;0.9863
2020-06-30;0.9887
2020-07-01;0.9903
2020-07-02;0.9951
2020-07-03;0.9934
2020-07-07;0.9978
2020-07-08;0.9957
2020-07-09;0.9952
2020-07-10;0.9965
2020-07-13;0.9996
2020-07-14;0.9952
2020-07-15;0.9995
2020-07-16;0.9981
2020-07-17;0.9997
2020-07-20;1.0026
2020-07-21;1.0052
2020-07-22;1.0049
2020-07-23;1.0056
2020-07-24;0.9998
2020-07-27;0.9994
2020-07-28;1.0006
2020-07-29;1.0009
2020-07-30;0.9982
2020-07-31;0.9967
2020-08-03;1.0024
2020-08-04;1.0026
2020-08-05;1.0028
2020-08-06;1.0028
2020-08-07;1.0046
2020-08-10;1.0051
2020-08-11;1.0067
2020-08-12;1.0079
2020-08-13;1.0074
2020-08-14;1.0057
2020-08-17;1.007
2020-08-18;1.0055
2020-08-19;1.0064
2020-08-20;1.0059
2020-08-21;1.008
2020-08-24;1.0101
2020-08-25;1.0096
2020-08-26;1.0119
2020-08-27;1.0133
2020-08-28;1.0113
2020-08-31;1.0093
2020-09-01;1.0109
2020-09-02;1.0157
2020-09-03;1.0108
2020-09-04;1.0055
2020-09-07;1.0084
2020-09-08;1.004
2020-09-09;1.0073
2020-09-10;1.0065
2020-09-11;1.0051
2020-09-14;1.0078
2020-09-15;1.0107
2020-09-16;1.0114
2020-09-17;1.0085
2020-09-18;1.0067
2020-09-21;1.0013
2020-09-22;1.0033
2020-09-23;1.0045
2020-09-24;1.0017
2020-09-25;1.0039
2020-09-28;1.0094
2020-09-29;1.0079
2020-09-30;1.0097
2020-10-01;1.011
2020-10-02;1.0096
2020-10-05;1.0113
2020-10-06;1.0117
2020-10-07;1.0123
2020-10-08;1.0144
2020-10-09;1.0163
2020-10-12;1.0198
2020-10-13;1.021
2020-10-14;1.0207
2020-10-15;1.0179
2020-10-16;1.0208
2020-10-19;1.0187
2020-10-20;1.0165
2020-10-21;1.0151
2020-10-22;1.0148
2020-10-23;1.0155
2020-10-26;1.0109
2020-10-27;1.0116
2020-10-28;1.0055
2020-10-29;1.0072
2020-10-30;1.0051
2020-11-03;1.013
2020-11-04;1.0194
2020-11-05;1.0226
2020-11-06;1.0209
2020-11-09;1.0287
2020-11-10;1.0236
2020-11-11;1.0275
2020-11-12;1.0257
2020-11-13;1.026
2020-11-16;1.0301
2020-11-17;1.0287
2020-11-18;1.0291
2020-11-19;1.0272
2020-11-20;1.0286
2020-11-23;1.0281
2020-11-24;1.0311
2020-11-25;1.0307
2020-11-26;1.0311
2020-11-27;1.0318
2020-11-30;1.0285
2020-12-01;1.0306
2020-12-02;1.0285
2020-12-03;1.0284
2020-12-04;1.0298
2020-12-07;1.0305
2020-12-08;1.0315
2020-12-09;1.0318
2020-12-10;1.0304
2020-12-11;1.0295
2020-12-14;1.0312
2020-12-15;1.031
2020-12-16;1.0327
2020-12-17;1.0335
2020-12-18;1.0332
2020-12-21;1.0304
2020-12-22;1.0328
2020-12-23;1.0328
2020-12-28;1.0354
2020-12-29;1.0357
2020-12-30;1.0355
2020-12-31;1.0357
2021-01-04;1.0364
2021-01-05;1.0365
2021-01-06;1.039
2021-01-07;1.0406
2021-01-08;1.0439
2021-01-11;1.0445
2021-01-12;1.0432
2021-01-13;1.0438
2021-01-14;1.0451
2021-01-15;1.043
2021-01-18;1.0434
2021-01-19;1.044
2021-01-20;1.0469
2021-01-21;1.0463
2021-01-22;1.045
2021-01-25;1.0455
2021-01-26;1.0459
2021-01-27;1.0422
2021-01-28;1.0428
2021-01-29;1.0375
2021-02-01;1.041
2021-02-02;1.0465
2021-02-03;1.0464
2021-02-04;1.0481
2021-02-05;1.0488
2021-02-08;1.0496
2021-02-09;1.0493
2021-02-10;1.0481
2021-02-11;1.0502
2021-02-12;1.0502
2021-02-15;1.0517
2021-02-17;1.0482
2021-02-18;1.0465
2021-02-19;1.0472
2021-02-22;1.0431
2021-02-23;1.0401
2021-02-24;1.0412
2021-02-25;1.0365
2021-02-26;1.0334
2021-03-01;1.0398
2021-03-02;1.0382
2021-03-03;1.0365
2021-03-04;1.0339
2021-03-05;1.0307
2021-03-08;1.0372
2021-03-09;1.0394
2021-03-10;1.0403
2021-03-12;1.0414
2021-03-15;1.0432
2021-03-16;1.0456
2021-03-17;1.0436
2021-03-18;1.0434
2021-03-19;1.0418
2021-03-22;1.0431
2021-03-23;1.0434
2021-03-24;1.0432
2021-03-25;1.0432
2021-03-26;1.0455
2021-03-29;1.0469
2021-03-30;1.048
2021-03-31;1.0492
2021-04-01;1.0512
2021-04-02;1.0511
2021-04-06;1.0528
2021-04-07;1.0508
2021-04-08;1.052
2021-04-09;1.0525
2021-04-12;1.0524
2021-04-13;1.053
2021-04-14;1.0529
2021-04-15;1.0549
2021-04-16;1.0558
2021-04-19;1.0538
2021-04-20;1.0509
2021-04-21;1.0531
2021-04-22;1.0549
2021-04-23;1.0542
2021-04-26;1.0545
2021-04-27;1.0535
2021-04-28;1.0524
2021-04-29;1.0511
2021-04-30;1.0514
2021-05-03;1.0526
2021-05-04;1.0496
2021-05-05;1.0529
2021-05-06;1.0517
2021-05-07;1.0537
2021-05-10;1.0536
2021-05-11;1.0475
2021-05-12;1.0454
2021-05-13;1.0451
2021-05-14;1.0472
2021-05-17;1.0457
2021-05-18;1.0452
2021-05-19;1.0401
2021-05-20;1.0443
2021-05-21;1.0458
2021-05-24;1.0466
2021-05-25;1.0467
2021-05-26;1.0481
2021-05-27;1.0488
2021-05-28;1.0501
2021-05-31;1.049
2021-06-01;1.0493
2021-06-02;1.0502
2021-06-03;1.0505
2021-06-04;1.0516
2021-06-07;1.0517
2021-06-08;1.0524
2021-06-09;1.0532
2021-06-10;1.0544
2021-06-11;1.056
2021-06-14;1.0561
2021-06-15;1.0558
2021-06-16;1.0565
2021-06-17;1.0581
2021-06-18;1.0565
2021-06-21;1.057
2021-06-22;1.0578
2021-06-23;1.0576
2021-06-25;1.0602
2021-06-28;1.061
2021-06-29;1.0617
2021-06-30;1.0625
2021-07-01;1.0635
2021-07-02;1.0648
2021-07-05;1.0652
2021-07-07;1.0669
2021-07-08;1.0624
2021-07-09;1.065
2021-07-12;1.0667
2021-07-13;1.0678
2021-07-14;1.0674
2021-07-15;1.0671
2021-07-16;1.0666
2021-07-19;1.0624
2021-07-20;1.066
2021-07-21;1.0685
2021-07-22;1.0698
2021-07-23;1.0722
2021-07-26;1.0712
2021-07-27;1.0689
2021-07-28;1.0712
2021-07-29;1.0721
2021-07-30;1.0715
2021-08-02;1.0734
2021-08-03;1.0736
2021-08-04;1.0756
2021-08-05;1.0766
2021-08-06;1.0772
2021-08-09;1.0782
2021-08-10;1.0789
2021-08-11;1.0793
2021-08-12;1.0795
2021-08-13;1.0799
2021-08-16;1.0791
2021-08-17;1.0795
2021-08-18;1.0801
2021-08-19;1.0776
2021-08-20;1.0798
2021-08-23;1.081
2021-08-24;1.0818
2021-08-25;1.0813
2021-08-26;1.0793
2021-08-27;1.0801
2021-08-30;1.0815
2021-08-31;1.081
2021-09-01;1.0807
2021-09-02;1.0809
2021-09-03;1.0802
2021-09-06;1.0817
2021-09-07;1.079
2021-09-08;1.078
2021-09-09;1.0788
2021-09-10;1.0775
2021-09-13;1.0762
2021-09-14;1.0764
2021-09-15;1.0754
2021-09-16;1.0766
2021-09-17;1.0752
2021-09-20;1.0703
2021-09-21;1.0719
2021-09-22;1.0733
2021-09-23;1.0749
2021-09-24;1.0732
2021-09-27;1.0723
2021-09-28;1.0662
2021-09-29;1.0676
2021-09-30;1.0668
2021-10-01;1.0649
2021-10-04;1.0614
2021-10-05;1.0643
2021-10-06;1.0623
2021-10-07;1.0684
2021-10-08;1.0662
2021-10-11;1.0658
2021-10-12;1.064
2021-10-13;1.0646
2021-10-14;1.0696
2021-10-15;1.0719
2021-10-18;1.071
2021-10-19;1.0715
2021-10-20;1.0725
2021-10-21;1.0735
2021-10-22;1.0748
2021-10-25;1.0767
2021-10-26;1.0791
2021-10-27;1.0795
2021-10-28;1.079
2021-10-29;1.0799
2021-11-03;1.0845
2021-11-04;1.0901
2021-11-05;1.0924
2021-11-08;1.0915
2021-11-09;1.0911
2021-11-10;1.0908
2021-11-11;1.0901
2021-11-12;1.092
2021-11-15;1.0923
2021-11-16;1.0953
2021-11-17;1.0952
2021-11-18;1.0949
2021-11-19;1.0962
2021-11-22;1.0981
2021-11-23;1.0907
2021-11-24;1.0913
2021-11-25;1.092
2021-11-26;1.0826
2021-11-29;1.0846
2021-11-30;1.0813
2021-12-01;1.0845
2021-12-02;1.0819
2021-12-03;1.082
2021-12-06;1.0843
2021-12-07;1.0935
2021-12-08;1.0908
2021-12-09;1.0916
2021-12-10;1.0901
2021-12-13;1.09
2021-12-14;1.0872
2021-12-15;1.0869
2021-12-16;1.0896
2021-12-17;1.0879
2021-12-20;1.0817
2021-12-21;1.0848
2021-12-22;1.0866
2021-12-23;1.0894
2021-12-27;1.0913
2021-12-28;1.0925
2021-12-29;1.0904
2021-12-30;1.0918
2021-12-31;1.0915
2022-01-03;1.0907
2022-01-04;1.0908
2022-01-05;1.0893
2022-01-06;1.0839
2022-01-07;1.0809
2022-01-10;1.0764
2022-01-11;1.0787
2022-01-12;1.0807
2022-01-13;1.0802
2022-01-14;1.0754
2022-01-17;1.0764
2022-01-18;1.0726
2022-01-19;1.071
2022-01-20;1.0729
2022-01-21;1.0673
2022-01-24;1.057
2022-01-25;1.0576
2022-01-26;1.0618
2022-01-27;1.0614
2022-01-28;1.0575
2022-01-31;1.0598
2022-02-01;1.0607
2022-02-02;1.0618
2022-02-03;1.0534
2022-02-04;1.0433
2022-02-07;1.0403
2022-02-08;1.0391
2022-02-09;1.045
2022-02-10;1.0416
2022-02-11;1.0369
2022-02-14;1.0294
2022-02-15;1.0325
2022-02-17;1.0307
2022-02-18;1.0291
2022-02-21;1.0268
2022-02-22;1.0235
2022-02-23;1.0211
2022-02-24;1.0137
2022-02-25;1.0196
2022-02-28;1.02
2022-03-01;1.0242
2022-03-02;1.0225
2022-03-03;1.0223
2022-03-04;1.0193
2022-03-07;1.0142
2022-03-08;1.0062
2022-03-09;1.0088
2022-03-10;1.0057
2022-03-14;1.003
2022-03-15;1.0062
2022-03-16;1.0131
2022-03-17;1.0161
2022-03-18;1.0203
2022-03-21;1.0183
2022-03-22;1.0196
2022-03-23;1.0191
2022-03-24;1.0171
2022-03-25;1.0169
2022-03-28;1.0186
2022-03-29;1.0182
2022-03-30;1.0166
2022-03-31;1.0184
2022-04-01;1.017
2022-04-04;1.0217
2022-04-05;1.02
2022-04-06;1.0132
2022-04-07;1.0121
2022-04-08;1.0134
2022-04-11;1.0044
2022-04-12;1.0035
2022-04-13;1.0028
2022-04-14;1.0019
2022-04-15;1.002
2022-04-19;1.0003
2022-04-20;1.0001
2022-04-21;0.999
2022-04-22;0.9914
2022-04-25;0.99
2022-04-26;0.9893
2022-04-27;0.99
2022-04-28;0.9868
2022-04-29;0.988
2022-05-02;0.9825
2022-05-03;0.9838
2022-05-04;0.9813
2022-05-05;0.9802
2022-05-06;0.9717
2022-05-09;0.9653
2022-05-10;0.9644
2022-05-11;0.968
2022-05-12;0.9692
2022-05-13;0.9735
2022-05-16;0.9726
2022-05-17;0.9721
2022-05-18;0.9684
2022-05-19;0.9644
2022-05-20;0.9642
2022-05-23;0.9652
2022-05-24;0.9615
2022-05-25;0.9646
2022-05-26;0.9666
2022-05-27;0.9735
2022-05-30;0.9737
2022-05-31;0.969
2022-06-01;0.9664
2022-06-02;0.9651
2022-06-03;0.9636
2022-06-06;0.9639
2022-06-07;0.9627
2022-06-08;0.9608
2022-06-09;0.9562
2022-06-10;0.946
2022-06-13;0.9336
2022-06-14;0.9263
2022-06-15;0.9293
2022-06-16;0.9208
2022-06-17;0.9229
2022-06-20;0.9223
2022-06-21;0.9239
2022-06-22;0.9245
2022-06-23;0.929
2022-06-27;0.9342
2022-06-28;0.9322
2022-06-29;0.9316
2022-06-30;0.9326
2022-07-01;0.9372
2022-07-04;0.9355
2022-07-05;0.9375
2022-07-07;0.9459
2022-07-08;0.9466
2022-07-11;0.9473
2022-07-12;0.949
2022-07-13;0.9457
2022-07-14;0.9425
2022-07-15;0.9475
2022-07-18;0.9472
2022-07-19;0.9466
2022-07-20;0.9504
2022-07-21;0.9529
2022-07-22;0.9589
2022-07-25;0.9597
2022-07-26;0.9608
2022-07-27;0.9628
2022-07-28;0.9704
2022-07-29;0.9726
2022-08-01;0.9744
2022-08-02;0.9736
2022-08-03;0.9748
2022-08-04;0.976
2022-08-05;0.9725
2022-08-08;0.9755
2022-08-09;0.9725
2022-08-10;0.9759
2022-08-11;0.9762
2022-08-12;0.9783
2022-08-16;0.9831
2022-08-17;0.9785
2022-08-18;0.979
2022-08-19;0.9733
2022-08-22;0.9691
2022-08-23;0.9656
2022-08-24;0.9658
2022-08-25;0.9676
2022-08-26;0.9625
2022-08-29;0.9533
2022-08-30;0.9505
2022-08-31;0.9479
2022-09-01;0.9447
2022-09-02;0.9474
2022-09-05;0.9442
2022-09-06;0.9416
2022-09-07;0.942
2022-09-08;0.9439
2022-09-09;0.9454
2022-09-12;0.9472
2022-09-13;0.9422
2022-09-14;0.9396
2022-09-15;0.9378
2022-09-16;0.9331
2022-09-19;0.9331
2022-09-20;0.9287
2022-09-21;0.9308
2022-09-22;0.923
2022-09-23;0.918
2022-09-26;0.9132
2022-09-27;0.9102
2022-09-28;0.9079
2022-09-29;0.8967
2022-09-30;0.9003
2022-10-03;0.904
2022-10-04;0.9121
2022-10-05;0.9074
2022-10-06;0.9073
2022-10-07;0.8976
2022-10-10;0.8937
2022-10-11;0.8927
2022-10-12;0.8905
2022-10-13;0.8904
2022-10-14;0.8912
2022-10-17;0.8933
2022-10-18;0.8931
2022-10-19;0.8917
2022-10-20;0.8889
2022-10-21;0.8848
2022-10-24;0.889
2022-10-25;0.8958
2022-10-26;0.8988
2022-10-27;0.9018
2022-10-28;0.9028
2022-10-31;0.9037
2022-11-03;0.8996
2022-11-04;0.8981
2022-11-07;0.8994
2022-11-08;0.9033
2022-11-09;0.903
2022-11-10;0.9156
2022-11-11;0.9139
2022-11-14;0.9157
2022-11-15;0.918
2022-11-16;0.9167
2022-11-17;0.9146
2022-11-18;0.9164
2022-11-21;0.9179
2022-11-22;0.9196
2022-11-23;0.9236
2022-11-24;0.9273
2022-11-25;0.9265
2022-11-28;0.926
2022-11-29;0.9261
2022-11-30;0.9276
2022-12-01;0.9342
2022-12-02;0.9337
2022-12-05;0.9313
2022-12-06;0.9297
2022-12-07;0.9285
2022-12-08;0.9288
2022-12-09;0.9294
2022-12-12;0.9282
2022-12-13;0.9322
2022-12-14;0.9315
2022-12-15;0.9208
2022-12-16;0.9154
2022-12-19;0.9133
2022-12-20;0.9096
2022-12-21;0.9127
2022-12-22;0.9089
2022-12-23;0.908
2022-12-27;0.9058
2022-12-28;0.9048
2022-12-29;0.9076
2022-12-30;0.9042
2023-01-02;0.9096
2023-01-03;0.9094
2023-01-04;0.913
2023-01-05;0.9089
2023-01-06;0.9123
2023-01-09;0.9145
2023-01-10;0.9106
2023-01-11;0.9148
2023-01-12;0.9169
2023-01-13;0.9193
2023-01-16;0.92
2023-01-17;0.9242
2023-01-18;0.9265
2023-01-19;0.9219
2023-01-20;0.92
2023-01-23;0.9227
2023-01-24;0.9241
2023-01-25;0.9229
2023-01-26;0.9252
2023-01-27;0.9266
2023-01-30;0.9239
2023-01-31;0.9244
2023-02-01;0.9251
2023-02-02;0.9375
2023-02-03;0.9363
2023-02-06;0.9325
2023-02-07;0.9314
2023-02-08;0.9311
2023-02-09;0.9324
2023-02-10;0.9278
2023-02-13;0.929
2023-02-14;0.9266
2023-02-15;0.9274
2023-02-17;0.924
2023-02-20;0.9241
2023-02-21;0.9198
2023-02-22;0.9187
2023-02-23;0.9182
2023-02-24;0.9161
2023-02-27;0.9178
2023-02-28;0.9146
2023-03-01;0.9096
2023-03-02;0.9096
2023-03-03;0.914
2023-03-06;0.9152
2023-03-07;0.9145
2023-03-08;0.9143
2023-03-09;0.9144
2023-03-10;0.9116
2023-03-13;0.9116
2023-03-14;0.9121
2023-03-15;0.9144
2023-03-16;0.9152
2023-03-17;0.916
2023-03-20;0.9164
2023-03-21;0.9161
2023-03-22;0.9158
2023-03-23;0.9166
2023-03-24;0.9186
2023-03-27;0.919
2023-03-28;0.9155
2023-03-29;0.9174
2023-03-30;0.9172
2023-03-31;0.921
2023-04-03;0.9228
2023-04-04;0.9217
2023-04-05;0.9234
2023-04-06;0.924
2023-04-07;0.9239
2023-04-11;0.9229
2023-04-12;0.9207
2023-04-13;0.9205
2023-04-14;0.9201
2023-04-17;0.9197
2023-04-18;0.9216
2023-04-19;0.9197
2023-04-20;0.9195
2023-04-21;0.9188
2023-04-24;0.9175
2023-04-25;0.9202
2023-04-26;0.9174
2023-04-27;0.9174
2023-04-28;0.9229
2023-05-02;0.9226
2023-05-03;0.9237
2023-05-04;0.9232
2023-05-05;0.9237
2023-05-08;0.9242
2023-05-09;0.9245
2023-05-10;0.9258
2023-05-11;0.9281
2023-05-12;0.9277
2023-05-15;0.9271
2023-05-16;0.9257
2023-05-17;0.9264
2023-05-18;0.9278
2023-05-19;0.9282
2023-05-22;0.9283
2023-05-23;0.9272
2023-05-24;0.923
2023-05-25;0.9259
2023-05-26;0.9276
2023-05-29;0.9308
2023-05-30;0.9319
2023-05-31;0.9323
2023-06-01;0.9341
2023-06-02;0.9376
2023-06-05;0.9366
2023-06-06;0.9375
2023-06-07;0.9352
2023-06-08;0.9347
2023-06-09;0.9371
2023-06-12;0.9378
2023-06-13;0.9395
2023-06-14;0.9389
2023-06-15;0.9372
2023-06-16;0.9395
2023-06-19;0.9372
2023-06-20;0.9384
2023-06-21;0.9371
2023-06-22;0.935
2023-06-23;0.9386
2023-06-26;0.9393
2023-06-27;0.9384
2023-06-28;0.9416
2023-06-29;0.9402
2023-06-30;0.9426
2023-07-03;0.9431
2023-07-04;0.9426
2023-07-05;0.9419
2023-07-07;0.9325
2023-07-10;0.9313
2023-07-11;0.9321
2023-07-12;0.9362
2023-07-13;0.9394
2023-07-14;0.94
2023-07-17;0.9404
2023-07-18;0.9444
2023-07-19;0.9467
2023-07-20;0.9436
2023-07-21;0.9444
2023-07-24;0.9462
2023-07-25;0.9473
2023-07-26;0.9452
2023-07-27;0.9486
2023-07-28;0.9471
2023-07-31;0.9473
2023-08-01;0.9456
2023-08-02;0.9431
2023-08-03;0.94
2023-08-04;0.9403
2023-08-07;0.9394
2023-08-08;0.9425
2023-08-09;0.9415
2023-08-10;0.942
2023-08-11;0.9385
2023-08-14;0.9388
2023-08-16;0.9355
2023-08-17;0.9318
2023-08-18;0.9321
2023-08-21;0.9304
2023-08-22;0.9342
2023-08-23;0.9391
2023-08-24;0.939
2023-08-25;0.9378
2023-08-28;0.9397
2023-08-29;0.9429
2023-08-30;0.9431
2023-08-31;0.9466
2023-09-01;0.9463
2023-09-04;0.9455
2023-09-05;0.9448
2023-09-06;0.9418
2023-09-07;0.942
2023-09-08;0.9429
2023-09-11;0.9422
2023-09-12;0.9422
2023-09-13;0.9414
2023-09-14;0.9457
2023-09-15;0.9431
2023-09-18;0.9404
2023-09-19;0.9382
2023-09-20;0.9402
2023-09-21;0.9353
2023-09-22;0.9345
2023-09-25;0.9324
2023-09-26;0.9304
2023-09-27;0.9305
2023-09-28;0.9259
2023-09-29;0.9313
2023-10-02;0.9291
2023-10-03;0.9243
2023-10-04;0.9236
2023-10-05;0.925
2023-10-06;0.9264
2023-10-09;0.93
2023-10-10;0.9336
2023-10-11;0.9349
2023-10-12;0.9356
2023-10-13;0.9347
2023-10-16;0.9346
2023-10-17;0.9325
2023-10-18;0.9297
2023-10-19;0.926
2023-10-20;0.9224
2023-10-23;0.9221
2023-10-24;0.9247
2023-10-25;0.9226
2023-10-26;0.9222
2023-10-27;0.9209
2023-10-30;0.9211
2023-10-31;0.9242
2023-11-03;0.9368
2023-11-06;0.9347
2023-11-07;0.9376
2023-11-08;0.9385
2023-11-09;0.9384
2023-11-10;0.9363
2023-11-13;0.9378
2023-11-14;0.943
2023-11-15;0.9437
2023-11-16;0.9442
2023-11-17;0.9452
2023-11-20;0.9448
2023-11-21;0.9478
2023-11-22;0.9503
2023-11-23;0.9486
2023-11-24;0.9473
2023-11-27;0.9493
2023-11-28;0.9506
2023-11-29;0.9541
2023-11-30;0.9547
2023-12-01;0.9595
2023-12-04;0.962
2023-12-05;0.9664
2023-12-06;0.9683
2023-12-07;0.9687
2023-12-08;0.9685
2023-12-11;0.9704
2023-12-12;0.9717
2023-12-13;0.9735
2023-12-14;0.9787
2023-12-15;0.9826
2023-12-18;0.9812
2023-12-19;0.9834
2023-12-20;0.9858
2023-12-21;0.9846
2023-12-22;0.9853
2023-12-27;0.9869
2023-12-28;0.987
2023-12-29;0.9854
2024-01-02;0.9837
2024-01-03;0.9833
2024-01-04;0.9803
2024-01-05;0.9787
2024-01-08;0.9798
2024-01-09;0.9799
2024-01-10;0.9792
2024-01-11;0.979
2024-01-12;0.9828
2024-01-15;0.982
2024-01-16;0.9822
2024-01-17;0.9786
2024-01-18;0.978
2024-01-19;0.9792
2024-01-22;0.9833
2024-01-23;0.9818
2024-01-24;0.9829
2024-01-25;0.9853
2024-01-26;0.9854
2024-01-29;0.989
2024-01-30;0.9885
2024-01-31;0.9905
2024-02-01;0.9904
2024-02-02;0.9907
2024-02-05;0.9884
2024-02-06;0.9891
2024-02-07;0.99
2024-02-08;0.9888
2024-02-09;0.988
2024-02-12;0.9907
2024-02-13;0.9876
2024-02-14;0.9895
2024-02-15;0.9911
2024-02-19;0.9889
2024-02-20;0.9875
2024-02-21;0.9854
2024-02-22;0.9896
2024-02-23;0.9927
2024-02-26;0.9907
2024-02-27;0.9888
2024-02-28;0.9888
2024-02-29;0.991
2024-03-01;0.9922
2024-03-04;0.993
2024-03-05;0.9947
2024-03-06;0.9949
2024-03-07;0.9971
2024-03-08;0.9992
2024-03-12;0.9983
2024-03-13;0.9973
2024-03-14;0.995
2024-03-15;0.9928
2024-03-18;0.9948
2024-03-19;0.9955
2024-03-20;0.9965
2024-03-21;1.0013
2024-03-22;1.0032
2024-03-25;1.0012
2024-03-26;1.0021
2024-03-27;1.0041
2024-03-28;1.0059
2024-03-29;1.0059
2024-04-02;0.9999
2024-04-03;0.9995
2024-04-04;1.0015
2024-04-05;0.9986
2024-04-08;0.998
2024-04-09;0.9993
2024-04-10;0.9983
2024-04-11;0.9967
2024-04-12;1.0009
2024-04-15;0.9979
2024-04-16;0.9919
2024-04-17;0.9911
2024-04-18;0.9915
2024-04-19;0.9891
2024-04-22;0.9896
2024-04-23;0.9921
2024-04-24;0.9904
2024-04-25;0.9863
2024-04-26;0.992
2024-04-29;0.9938
2024-04-30;0.9921
2024-05-02;0.991
2024-05-03;0.9949
2024-05-06;0.9973
2024-05-07;1.0011
2024-05-08;1.0001
2024-05-09;0.9994
2024-05-10;0.9999
2024-05-13;1.0001
2024-05-14;0.999
2024-05-15;1.0049
2024-05-16;1.0063
2024-05-17;1.0041
2024-05-20;1.0044
2024-05-21;1.0047
2024-05-22;1.0047
2024-05-23;1.0028
2024-05-24;1.0018
2024-05-27;1.003
2024-05-28;1.001
2024-05-29;0.9979
2024-05-30;0.9965
2024-05-31;0.9956
2024-06-03;0.9995
2024-06-04;1.0008
2024-06-05;1.0044
2024-06-06;1.0046
2024-06-07;1.0038
2024-06-10;1.0022
2024-06-11;1.0021
2024-06-12;1.0063
2024-06-13;1.0073
2024-06-14;1.0098
2024-06-17;1.009
2024-06-18;1.0112
2024-06-19;1.0115
2024-06-20;1.0125
2024-06-21;1.0122
2024-06-25;1.0122
2024-06-26;1.0114
2024-06-27;1.0108
2024-06-28;1.0114
2024-07-01;1.0077
2024-07-02;1.0073
2024-07-03;1.0098
2024-07-04;1.0099
2024-07-05;1.0117
2024-07-08;1.0134
2024-07-09;1.0129
2024-07-10;1.0151
2024-07-11;1.0174
2024-07-12;1.018
2024-07-15;1.0188
2024-07-16;1.0203
2024-07-17;1.0184
2024-07-18;1.0175
2024-07-19;1.0149
2024-07-22;1.0151
2024-07-23;1.0182
2024-07-24;1.0143
2024-07-25;1.0134
2024-07-26;1.0138
2024-07-29;1.0166
2024-07-30;1.0171
2024-07-31;1.0225
2024-08-01;1.0228
2024-08-02;1.0161
2024-08-05;1.0118
2024-08-06;1.0137
2024-08-07;1.0146
2024-08-08;1.0144
2024-08-09;1.0159
2024-08-12;1.0167
2024-08-13;1.0204
2024-08-14;1.0208
2024-08-16;1.024
2024-08-19;1.0252
2024-08-20;1.0258
2024-08-21;1.027
2024-08-22;1.0266
2024-08-23;1.027
2024-08-26;1.0264
2024-08-27;1.0251
2024-08-28;1.0256
2024-08-29;1.0276
2024-08-30;1.0265
2024-09-02;1.0272
2024-09-03;1.0265
2024-09-04;1.0255
2024-09-05;1.0248
2024-09-06;1.0234
2024-09-09;1.0258
2024-09-10;1.0276
2024-09-11;1.0274
2024-09-12;1.031
2024-09-13;1.033
2024-09-16;1.0335
2024-09-17;1.0354
2024-09-18;1.0325
2024-09-19;1.0355
2024-09-20;1.0335
2024-09-23;1.0362
2024-09-24;1.0369
2024-09-25;1.0363
2024-09-26;1.0374
2024-09-27;1.0402
2024-09-30;1.0399
2024-10-01;1.0433
2024-10-02;1.0428
2024-10-03;1.0416
2024-10-04;1.0408
2024-10-07;1.0398
2024-10-08;1.0402
2024-10-09;1.0418
2024-10-10;1.042
2024-10-11;1.0423
2024-10-14;1.0451
2024-10-15;1.0464
2024-10-16;1.0481
2024-10-17;1.0496
2024-10-18;1.0497
2024-10-21;1.0462
2024-10-22;1.0447
2024-10-23;1.0445
2024-10-24;1.0468
2024-10-25;1.0469
2024-10-28;1.0469
2024-10-29;1.0459
2024-10-30;1.0442
2024-10-31;1.039
2024-11-04;1.0383
2024-11-05;1.0389
2024-11-06;1.0478
2024-11-07;1.0481
2024-11-08;1.0533
2024-11-11;1.0586
2024-11-12;1.0574
2024-11-13;1.057
2024-11-14;1.0579
2024-11-15;1.0548
2024-11-18;1.0549
2024-11-19;1.0551
2024-11-20;1.0548
2024-11-21;1.0584
2024-11-22;1.0636
2024-11-25;1.0646
2024-11-26;1.0649
2024-11-27;1.0634
2024-11-28;1.0666
2024-11-29;1.0694
2024-12-02;1.0733
2024-12-03;1.0728
2024-12-04;1.0742
2024-12-05;1.0739
2024-12-06;1.0747
2024-12-09;1.0739
2024-12-10;1.0754
2024-12-11;1.0759
2024-12-12;1.0736
2024-12-13;1.0696
2024-12-16;1.0698
2024-12-17;1.0692
2024-12-18;1.0695
2024-12-19;1.0615
2024-12-20;1.0623
2024-12-23;1.0606
2024-12-27;1.0598
2024-12-30;1.0579
2024-12-31;1.058
2025-01-02;1.0614
2025-01-03;1.059
2025-01-06;1.0598
2025-01-07;1.0562
2025-01-08;1.0544
2025-01-09;1.0534
2025-01-10;1.0496
2025-01-13;1.0473
2025-01-14;1.0464
2025-01-15;1.0539
2025-01-16;1.0554
2025-01-17;1.0597
2025-01-20;1.0584
2025-01-21;1.0597
2025-01-22;1.0623
2025-01-23;1.0615
2025-01-24;1.0598
2025-01-27;1.0565
2025-01-28;1.0587
2025-01-29;1.0598
2025-01-30;1.0615
2025-01-31;1.066
2025-02-03;1.0663
2025-02-04;1.0651
2025-02-05;1.0661
2025-02-06;1.069
2025-02-07;1.0683
2025-02-10;1.07
2025-02-11;1.0665
2025-02-12;1.0628
2025-02-13;1.0667
2025-02-14;1.0658
2025-02-17;1.0652
2025-02-18;1.066
2025-02-19;1.0649
2025-02-20;1.0627
2025-02-21;1.0652
2025-02-24;1.0624
2025-02-25;1.06
2025-02-26;1.0633
2025-02-27;1.0641
2025-02-28;1.0625
2025-03-03;1.0597
2025-03-04;1.0512
2025-03-05;1.036
2025-03-06;1.029
2025-03-07;1.0272
2025-03-10;1.0266
2025-03-12;1.0191
2025-03-13;1.0177
2025-03-14;1.019
2025-03-17;1.0229
2025-03-18;1.0212
2025-03-19;1.0244
2025-03-20;1.0258
2025-03-21;1.025
2025-03-24;1.029
2025-03-25;1.0282
2025-03-26;1.0277
2025-03-27;1.0277
2025-03-28;1.0244
2025-03-31;1.0231
2025-04-01;1.0278
2025-04-02;1.0278
2025-04-03;1.0181
2025-04-04;1.0104
2025-04-07;1.0026
2025-04-08;1.0087
2025-04-09;0.9974
2025-04-10;1.0068
2025-04-11;1.005
2025-04-14;1.0138
2025-04-15;1.0164
2025-04-16;1.0148
2025-04-17;1.0132
2025-04-18;1.0134
2025-04-22;1.0125
2025-04-23;1.02
2025-04-24;1.0238
2025-04-25;1.0249
2025-04-28;1.0243
2025-04-29;1.0254
2025-04-30;1.0287
2025-05-02;1.0328
2025-05-05;1.0337
2025-05-06;1.0317
2025-05-07;1.0336
2025-05-08;1.0363
2025-05-09;1.0352
2025-05-12;1.0414
2025-05-13;1.0414
2025-05-14;1.0401
2025-05-15;1.0424
2025-05-16;1.0465
2025-05-19;1.0449
2025-05-20;1.0454
2025-05-21;1.0415
2025-05-22;1.0386
2025-05-23;1.0372
2025-05-26;1.0406
2025-05-27;1.0448
2025-05-28;1.045
2025-05-29;1.0451
2025-05-30;1.0455
2025-06-02;1.0427
2025-06-03;1.0465
2025-06-04;1.0464
2025-06-05;1.0454
2025-06-06;1.047
2025-06-09;1.0474
2025-06-10;1.0493
2025-06-11;1.0486
2025-06-12;1.0473
2025-06-13;1.0441
2025-06-16;1.0453
2025-06-17;1.0445
2025-06-18;1.0456
2025-06-19;1.0427
2025-06-20;1.0439
2025-06-23;1.0437
2025-06-25;1.0455
2025-06-26;1.0455
2025-06-27;1.0469
2025-06-30;1.0472
2025-07-01;1.0486
2025-07-02;1.0466
2025-07-03;1.0502
2025-07-04;1.0491
2025-07-07;1.0487
2025-07-08;1.0478
2025-07-09;1.0484
2025-07-10;1.0498
2025-07-11;1.0469
2025-07-14;1.0465
2025-07-15;1.0488
2025-07-16;1.045
2025-07-17;1.0507
2025-07-18;1.0492
2025-07-21;1.0527
2025-07-22;1.0522
2025-07-23;1.0539
2025-07-24;1.0517
2025-07-25;1.0511
2025-07-28;1.0546
2025-07-29;1.0552
2025-07-30;1.0559
2025-07-31;1.0564
2025-08-01;1.0486
2025-08-04;1.0537
2025-08-05;1.0538
2025-08-06;1.053
2025-08-07;1.0538
2025-08-08;1.0532
2025-08-11;1.0544
2025-08-12;1.0528
2025-08-13;1.0561
2025-08-14;1.0569
2025-08-18;1.0542
2025-08-19;1.0553
2025-08-20;1.0548
2025-08-21;1.0544
2025-08-22;1.0572
2025-08-25;1.0551
2025-08-26;1.055
2025-08-27;1.0567
2025-08-28;1.0561
2025-08-29;1.0541
2025-09-01;1.0541
2025-09-02;1.0489
2025-09-03;1.0518
2025-09-04;1.0546
2025-09-05;1.0552
2025-09-08;1.0576
2025-09-09;1.0571
2025-09-10;1.0576
2025-09-11;1.06
2025-09-12;1.0586
2025-09-15;1.0591
2025-09-16;1.0567
2025-09-17;1.0579
2025-09-18;1.0596
2025-09-19;1.0579
2025-09-22;1.058
2025-09-23;1.0579
2025-09-24;1.0571
2025-09-25;1.0556
2025-09-26;1.0566
2025-09-29;1.0591
2025-09-30;1.0594
2025-10-01;1.0613
2025-10-02;1.0625
2025-10-03;1.0639
2025-10-06;1.0635
2025-10-07;1.0627
2025-10-08;1.0661
2025-10-09;1.0658
2025-10-10;1.0623
2025-10-13;1.0651
2025-10-14;1.0662
2025-10-15;1.07
2025-10-16;1.0701
2025-10-17;1.0677
2025-10-20;1.0717
2025-10-21;1.0746
2025-10-22;1.0733
2025-10-23;1.0731
2025-10-24;1.0731
2025-10-27;1.0751
2025-10-28;1.075
2025-10-29;1.0748
2025-10-30;1.075
2025-10-31;1.0742
2025-11-03;1.0735
2025-11-04;1.073
2025-11-05;1.0725
2025-11-06;1.0694
2025-11-07;1.0666
2025-11-10;1.071
2025-11-11;1.0728
2025-11-12;1.0751
2025-11-13;1.071
2025-11-14;1.0686
2025-11-17;1.0678
2025-11-18;1.0641
2025-11-19;1.0649
2025-11-20;1.0654
2025-11-21;1.0647
2025-11-24;1.068
2025-11-25;1.0702
2025-11-26;1.0726
2025-11-27;1.0724
2025-11-28;1.0732
2025-12-01;1.0701
2025-12-02;1.0695
2025-12-03;1.07
2025-12-04;1.07
2025-12-05;1.0706
2025-12-08;1.0679
2025-12-09;1.0682
2025-12-10;1.0667
2025-12-11;1.0672
2025-12-12;1.0653
2025-12-15;1.0665
2025-12-16;1.0651
2025-12-17;1.064
2025-12-18;1.0671
2025-12-19;1.0665
2025-12-22;1.0666
2025-12-23;1.0683
2025-12-29;1.0703
2025-12-30;1.0699
2025-12-31;1.0698
2026-01-02;1.0672
2026-01-05;1.0713
2026-01-06;1.0735
2026-01-07;1.0755
2026-01-08;1.075
2026-01-09;1.0772
2026-01-12;1.0777
2026-01-13;1.0778
2026-01-14;1.0768
2026-01-15;1.0802
2026-01-16;1.079
2026-01-19;1.0757
2026-01-20;1.0719
2026-01-21;1.0723
2026-01-22;1.0749
2026-01-23;1.074
2026-01-26;1.0744
2026-01-27;1.0734
2026-01-28;1.0744
2026-01-29;1.0724
2026-01-30;1.0738
2026-02-02;1.0768
2026-02-03;1.0745
2026-02-04;1.0754
2026-02-05;1.0733
2026-02-06;1.0767
2026-02-09;1.078
2026-02-10;1.0805
2026-02-11;1.0804
2026-02-12;1.0787
2026-02-13;1.0796
2026-02-17;1.0815
2026-02-18;1.0843
2026-02-19;1.0836
2026-02-20;1.0852
2026-02-23;1.084
2026-02-24;1.086
2026-02-25;1.0882
2026-02-26;1.0887
2026-02-27;1.0886
2026-03-02;1.0868
2026-03-03;1.0791
2026-03-04;1.0839
2026-03-05;1.079
2026-03-06;1.0732
2026-03-09;1.0701
2026-03-10;1.0767
2026-03-12;1.0679
2026-03-13;1.0662
2026-03-16;1.0678
2026-03-17;1.0689
2026-03-18;1.0665
2026-03-19;1.0603
2026-03-20;1.0547
2026-03-23;1.0566
2026-03-24;1.0557
2026-03-25;1.0607
2026-03-26;1.054
2026-03-27;1.0472
2026-03-30;1.0508
2026-03-31;1.0526
2026-04-01;1.0605
2026-04-02;1.0598
2026-04-03;1.0598
2026-04-07;1.0559
2026-04-08;1.0695
2026-04-09;1.0674
2026-04-10;1.0664
2026-04-13;1.0648
2026-04-14;1.0705
2026-04-15;1.0716
2026-04-16;1.0738
2026-04-17;1.081
2026-04-20;1.079
2026-04-21;1.0786
2026-04-22;1.0789
2026-04-23;1.079
2026-04-24;1.0789
2026-04-27;1.0776
2026-04-28;1.0753
2026-04-29;1.0741
2026-04-30;1.0778
2026-05-04;1.0769
2026-05-05;1.0793
2026-05-06;1.0872
2026-05-07;1.0882
2026-05-08;1.0878
2026-05-11;1.0866
2026-05-12;1.0817
2026-05-13;1.0841
2026-05-14;1.0901
2026-05-15;1.0835
2026-05-18;1.0814
2026-05-19;1.0801
2026-05-20;1.0857
2026-05-21;1.0865
2026-05-22;1.0926
2026-05-25;1.0991
2026-05-26;1.0969
2026-05-27;1.097
2026-05-28;1.0987
2026-05-29;1.1012
2026-06-01;1.0997
2026-06-02;1.102
2026-06-03;1.0982
2026-06-04;1.0984
2026-06-05;1.0959
2026-06-08;1.0932
2026-06-09;1.09
2026-06-10;1.0885
2026-06-11;1.0898
2026-06-12;1.0968
2026-06-15;1.1028
2026-06-16;1.1036
2026-06-17;1.1038
2026-06-18;1.1051
2026-06-19;1.1029
2026-06-22;1.1047
2026-06-23;1.1033
2026-06-25;1.1068
2026-06-26;1.1065
2026-06-29;1.1064
2026-06-30;1.109
2026-07-01;1.1099
2026-07-02;1.1076
2026-07-03;1.1075
2026-07-07;1.1047
2026-07-08;1.0967
2026-07-09;1.1011
2026-07-10;1.1032
2026-07-13;1.1021
2026-07-14;1.1006
2026-07-15;1.1004
2026-07-16;1.0996
2026-07-17;1.0967
2026-07-20;1.097
2026-07-21;1.0971
2026-07-22;1.0967
2026-07-23;1.0911
2026-07-24;1.0948
2026-07-27;1.0963
2026-07-28;1.0988
2026-07-29;1.0955
2026-07-30;1.0933
2026-07-31;1.0942
2026-08-03;1.101
2026-08-04;1.1066
2026-08-05;1.1082
2026-08-06;1.1074
2026-08-07;1.1088
2026-08-10;1.1071
2026-08-11;1.1072
2026-08-12;1.1074
2026-08-13;1.1096
2026-08-14;1.1064
2026-08-17;1.1046
2026-08-18;1.0996
2026-08-19;1.0991
2026-08-20;1.0975
2026-08-21;1.0984
2026-08-24;1.0976
2026-08-25;1.1007
2026-08-26;1.1003
2026-08-27;1.1009
2026-08-28;1.1024
2026-08-31;1.0972
2026-09-01;1.095
2026-09-02;1.0933
2026-09-03;1.0973
2026-09-04;1.0971
2026-09-07;1.0953
2026-09-08;1.0951
2026-09-09;1.0896
2026-09-10;1.0842
2026-09-11;1.0865
2026-09-14;1.0843
2026-09-15;1.0829
2026-09-16;1.0855
2026-09-17;1.0885
2026-09-18;1.0848
2026-09-21;1.0919
2026-09-22;1.093
2026-09-23;1.0881
2026-09-24;1.0834
2026-09-25;1.084
2026-09-28;1.081
2026-09-29;1.0816
2026-09-30;1.0824
2026-10-01;1.0795
2026-10-02;1.0832
