month,cpi
2004-01,43.4198
2004-02,43.3184
2004-03,43.5382
2004-04,43.7266
2004-05,44.4015
2004-06,44.4482
2004-07,44.4464
2004-08,44.2709
2004-09,44.5332
2004-10,44.5992
2004-11,44.7153
2004-12,44.6868
2005-01,44.6748
2005-02,44.7528
2005-03,44.9543
2005-04,45.1137
2005-05,45.2587
2005-06,45.3230
2005-07,45.2359
2005-08,45.2772
2005-09,45.6664
2005-10,45.9617
2005-11,45.9723
2005-12,46.0062
2006-01,46.2216
2006-02,46.2431
2006-03,46.3572
2006-04,46.6787
2006-05,46.8808
2006-06,46.9924
2006-07,47.2124
2006-08,47.1764
2006-09,47.1151
2006-10,47.6043
2006-11,47.9872
2006-12,48.0759
2007-01,48.0849
2007-02,48.2348
2007-03,48.5039
2007-04,48.9219
2007-05,49.1542
2007-06,49.2713
2007-07,49.6013
2007-08,49.7739
2007-09,50.4490
2007-10,51.2044
2007-11,51.7425
2007-12,51.9919
2008-01,52.8331
2008-02,53.4237
2008-03,53.9659
2008-04,54.6343
2008-05,55.0731
2008-06,55.4162
2008-07,55.6453
2008-08,55.7356
2008-09,56.0157
2008-10,56.5769
2008-11,56.4382
2008-12,56.3965
2009-01,57.9234
2009-02,58.0832
2009-03,58.0979
2009-04,58.0502
2009-05,57.9585
2009-06,57.7590
2009-07,57.3123
2009-08,57.1960
2009-09,57.5452
2009-10,57.2916
2009-11,57.3039
2009-12,57.1193
2010-01,57.8412
2010-02,57.8097
2010-03,57.9808
2010-04,58.2303
2010-05,58.3358
2010-06,58.3630
2010-07,58.3843
2010-08,58.2362
2010-09,58.5818
2010-10,58.8527
2010-11,58.8430
2010-12,59.3059
2011-01,59.5333
2011-02,59.5798
2011-03,60.1817
2011-04,60.8111
2011-05,61.2630
2011-06,61.1830
2011-07,61.0427
2011-08,60.8208
2011-09,61.2433
2011-10,61.3024
2011-11,61.4228
2011-12,61.3244
2012-01,61.5312
2012-02,61.7772
2012-03,62.3714
2012-04,62.7459
2012-05,62.7853
2012-06,62.7383
2012-07,62.7516
2012-08,62.8550
2012-09,63.3113
2012-10,63.2124
2012-11,63.1152
2012-12,63.0614
2013-01,63.1594
2013-02,63.1304
2013-03,63.3295
2013-04,63.5217
2013-05,63.6448
2013-06,63.4920
2013-07,63.0712
2013-08,63.1087
2013-09,63.5458
2013-10,63.4696
2013-11,63.3712
2013-12,63.2913
2014-01,63.2606
2014-02,63.2328
2014-03,63.4550
2014-04,63.6473
2014-05,63.5903
2014-06,63.5928
2014-07,63.2690
2014-08,63.2166
2014-09,63.4856
2014-10,63.5359
2014-11,63.5144
2014-12,63.1243
2015-01,62.3030
2015-02,62.0979
2015-03,62.5741
2015-04,62.9853
2015-05,63.2980
2015-06,63.2536
2015-07,62.9582
2015-08,62.4360
2015-09,62.8193
2015-10,63.1145
2015-11,63.2865
2015-12,63.0709
2016-01,62.8590
2016-02,62.6579
2016-03,63.2968
2016-04,63.6285
2016-05,63.6228
2016-06,63.6944
2016-07,63.2481
2016-08,62.9522
2016-09,63.3458
2016-10,63.6806
2016-11,63.8916
2016-12,64.1489
2017-01,64.3098
2017-02,64.5321
2017-03,65.2614
2017-04,65.8844
2017-05,65.7876
2017-06,65.9561
2017-07,65.7343
2017-08,65.7039
2017-09,66.3757
2017-10,66.4785
2017-11,66.6748
2017-12,66.6603
2018-01,66.8892
2018-02,66.7741
2018-03,67.0127
2018-04,67.4269
2018-05,67.6943
2018-06,67.6901
2018-07,67.3560
2018-08,67.1014
2018-09,67.9989
2018-10,68.4337
2018-11,68.3533
2018-12,67.9247
2019-01,68.0568
2019-02,68.1438
2019-03,68.7832
2019-04,69.3378
2019-05,69.4988
2019-06,69.3648
2019-07,69.1437
2019-08,68.8698
2019-09,69.5035
2019-10,69.5569
2019-11,69.5466
2019-12,69.7744
2020-01,70.0781
2020-02,70.0425
2020-03,69.9899
2020-04,70.0467
2020-05,69.7073
2020-06,70.0631
2020-07,69.8689
2020-08,69.7385
2020-09,70.0204
2020-10,70.0666
2020-11,69.9671
2020-12,69.9450
2021-01,70.2869
2021-02,70.4389
2021-03,71.1354
2021-04,71.7971
2021-05,72.2049
2021-06,72.6037
2021-07,73.1195
2021-08,73.4124
2021-09,74.4464
2021-10,75.6808
2021-11,76.3966
2021-12,77.3314
2022-01,79.0101
2022-02,80.4309
2022-03,82.3212
2022-04,83.8864
2022-05,85.8506
2022-06,87.8394
2022-07,88.9259
2022-08,89.8295
2022-09,92.4026
2022-10,93.5077
2022-11,93.8869
2022-12,94.1413
2023-01,94.8279
2023-02,95.5024
2023-03,95.9979
2023-04,96.0377
2023-05,95.8789
2023-06,95.7813
2023-07,95.5482
2023-08,95.3723
2023-09,95.8343
2023-10,96.1383
2023-11,95.7526
2023-12,95.2781
2024-01,95.5278
2024-02,96.2077
2024-03,96.0299
2024-04,96.1040
2024-05,96.3967
2024-06,96.4835
2024-07,96.4048
2024-08,96.0007
2024-09,96.3035
2024-10,96.4211
2024-11,97.0287
2024-12,97.2577
2025-01,98.9741
2025-02,99.5432
2025-03,99.9431
2025-04,100.0504
2025-05,99.7148
2025-06,100.0063
2025-07,100.0478
2025-08,99.8362
2025-09,100.1516
2025-10,100.3726
2025-11,100.7512
2025-12,100.6088
2026-01,102.0702
2026-02,103.1526
2026-03,104.7087
2026-04,105.3110
2026-05,105.2294
2026-06,105.7491
2026-07,105.9805
2026-08,105.8807
2026-09,106.9034
