date,fund,unit_value_eur,source
2004-06-15,SEB pensija 2,0.289492,owner table (value/units)
2004-09-15,SEB pensija 2,0.292965,owner table (value/units)
2004-12-15,SEB pensija 2,0.301664,owner table (value/units)
2005-03-15,SEB pensija 2,0.314944,owner table (value/units)
2005-06-14,SEB pensija 2,0.324840,owner table (value/units)
2005-09-15,SEB pensija 2,0.345199,owner table (value/units)
2005-12-15,SEB pensija 2,0.350975,owner table (value/units)
2006-03-15,SEB pensija 2,0.362510,owner table (value/units)
2006-03-27,SEB pensija 3,0.289620,owner table (value/units)
2006-06-15,SEB pensija 3,0.261721,owner table (value/units)
2006-09-15,SEB pensija 3,0.278626,owner table (value/units)
2006-12-14,SEB pensija 3,0.297914,owner table (value/units)
2007-03-13,SEB pensija 3,0.311089,owner table (value/units)
2007-06-12,SEB pensija 3,0.328465,owner table (value/units)
2007-09-10,SEB pensija 3,0.321454,owner table (value/units)
2007-12-10,SEB pensija 3,0.345693,owner table (value/units)
2008-03-14,SEB pensija 3,0.308133,owner table (value/units)
2008-06-13,SEB pensija 3,0.319684,owner table (value/units)
2008-09-12,SEB pensija 3,0.282739,owner table (value/units)
2008-12-15,SEB pensija 3,0.186674,owner table (value/units)
2009-03-13,SEB pensija 3,0.168721,owner table (value/units)
2009-06-15,SEB pensija 3,0.213579,owner table (value/units)
2009-09-11,SEB pensija 3,0.232520,owner table (value/units)
2009-12-11,SEB pensija 3,0.241962,owner table (value/units)
2010-03-15,SEB pensija 3,0.264030,owner table (value/units)
2010-04-15,SEB pensija 3,0.277438,owner table (value/units)
2010-05-13,SEB pensija 3,0.271878,owner table (value/units)
2010-06-11,SEB pensija 3,0.263796,owner table (value/units)
2010-07-13,SEB pensija 3,0.261076,owner table (value/units)
2010-08-13,SEB pensija 3,0.261971,owner table (value/units)
2010-09-10,SEB pensija 3,0.270399,owner table (value/units)
2010-10-13,SEB pensija 3,0.269155,owner table (value/units)
2010-11-12,SEB pensija 3,0.275786,owner table (value/units)
2010-12-13,SEB pensija 3,0.288154,owner table (value/units)
2011-01-13,SEB pensija 3,0.302400,owner table (value/units)
2011-02-11,SEB pensija 3,0.290843,owner table (value/units)
2011-03-16,SEB pensija 3,0.279377,owner table (value/units)
2011-04-13,SEB pensija 3,0.286647,owner table (value/units)
2011-05-13,SEB pensija 3,0.288443,owner table (value/units)
2011-06-13,SEB pensija 3,0.280102,owner table (value/units)
2011-07-14,SEB pensija 3,0.286704,owner table (value/units)
2011-08-12,SEB pensija 3,0.255310,owner table (value/units)
2011-09-13,SEB pensija 3,0.255427,owner table (value/units)
2011-10-14,SEB pensija 3,0.252965,owner table (value/units)
2011-11-11,SEB pensija 3,0.259017,owner table (value/units)
2011-12-14,SEB pensija 3,0.252532,owner table (value/units)
2012-01-12,SEB pensija 3,0.267794,owner table (value/units)
2012-02-13,SEB pensija 3,0.280855,owner table (value/units)
2012-03-15,SEB pensija 3,0.291164,owner table (value/units)
2012-04-12,SEB pensija 3,0.281896,owner table (value/units)
2012-05-14,SEB pensija 3,0.273990,owner table (value/units)
2012-06-13,SEB pensija 3,0.271414,owner table (value/units)
2012-07-12,SEB pensija 3,0.280767,owner table (value/units)
2012-08-13,SEB pensija 3,0.293626,owner table (value/units)
2012-09-13,SEB pensija 3,0.292090,owner table (value/units)
2012-10-11,SEB pensija 3,0.293538,owner table (value/units)
2012-11-13,SEB pensija 3,0.290121,owner table (value/units)
2012-12-13,SEB pensija 3,0.297363,owner table (value/units)
2013-01-11,SEB pensija 3,0.305296,owner table (value/units)
2013-02-13,SEB pensija 3,0.304744,owner table (value/units)
2013-03-14,SEB pensija 3,0.312537,owner table (value/units)
2013-04-10,SEB pensija 3,0.309177,owner table (value/units)
2013-05-14,SEB pensija 3,0.319052,owner table (value/units)
2013-06-12,SEB pensija 3,0.300837,owner table (value/units)
2013-07-10,SEB pensija 3,0.304660,owner table (value/units)
2013-08-12,SEB pensija 3,0.308685,owner table (value/units)
2013-09-11,SEB pensija 3,0.311321,owner table (value/units)
2013-10-14,SEB pensija 3,0.314390,owner table (value/units)
2013-11-12,SEB pensija 3,0.321687,owner table (value/units)
2013-12-11,SEB pensija 3,0.316562,owner table (value/units)
2014-01-14,SEB pensija 3,0.318183,owner table (value/units)
2014-02-11,SEB pensija 3,0.312538,owner table (value/units)
2014-03-12,SEB pensija 3,0.310625,owner table (value/units)
2014-04-09,SEB pensija 3,0.318791,owner table (value/units)
2014-05-12,SEB pensija 3,0.322471,owner table (value/units)
2014-06-11,SEB pensija 3,0.337820,owner table (value/units)
2014-07-09,SEB pensija 3,0.336688,owner table (value/units)
2014-08-12,SEB pensija 3,0.332780,owner table (value/units)
2014-09-10,SEB pensija 3,0.349344,owner table (value/units)
2014-10-14,SEB pensija 3,0.328435,owner table (value/units)
2014-11-11,SEB pensija 3,0.344826,owner table (value/units)
2014-12-10,SEB pensija 3,0.343292,owner table (value/units)
2015-01-13,SEB pensija 3,0.351099,owner table (value/units)
2015-02-10,SEB pensija 3,0.368200,owner table (value/units)
2015-03-10,SEB pensija 3,0.386701,owner table (value/units)
2015-04-14,SEB pensija 3,0.403001,owner table (value/units)
2015-05-12,SEB pensija 3,0.385699,owner table (value/units)
2015-06-10,SEB pensija 3,0.378700,owner table (value/units)
2015-07-08,SEB pensija 3,0.375699,owner table (value/units)
2015-08-12,SEB pensija 3,0.373100,owner table (value/units)
2015-09-08,SEB pensija 3,0.349999,owner table (value/units)
2015-10-13,SEB pensija 3,0.354700,owner table (value/units)
2015-11-10,SEB pensija 3,0.372800,owner table (value/units)
2015-12-08,SEB pensija 3,0.364601,owner table (value/units)
2016-01-12,SEB pensija 3,0.343901,owner table (value/units)
2016-02-11,SEB pensija 3,0.320501,owner table (value/units)
2016-03-08,SEB pensija 3,0.350900,owner table (value/units)
2016-04-11,SEB pensija 3,0.349699,owner table (value/units)
2016-05-10,SEB pensija 3,0.351600,owner table (value/units)
2016-06-10,SEB pensija 3,0.356900,owner table (value/units)
2016-07-11,SEB pensija 3,0.366700,owner table (value/units)
2016-08-09,SEB pensija 3,0.375801,owner table (value/units)
2016-09-09,SEB pensija 3,0.373600,owner table (value/units)
2016-10-11,SEB pensija 3,0.373900,owner table (value/units)
2016-11-10,SEB pensija 3,0.373900,owner table (value/units)
2016-12-12,SEB pensija 3,0.391100,owner table (value/units)
2017-01-10,SEB pensija 3,0.394600,owner table (value/units)
2017-02-10,SEB pensija 3,0.401899,owner table (value/units)
2017-03-13,SEB pensija 3,0.406800,owner table (value/units)
2017-04-11,SEB pensija 3,0.410900,owner table (value/units)
2017-05-09,SEB pensija 3,0.414500,owner table (value/units)
2017-06-09,SEB pensija 3,0.412501,owner table (value/units)
2017-07-11,SEB pensija 3,0.403300,owner table (value/units)
2017-08-09,SEB pensija 3,0.403700,owner table (value/units)
2017-09-11,SEB pensija 3,0.402700,owner table (value/units)
2017-10-10,SEB pensija 3,0.415800,owner table (value/units)
2017-11-13,SEB pensija 3,0.422400,owner table (value/units)
2017-12-12,SEB pensija 3,0.426300,owner table (value/units)
2018-01-10,SEB pensija 3,0.437301,owner table (value/units)
2018-02-09,SEB pensija 3,0.405200,owner table (value/units)
2018-03-09,SEB pensija 3,0.424700,owner table (value/units)
2018-04-09,SEB pensija 3,0.412800,owner table (value/units)
2018-05-08,SEB pensija 3,0.427600,owner table (value/units)
2018-06-07,SEB pensija 3,0.436900,owner table (value/units)
2018-07-05,SEB pensija 3,0.424399,owner table (value/units)
2018-08-07,SEB pensija 3,0.441100,owner table (value/units)
2018-09-06,SEB pensija 3,0.430900,owner table (value/units)
2018-10-04,SEB pensija 3,0.437500,owner table (value/units)
2018-11-08,SEB pensija 3,0.427100,owner table (value/units)
2018-12-06,SEB pensija 3,0.410400,owner table (value/units)
