from,sodra_pct,state_pct,participant_pct,participant_gradual_pct
2004-01-01,2.5,0,0,
2005-01-01,3.5,0,0,
2006-01-01,4.5,0,0,
2007-01-01,5.5,0,0,
2008-01-01,5.5,0,0,
2009-01-01,3.0,0,0,
2009-07-01,2.0,0,0,
2010-01-01,2.0,0,0,
2011-01-01,2.0,0,0,
2012-01-01,1.5,0,0,
2013-01-01,2.5,0,0,
2014-01-01,2.0,0,0,
2015-01-01,2.0,0,0,
2016-01-01,2.0,2.0,2.0,
2017-01-01,2.0,2.0,2.0,
2018-01-01,2.0,2.0,2.0,
2019-01-01,0,1.5,3.0,1.8
2020-01-01,0,1.5,3.0,2.1
2021-01-01,0,1.5,3.0,2.4
2022-01-01,0,1.5,3.0,2.7
2023-01-01,0,1.5,3.0,3.0
2024-01-01,0,1.5,3.0,3.0
2025-01-01,0,1.5,3.0,3.0
2026-01-01,0,1.5,3.0,3.0
