date,months,source
2004-06-15,3,owner
2004-09-15,3,owner
2004-12-15,3,owner
2005-03-15,3,owner
2005-06-14,3,owner
2005-09-15,3,owner
2005-12-15,3,owner
2006-03-15,3,owner
2006-06-15,3,owner
2006-09-15,3,owner
2006-12-14,3,owner
2007-03-13,3,owner
2007-06-12,3,owner
2007-09-10,3,owner
2007-12-10,3,owner
2008-03-14,3,owner
2008-06-13,3,owner
2008-09-12,3,owner
2008-12-15,3,owner
2009-03-13,3,owner
2009-06-15,3,owner
2009-09-11,3,owner
2009-12-11,3,owner
2010-03-15,3,owner
2010-04-15,1,owner
2010-05-13,1,owner
2010-06-11,1,owner
2010-07-13,1,owner
2010-08-13,1,owner
2010-09-10,1,owner
2010-10-13,1,owner
2010-11-12,1,owner
2010-12-13,1,owner
2011-01-13,1,owner
2011-02-11,1,owner
2011-03-16,1,owner
2011-04-13,1,owner
2011-05-13,1,owner
2011-06-13,1,owner
2011-07-14,1,owner
2011-08-12,1,owner
2011-09-13,1,owner
2011-10-14,1,owner
2011-11-11,1,owner
2011-12-14,1,owner
2012-01-12,1,owner
2012-02-13,1,owner
2012-03-15,1,owner
2012-04-12,1,owner
2012-05-14,1,owner
2012-06-13,1,owner
2012-07-12,1,owner
2012-08-13,1,owner
2012-09-13,1,owner
2012-10-11,1,owner
2012-11-13,1,owner
2012-12-13,1,owner
2013-01-11,1,owner
2013-02-13,1,owner
2013-03-14,1,owner
2013-04-10,1,owner
2013-05-14,1,owner
2013-06-12,1,owner
2013-07-10,1,owner
2013-08-12,1,owner
2013-09-11,1,owner
2013-10-14,1,owner
2013-11-12,1,owner
2013-12-11,1,owner
2014-01-14,1,owner
2014-02-11,1,owner
2014-03-12,1,owner
2014-04-09,1,owner
2014-05-12,1,owner
2014-06-11,1,owner
2014-07-09,1,owner
2014-08-12,1,owner
2014-09-10,1,owner
2014-10-14,1,owner
2014-11-11,1,owner
2014-12-10,1,owner
2015-01-13,1,owner
2015-02-10,1,owner
2015-03-10,1,owner
2015-04-14,1,owner
2015-05-12,1,owner
2015-06-10,1,owner
2015-07-08,1,owner
2015-08-12,1,owner
2015-09-08,1,owner
2015-10-13,1,owner
2015-11-10,1,owner
2015-12-08,1,owner
2016-01-12,1,owner
2016-02-11,1,owner
2016-03-08,1,owner
2016-04-11,1,owner
2016-05-10,1,owner
2016-06-10,1,owner
2016-07-11,1,owner
2016-08-09,1,owner
2016-09-09,1,owner
2016-10-11,1,owner
2016-11-10,1,owner
2016-12-12,1,owner
2017-01-10,1,owner
2017-02-10,1,owner
2017-03-13,1,owner
2017-04-11,1,owner
2017-05-09,1,owner
2017-06-09,1,owner
2017-07-11,1,owner
2017-08-09,1,owner
2017-09-11,1,owner
2017-10-10,1,owner
2017-11-13,1,owner
2017-12-12,1,owner
2018-01-10,1,owner
2018-02-09,1,owner
2018-03-09,1,owner
2018-04-09,1,owner
2018-05-08,1,owner
2018-06-07,1,owner
2018-07-05,1,owner
2018-08-07,1,owner
2018-09-06,1,owner
2018-10-04,1,owner
2018-11-08,1,owner
2018-12-06,1,owner
2019-01-11,1,owner
2019-02-08,1,owner
2019-03-08,1,owner
2019-04-05,1,owner
2019-05-09,1,owner
2019-06-06,1,owner
2019-07-05,1,owner
2019-08-08,1,owner
2019-09-05,1,owner
2019-10-10,1,owner
2019-11-07,1,owner
2019-12-05,1,owner
2020-01-09,1,owner
2020-02-13,1,owner
2020-03-06,1,owner
2020-04-09,1,owner
2020-05-08,1,owner
2020-06-08,1,owner
2020-07-10,1,owner
2020-08-10,1,owner
2020-09-10,1,owner
2020-10-08,1,owner
2020-11-12,1,owner
2020-12-10,1,owner
2021-01-11,1,owner
2021-02-11,1,owner
2021-03-05,1,owner
2021-04-14,1,owner
2021-05-06,1,owner
2021-06-10,1,owner
2021-07-09,1,owner
2021-08-06,1,owner
2021-09-09,1,owner
2021-10-07,1,owner
2021-11-11,1,owner
2021-12-09,1,owner
2022-01-10,1,owner
2022-02-10,1,owner
2022-03-10,1,owner
2022-04-07,1,owner
2022-05-12,1,owner
2022-06-09,1,owner
2022-07-11,1,owner
2022-08-09,1,owner
2022-09-08,1,owner
2022-10-13,1,owner
2022-11-10,1,owner
2022-12-08,1,owner
2023-01-12,1,owner
2023-02-09,1,owner
2023-03-09,1,owner
2023-04-06,1,owner
2023-05-11,1,owner
2023-06-08,1,owner
2023-07-10,1,owner
2023-08-08,1,owner
2023-09-07,1,owner
2023-10-05,1,owner
2023-11-09,1,owner
2023-12-07,1,owner
2024-01-11,1,owner
2024-02-08,1,owner
2024-03-07,1,owner
2024-04-11,1,owner
2024-05-09,1,owner
2024-06-13,1,owner
2024-07-11,1,owner
2024-08-08,1,owner
2024-09-12,1,owner
2024-10-10,1,owner
2024-11-08,1,owner
2024-12-12,1,owner
2025-01-09,1,owner
2025-02-13,1,owner
2025-03-06,1,sodra.lt
2025-04-11,1,sodra.lt
2025-05-08,1,sodra.lt
2025-06-12,1,sodra.lt
2025-07-10,1,sodra.lt
2025-08-07,1,sodra.lt
2025-09-11,1,sodra.lt
2025-10-09,1,sodra.lt
2025-11-13,1,sodra.lt
2025-12-11,1,sodra.lt
2026-01-08,1,sodra.lt
2026-02-06,1,sodra.lt
2026-03-13,1,sodra.lt
2026-04-15,1,sodra.lt
2026-05-14,1,sodra.lt
2026-06-11,1,sodra.lt
2026-07-15,1,sodra.lt
2026-08-13,1,sodra.lt
2026-09-10,1,sodra.lt
2026-10-15,1,sodra.lt
2026-11-12,1,sodra.lt
2026-12-10,1,sodra.lt
