year,gross,net,source
1995,139.3,105.0,osp.stat.gov.lt
1996,179.0,135.2,osp.stat.gov.lt
1997,225.4,167.0,osp.stat.gov.lt
1998,269.3,198.0,osp.stat.gov.lt
1999,286.0,209.2,osp.stat.gov.lt
2000,281.2,200.5,osp.stat.gov.lt
2001,284.5,202.6,osp.stat.gov.lt
2002,293.6,211.0,osp.stat.gov.lt
2003,310.6,227.8,osp.stat.gov.lt
2004,332.9,242.0,osp.stat.gov.lt
2005,369.6,265.5,osp.stat.gov.lt
2006,433.2,316.5,osp.stat.gov.lt
2007,522.0,391.5,osp.stat.gov.lt
2008,623.2,478.1,osp.stat.gov.lt
2009,595.5,464.0,osp.stat.gov.lt
2010,575.8,449.6,osp.stat.gov.lt
2011,592.5,461.8,osp.stat.gov.lt
2012,615.1,478.3,osp.stat.gov.lt
2013,646.3,501.1,osp.stat.gov.lt
2014,677.4,527.2,osp.stat.gov.lt
2015,714.1,553.9,osp.stat.gov.lt
2016,774.0,602.3,osp.stat.gov.lt
2017,840.4,660.2,osp.stat.gov.lt
2018,924.1,720.0,osp.stat.gov.lt
2019,1296.4,822.1,osp.stat.gov.lt
2020,1428.6,913.1,osp.stat.gov.lt
2021,1579.4,1001.8,osp.stat.gov.lt
2022,1789.0,1121.1,osp.stat.gov.lt
2023,2013.8,1249.0,osp.stat.gov.lt
2024,2223.0,1368.0,osp.stat.gov.lt
2025,2337.7,1436.4,osp.stat.gov.lt
