Date,Luminor pensijų turto išsaugojimo fondas
2026-10-01,1.1569
2026-09-30,1.158
2026-09-29,1.1571
2026-09-28,1.1567
2026-09-25,1.1595
2026-09-24,1.1589
2026-09-23,1.1621
2026-09-22,1.1673
2026-09-21,1.1664
2026-09-18,1.161
2026-09-17,1.1636
2026-09-16,1.1604
2026-09-15,1.1582
2026-09-14,1.1599
2026-09-11,1.1629
2026-09-10,1.161
2026-09-09,1.1666
2026-09-08,1.1711
2026-09-07,1.1711
2026-09-04,1.172
2026-09-03,1.1716
2026-09-02,1.1687
2026-09-01,1.1699
2026-08-31,1.1715
2026-08-28,1.1749
2026-08-27,1.1739
2026-08-26,1.1739
2026-08-25,1.1741
2026-08-24,1.1713
2026-08-21,1.1719
2026-08-20,1.1712
2026-08-19,1.1723
2026-08-18,1.1724
2026-08-17,1.1766
2026-08-14,1.1769
2026-08-13,1.1796
2026-08-12,1.178
2026-08-11,1.1769
2026-08-10,1.177
2026-08-07,1.1777
2026-08-06,1.1767
2026-08-05,1.1774
2026-08-04,1.1765
2026-08-03,1.1721
2026-07-31,1.1674
2026-07-30,1.1673
2026-07-29,1.1673
2026-07-28,1.1703
2026-07-27,1.169
2026-07-24,1.1677
2026-07-23,1.1657
2026-07-22,1.1698
2026-07-21,1.1705
2026-07-20,1.1696
2026-07-17,1.1696
2026-07-16,1.1718
2026-07-15,1.1729
2026-07-14,1.1726
2026-07-13,1.1733
2026-07-10,1.1749
2026-07-09,1.1738
2026-07-08,1.1711
2026-07-07,1.1753
2026-07-03,1.1785
2026-07-02,1.1773
2026-07-01,1.1787
2026-06-30,1.1788
2026-06-29,1.1763
2026-06-26,1.1763
2026-06-25,1.1767
2026-06-23,1.1745
2026-06-22,1.1768
2026-06-19,1.1752
2026-06-18,1.1762
2026-06-17,1.1747
2026-06-16,1.1745
2026-06-15,1.174
2026-06-12,1.1696
2026-06-11,1.1648
2026-06-10,1.1623
2026-06-09,1.1636
2026-06-08,1.1651
2026-06-05,1.1664
2026-06-04,1.1705
2026-06-03,1.1707
2026-06-02,1.1732
2026-06-01,1.1715
2026-05-29,1.171
2026-05-28,1.1692
2026-05-27,1.1686
2026-05-26,1.1676
2026-05-25,1.1681
2026-05-22,1.1634
2026-05-21,1.1602
2026-05-20,1.1589
2026-05-19,1.155
2026-05-18,1.1568
2026-05-15,1.1579
2026-05-14,1.1627
2026-05-13,1.159
2026-05-12,1.1574
2026-05-11,1.1618
2026-05-08,1.1623
2026-05-07,1.1615
2026-05-06,1.161
2026-05-05,1.1563
2026-05-04,1.1535
2026-04-30,1.1536
2026-04-29,1.1503
2026-04-28,1.1521
2026-04-27,1.1542
2026-04-24,1.1539
2026-04-23,1.1536
2026-04-22,1.1538
2026-04-21,1.1536
2026-04-20,1.1551
2026-04-17,1.1553
2026-04-16,1.1509
2026-04-15,1.1496
2026-04-14,1.1486
2026-04-13,1.1451
2026-04-10,1.1464
2026-04-09,1.147
2026-04-08,1.145
2026-04-07,1.1337
2026-04-03,1.1355
2026-04-02,1.1355
2026-04-01,1.1347
2026-03-31,1.1296
2026-03-30,1.1275
2026-03-27,1.1265
2026-03-26,1.1311
2026-03-25,1.1347
2026-03-24,1.1314
2026-03-23,1.1324
2026-03-20,1.1319
2026-03-19,1.1381
2026-03-18,1.1433
2026-03-17,1.1453
2026-03-16,1.1434
2026-03-13,1.1423
2026-03-12,1.1448
2026-03-10,1.1506
2026-03-09,1.1471
2026-03-06,1.1499
2026-03-05,1.1542
2026-03-04,1.1566
2026-03-03,1.1548
2026-03-02,1.1603
2026-02-27,1.1619
2026-02-26,1.1621
2026-02-25,1.162
2026-02-24,1.1601
2026-02-23,1.1591
2026-02-20,1.1596
2026-02-19,1.1582
2026-02-18,1.1582
2026-02-17,1.1564
2026-02-13,1.1555
2026-02-12,1.1552
2026-02-11,1.1554
2026-02-10,1.1546
2026-02-09,1.153
2026-02-06,1.1513
2026-02-05,1.1505
2026-02-04,1.1516
2026-02-03,1.1516
2026-02-02,1.152
2026-01-30,1.1508
2026-01-29,1.1497
2026-01-28,1.1506
2026-01-27,1.1497
2026-01-26,1.1496
2026-01-23,1.1492
2026-01-22,1.1489
2026-01-21,1.1467
2026-01-20,1.1482
2026-01-19,1.15
2026-01-16,1.1517
2026-01-15,1.1518
2026-01-14,1.1497
2026-01-13,1.1499
2026-01-12,1.1498
2026-01-09,1.1485
2026-01-08,1.1474
2026-01-07,1.1483
2026-01-06,1.1463
2026-01-05,1.144
2026-01-02,1.141
2025-12-31,1.1424
2025-12-30,1.1422
2025-12-29,1.1421
2025-12-23,1.1401
2025-12-22,1.1385
2025-12-19,1.1378
2025-12-18,1.1376
2025-12-17,1.136
2025-12-16,1.1371
2025-12-15,1.1379
2025-12-12,1.1373
2025-12-11,1.1387
2025-12-10,1.1386
2025-12-09,1.1398
2025-12-08,1.1401
2025-12-05,1.1423
2025-12-04,1.142
2025-12-03,1.1417
2025-12-02,1.1412
2025-12-01,1.1415
2025-11-28,1.1431
2025-11-27,1.1422
2025-11-26,1.1419
2025-11-25,1.1395
2025-11-24,1.1385
2025-11-21,1.1355
2025-11-20,1.1369
2025-11-19,1.1361
2025-11-18,1.136
2025-11-17,1.1387
2025-11-14,1.1396
2025-11-13,1.1411
2025-11-12,1.1437
2025-11-11,1.1425
2025-11-10,1.141
2025-11-07,1.1377
2025-11-06,1.1404
2025-11-05,1.1427
2025-11-04,1.1431
2025-11-03,1.1437
2025-10-31,1.1438
2025-10-30,1.1438
2025-10-29,1.144
2025-10-28,1.1435
2025-10-27,1.1426
2025-10-24,1.1403
2025-10-23,1.1394
2025-10-22,1.1393
2025-10-21,1.1398
2025-10-20,1.1379
2025-10-17,1.1349
2025-10-16,1.1367
2025-10-15,1.1359
2025-10-14,1.1335
2025-10-13,1.1328
2025-10-10,1.1317
2025-10-09,1.1344
2025-10-08,1.1344
2025-10-07,1.1321
2025-10-06,1.1322
2025-10-03,1.132
2025-10-02,1.1313
2025-10-01,1.1299
2025-09-30,1.1283
2025-09-29,1.1283
2025-09-26,1.1267
2025-09-25,1.1264
2025-09-24,1.1278
2025-09-23,1.1282
2025-09-22,1.1279
2025-09-19,1.1279
2025-09-18,1.1283
2025-09-17,1.1269
2025-09-16,1.127
2025-09-15,1.1281
2025-09-12,1.1272
2025-09-11,1.1278
2025-09-10,1.1259
2025-09-09,1.1246
2025-09-08,1.1248
2025-09-05,1.123
2025-09-04,1.1219
2025-09-03,1.1196
2025-09-02,1.1175
2025-09-01,1.1212
2025-08-29,1.1213
2025-08-28,1.1233
2025-08-27,1.1229
2025-08-26,1.1217
2025-08-25,1.1217
2025-08-22,1.1228
2025-08-21,1.1208
2025-08-20,1.1213
2025-08-19,1.1217
2025-08-18,1.1215
2025-08-14,1.1237
2025-08-13,1.123
2025-08-12,1.1206
2025-08-11,1.1215
2025-08-08,1.1207
2025-08-07,1.121
2025-08-06,1.1201
2025-08-05,1.1206
2025-08-04,1.1198
2025-08-01,1.1172
2025-07-31,1.1222
2025-07-30,1.1212
2025-07-29,1.1206
2025-07-28,1.1192
2025-07-25,1.117
2025-07-24,1.1172
2025-07-23,1.1179
2025-07-22,1.1169
2025-07-21,1.1173
2025-07-18,1.1152
2025-07-17,1.1155
2025-07-16,1.112
2025-07-15,1.1137
2025-07-14,1.1121
2025-07-11,1.1124
2025-07-10,1.1139
2025-07-09,1.1131
2025-07-08,1.1119
2025-07-07,1.1128
2025-07-04,1.1127
2025-07-03,1.1132
2025-07-02,1.1107
2025-07-01,1.111
2025-06-30,1.1106
2025-06-27,1.1106
2025-06-26,1.1094
2025-06-25,1.109
2025-06-23,1.1062
2025-06-20,1.1063
2025-06-19,1.1054
2025-06-18,1.1074
2025-06-17,1.1072
2025-06-16,1.1075
2025-06-13,1.1066
2025-06-12,1.1089
2025-06-11,1.1099
2025-06-10,1.1094
2025-06-09,1.1085
2025-06-06,1.1076
2025-06-05,1.1072
2025-06-04,1.1077
2025-06-03,1.107
2025-06-02,1.1052
2025-05-30,1.1062
2025-05-29,1.1058
2025-05-28,1.1052
2025-05-27,1.1042
2025-05-26,1.1023
2025-05-23,1.1004
2025-05-22,1.1008
2025-05-21,1.1028
2025-05-20,1.1046
2025-05-19,1.1043
2025-05-16,1.1041
2025-05-15,1.1021
2025-05-14,1.1003
2025-05-13,1.1009
2025-05-12,1.0989
2025-05-09,1.0957
2025-05-08,1.0956
2025-05-07,1.0936
2025-05-06,1.0933
2025-05-05,1.0934
2025-05-02,1.0931
2025-04-30,1.09
2025-04-29,1.089
2025-04-28,1.0882
2025-04-25,1.0883
2025-04-24,1.0867
2025-04-23,1.0828
2025-04-22,1.0786
2025-04-18,1.0779
2025-04-17,1.0779
2025-04-16,1.0788
2025-04-15,1.0791
2025-04-14,1.0764
2025-04-11,1.0717
2025-04-10,1.072
2025-04-09,1.0637
2025-04-08,1.0691
2025-04-07,1.0665
2025-04-04,1.0748
2025-04-03,1.0832
2025-04-02,1.0888
2025-04-01,1.0893
2025-03-31,1.0855
2025-03-28,1.0879
2025-03-27,1.0906
2025-03-26,1.0916
2025-03-25,1.0926
2025-03-24,1.0919
2025-03-21,1.0893
2025-03-20,1.0897
2025-03-19,1.0883
2025-03-18,1.0861
2025-03-17,1.0869
2025-03-14,1.0835
2025-03-13,1.0825
2025-03-12,1.0838
2025-03-10,1.0878
2025-03-07,1.089
2025-03-06,1.0922
2025-03-05,1.0966
2025-03-04,1.1053
2025-03-03,1.1114
2025-02-28,1.1123
2025-02-27,1.1137
2025-02-26,1.1136
2025-02-25,1.1116
2025-02-24,1.1132
2025-02-21,1.1151
2025-02-20,1.1137
2025-02-19,1.1145
2025-02-18,1.1154
2025-02-17,1.1154
2025-02-14,1.1155
2025-02-13,1.115
2025-02-12,1.1129
2025-02-11,1.1151
2025-02-10,1.1164
2025-02-07,1.1155
2025-02-06,1.1155
2025-02-05,1.114
2025-02-04,1.1123
2025-02-03,1.112
2025-01-31,1.1102
2025-01-30,1.1071
2025-01-29,1.1053
2025-01-28,1.1042
2025-01-27,1.104
2025-01-24,1.1053
2025-01-23,1.1059
2025-01-22,1.1063
2025-01-21,1.1051
2025-01-20,1.1042
2025-01-17,1.1036
2025-01-16,1.1017
2025-01-15,1.0996
2025-01-14,1.0954
2025-01-13,1.0964
2025-01-10,1.0983
2025-01-09,1.0999
2025-01-08,1.1007
2025-01-07,1.1027
2025-01-06,1.1048
2025-01-03,1.1041
2025-01-02,1.105
2024-12-31,1.1049
2024-12-30,1.1047
2024-12-27,1.1046
2024-12-23,1.1053
2024-12-20,1.1056
2024-12-19,1.1059
2024-12-18,1.1094
2024-12-17,1.1099
2024-12-16,1.1097
2024-12-13,1.1101
2024-12-12,1.1113
2024-12-11,1.1116
2024-12-10,1.1107
2024-12-09,1.1106
2024-12-06,1.11
2024-12-05,1.1098
2024-12-04,1.1094
2024-12-03,1.1086
2024-12-02,1.1074
2024-11-29,1.1052
2024-11-28,1.104
2024-11-27,1.1031
2024-11-26,1.1035
2024-11-25,1.1031
2024-11-22,1.1013
2024-11-21,1.0992
2024-11-20,1.0983
2024-11-19,1.0977
2024-11-18,1.0977
2024-11-15,1.0983
2024-11-14,1.0996
2024-11-13,1.0988
2024-11-12,1.0996
2024-11-11,1.0993
2024-11-08,1.097
2024-11-07,1.0944
2024-11-06,1.0917
2024-11-05,1.0897
2024-11-04,1.09
2024-10-31,1.0904
2024-10-30,1.093
2024-10-29,1.0935
2024-10-28,1.094
2024-10-25,1.094
2024-10-24,1.0934
2024-10-23,1.0925
2024-10-22,1.0933
2024-10-21,1.0949
2024-10-18,1.0965
2024-10-17,1.0957
2024-10-16,1.0949
2024-10-15,1.0938
2024-10-14,1.0923
2024-10-11,1.0915
2024-10-10,1.0912
2024-10-09,1.0905
2024-10-08,1.0901
2024-10-07,1.0907
2024-10-04,1.0905
2024-10-03,1.0916
2024-10-02,1.0918
2024-10-01,1.0912
2024-09-30,1.0903
2024-09-27,1.0901
2024-09-26,1.0885
2024-09-25,1.088
2024-09-24,1.088
2024-09-23,1.0868
2024-09-20,1.086
2024-09-19,1.086
2024-09-18,1.084
2024-09-17,1.0849
2024-09-16,1.0842
2024-09-13,1.0836
2024-09-12,1.0819
2024-09-11,1.0801
2024-09-10,1.0794
2024-09-09,1.0779
2024-09-06,1.0778
2024-09-05,1.0783
2024-09-04,1.0783
2024-09-03,1.0788
2024-09-02,1.0797
2024-08-30,1.0789
2024-08-29,1.079
2024-08-28,1.0779
2024-08-27,1.0783
2024-08-26,1.0784
2024-08-23,1.0783
2024-08-22,1.0783
2024-08-21,1.0786
2024-08-20,1.0781
2024-08-19,1.0772
2024-08-16,1.076
2024-08-14,1.0742
2024-08-13,1.0728
2024-08-12,1.0713
2024-08-09,1.0704
2024-08-08,1.0684
2024-08-07,1.0683
2024-08-06,1.0668
2024-08-05,1.0684
2024-08-02,1.0718
2024-08-01,1.0729
2024-07-31,1.0712
2024-07-30,1.0694
2024-07-29,1.0681
2024-07-26,1.0665
2024-07-25,1.0663
2024-07-24,1.0673
2024-07-23,1.0677
2024-07-22,1.0664
2024-07-19,1.0665
2024-07-18,1.0683
2024-07-17,1.0692
2024-07-16,1.069
2024-07-15,1.0682
2024-07-12,1.0677
2024-07-11,1.0671
2024-07-10,1.0648
2024-07-09,1.0633
2024-07-08,1.0644
2024-07-05,1.063
2024-07-04,1.0613
2024-07-03,1.0607
2024-07-02,1.0587
2024-07-01,1.0588
2024-06-28,1.0606
2024-06-27,1.0613
2024-06-26,1.0608
2024-06-25,1.0613
2024-06-21,1.0611
2024-06-20,1.0612
2024-06-19,1.0613
2024-06-18,1.061
2024-06-17,1.0602
2024-06-14,1.0606
2024-06-13,1.0581
2024-06-12,1.057
2024-06-11,1.0535
2024-06-10,1.0528
2024-06-07,1.0549
2024-06-06,1.0567
2024-06-05,1.0565
2024-06-04,1.0547
2024-06-03,1.0538
2024-05-31,1.0508
2024-05-30,1.0511
2024-05-29,1.0509
2024-05-28,1.0534
2024-05-27,1.0543
2024-05-24,1.0529
2024-05-23,1.0536
2024-05-22,1.0553
2024-05-21,1.0558
2024-05-20,1.0553
2024-05-17,1.0555
2024-05-16,1.0569
2024-05-15,1.0563
2024-05-14,1.0526
2024-05-13,1.0534
2024-05-10,1.0527
2024-05-09,1.053
2024-05-08,1.0537
2024-05-07,1.0538
2024-05-06,1.0518
2024-05-03,1.0504
2024-05-02,1.0476
2024-04-30,1.0474
2024-04-29,1.0488
2024-04-26,1.0462
2024-04-25,1.0446
2024-04-24,1.0464
2024-04-23,1.0481
2024-04-22,1.0468
2024-04-19,1.0462
2024-04-18,1.0467
2024-04-17,1.0466
2024-04-16,1.0469
2024-04-15,1.0505
2024-04-12,1.0527
2024-04-11,1.0503
2024-04-10,1.052
2024-04-09,1.0533
2024-04-08,1.052
2024-04-05,1.0522
2024-04-04,1.0534
2024-04-03,1.0526
2024-04-02,1.0527
2024-03-29,1.0549
2024-03-28,1.0549
2024-03-27,1.0541
2024-03-26,1.0529
2024-03-25,1.0525
2024-03-22,1.0533
2024-03-21,1.0513
2024-03-20,1.0487
2024-03-19,1.048
2024-03-18,1.0473
2024-03-15,1.0477
2024-03-14,1.0487
2024-03-13,1.0499
2024-03-12,1.0496
2024-03-08,1.0507
2024-03-07,1.0489
2024-03-06,1.0471
2024-03-05,1.0469
2024-03-04,1.0452
2024-03-01,1.0443
2024-02-29,1.0434
2024-02-28,1.042
2024-02-27,1.042
2024-02-26,1.0428
2024-02-23,1.0439
2024-02-22,1.0411
2024-02-21,1.0401
2024-02-20,1.0416
2024-02-19,1.0411
2024-02-15,1.0417
2024-02-14,1.0406
2024-02-13,1.04
2024-02-12,1.0416
2024-02-09,1.0405
2024-02-08,1.0413
2024-02-07,1.0419
2024-02-06,1.0414
2024-02-05,1.0407
2024-02-02,1.0424
2024-02-01,1.0434
2024-01-31,1.0432
2024-01-30,1.0419
2024-01-29,1.0413
2024-01-26,1.0399
2024-01-25,1.0387
2024-01-24,1.0369
2024-01-23,1.0362
2024-01-22,1.0368
2024-01-19,1.0349
2024-01-18,1.0346
2024-01-17,1.0352
2024-01-16,1.0382
2024-01-15,1.0385
2024-01-12,1.0394
2024-01-11,1.0364
2024-01-10,1.0359
2024-01-09,1.036
2024-01-08,1.0367
2024-01-05,1.0362
2024-01-04,1.0377
2024-01-03,1.0403
2024-01-02,1.0406
2023-12-29,1.0425
2023-12-28,1.0431
2023-12-27,1.0429
2023-12-22,1.0417
2023-12-21,1.0408
2023-12-20,1.0401
2023-12-19,1.0387
2023-12-18,1.037
2023-12-15,1.0376
2023-12-14,1.0344
2023-12-13,1.0301
2023-12-12,1.0282
2023-12-11,1.0273
2023-12-08,1.0271
2023-12-07,1.0286
2023-12-06,1.0277
2023-12-05,1.026
2023-12-04,1.0235
2023-12-01,1.0227
2023-11-30,1.019
2023-11-29,1.0181
2023-11-28,1.0156
2023-11-27,1.0138
2023-11-24,1.0121
2023-11-23,1.0127
2023-11-22,1.0131
2023-11-21,1.0127
2023-11-20,1.0111
2023-11-17,1.0112
2023-11-16,1.0107
2023-11-15,1.0093
2023-11-14,1.0086
2023-11-13,1.005
2023-11-10,1.0047
2023-11-09,1.0067
2023-11-08,1.0069
2023-11-07,1.0062
2023-11-06,1.005
2023-11-03,1.0064
2023-10-31,0.9972
2023-10-30,0.9957
2023-10-27,0.9951
2023-10-26,0.9949
2023-10-25,0.9948
2023-10-24,0.995
2023-10-23,0.9937
2023-10-20,0.9936
2023-10-19,0.9943
2023-10-18,0.9959
2023-10-17,0.9976
2023-10-16,0.9996
2023-10-13,1.0001
2023-10-12,0.9999
2023-10-11,1.0005
2023-10-10,0.9994
2023-10-09,0.9978
2023-10-06,0.9953
2023-10-05,0.9946
2023-10-04,0.9939
2023-10-03,0.9949
2023-10-02,0.9972
2023-09-29,0.9979
2023-09-28,0.9962
2023-09-27,0.998
2023-09-26,0.9996
2023-09-25,1.0007
2023-09-22,1.0013
2023-09-21,1.002
2023-09-20,1.0045
2023-09-19,1.0036
2023-09-18,1.0047
2023-09-15,1.0065
2023-09-14,1.0069
2023-09-13,1.005
2023-09-12,1.0055
2023-09-11,1.0056
2023-09-08,1.0059
2023-09-07,1.0052
2023-09-06,1.005
2023-09-05,1.0072
2023-09-04,1.0076
2023-09-01,1.0082
2023-08-31,1.008
2023-08-30,1.0066
2023-08-29,1.006
2023-08-28,1.0042
2023-08-25,1.0033
2023-08-24,1.0047
2023-08-23,1.0034
2023-08-22,0.9994
2023-08-21,0.9981
2023-08-18,0.9997
2023-08-17,0.999
2023-08-16,1.001
2023-08-14,1.0032
2023-08-11,1.004
2023-08-10,1.0062
2023-08-09,1.0066
2023-08-08,1.0066
2023-08-07,1.0048
2023-08-04,1.0049
2023-08-03,1.0053
2023-08-02,1.0067
2023-08-01,1.0075
2023-07-31,1.0085
2023-07-28,1.0079
2023-07-27,1.0072
2023-07-26,1.0055
2023-07-25,1.0068
2023-07-24,1.0064
2023-07-21,1.0047
2023-07-20,1.0045
2023-07-19,1.0052
2023-07-18,1.0048
2023-07-17,1.0021
2023-07-14,1.0021
2023-07-13,1.0019
2023-07-12,0.9986
2023-07-11,0.9947
2023-07-10,0.9943
2023-07-07,0.9954
2023-07-05,1.0007
2023-07-04,1.0009
2023-07-03,1.0003
2023-06-30,1.0007
2023-06-29,1.0002
2023-06-28,1.0015
2023-06-27,1.0002
2023-06-26,1.0016
2023-06-23,1.0005
2023-06-22,0.9982
2023-06-21,1.0004
2023-06-20,1.0015
2023-06-19,1.0002
2023-06-16,1.0017
2023-06-15,1.0006
2023-06-14,1.0029
2023-06-13,1.0029
2023-06-12,1.0031
2023-06-09,1.0021
2023-06-08,1.0009
2023-06-07,1.0008
2023-06-06,1.0022
2023-06-05,1.0013
2023-06-02,1.0019
2023-06-01,1.0017
2023-05-31,1.0002
2023-05-30,0.998
2023-05-29,0.9959
2023-05-26,0.9936
2023-05-25,0.9934
2023-05-24,0.9947
2023-05-23,0.9961
2023-05-22,0.9968
2023-05-19,0.9973
2023-05-18,0.9971
2023-05-17,0.9974
2023-05-16,0.9984
2023-05-15,0.9997
2023-05-12,1.0005
2023-05-11,1.0004
2023-05-10,0.9983
2023-05-09,0.9976
2023-05-08,0.9981
2023-05-05,0.9986
2023-05-04,0.9988
2023-05-03,0.9977
2023-05-02,0.9973
2023-04-28,0.9956
2023-04-27,0.9925
2023-04-26,0.9935
2023-04-25,0.9931
2023-04-24,0.9913
2023-04-21,0.9922
2023-04-20,0.9927
2023-04-19,0.9927
2023-04-18,0.9942
2023-04-17,0.9938
2023-04-14,0.9942
2023-04-13,0.9949
2023-04-12,0.9962
2023-04-11,0.999
2023-04-07,1.0007
2023-04-06,1.0007
2023-04-05,0.9999
2023-04-04,0.9993
2023-04-03,0.9997
2023-03-31,0.9971
2023-03-30,0.9939
2023-03-29,0.9945
2023-03-28,0.9949
2023-03-27,0.9977
2023-03-24,0.9985
2023-03-23,0.9947
2023-03-22,0.9934
2023-03-21,0.9949
2023-03-20,0.9967
2023-03-17,0.9969
2023-03-16,0.997
2023-03-15,0.9966
2023-03-14,0.9908
2023-03-13,0.9921
2023-03-10,0.9905
2023-03-09,0.9916
2023-03-08,0.9915
2023-03-07,0.9912
2023-03-06,0.9906
2023-03-03,0.9901
2023-03-02,0.9872
2023-03-01,0.9885
2023-02-28,0.9927
2023-02-27,0.9949
2023-02-24,0.9959
2023-02-23,0.9964
2023-02-22,0.9935
2023-02-21,0.9945
2023-02-20,0.9979
2023-02-17,0.9978
2023-02-15,1.0006
2023-02-14,1.0008
2023-02-13,1.0018
2023-02-10,1.0025
2023-02-09,1.0046
2023-02-08,1.0053
2023-02-07,1.0066
2023-02-06,1.0072
2023-02-03,1.0102
2023-02-02,1.0087
2023-02-01,1.0014
2023-01-31,1.0007
2023-01-30,1.0012
2023-01-27,1.0046
2023-01-26,1.0042
2023-01-25,1.0039
2023-01-24,1.0041
2023-01-23,1.0033
2023-01-20,1.0038
2023-01-19,1.0063
2023-01-18,1.0067
2023-01-17,1.0032
2023-01-16,1.0012
2023-01-13,1.0013
2023-01-12,0.9996
2023-01-11,0.9969
2023-01-10,0.9944
2023-01-09,0.9972
2023-01-06,0.9969
2023-01-05,0.9947
2023-01-04,0.9943
2023-01-03,0.9907
2023-01-02,0.9879
2022-12-30,0.9857
2022-12-29,0.9865
2022-12-28,0.9876
2022-12-27,0.9886
2022-12-23,0.99
2022-12-22,0.9919
2022-12-21,0.9919
2022-12-20,0.9904
2022-12-19,0.9934
2022-12-16,0.9957
2022-12-15,1.0007
2022-12-14,1.0067
2022-12-13,1.0077
2022-12-12,1.0052
2022-12-09,1.007
2022-12-08,1.0082
2022-12-07,1.0087
2022-12-06,1.0078
2022-12-05,1.0087
2022-12-02,1.0108
2022-12-01,1.0109
2022-11-30,1.0073
2022-11-29,1.0052
2022-11-28,1.0027
2022-11-25,1.0042
2022-11-24,1.0048
2022-11-23,1.0026
2022-11-22,1.0014
2022-11-21,1.0006
2022-11-18,0.998
2022-11-17,0.9982
2022-11-16,0.9981
2022-11-15,0.9968
2022-11-14,0.9954
2022-11-11,0.9957
2022-11-10,0.9958
2022-11-09,0.99
2022-11-08,0.9887
2022-11-07,0.988
2022-11-04,0.9888
2022-11-03,0.9906
2022-10-31,0.9908
2022-10-28,0.9905
2022-10-27,0.988
2022-10-26,0.9852
2022-10-25,0.9829
2022-10-24,0.9796
2022-10-21,0.9793
2022-10-20,0.9801
2022-10-19,0.9825
2022-10-18,0.984
2022-10-17,0.984
2022-10-14,0.9837
2022-10-13,0.9845
2022-10-12,0.9859
2022-10-11,0.9873
2022-10-10,0.9897
2022-10-07,0.991
2022-10-06,0.9946
2022-10-05,0.9965
2022-10-04,0.9977
2022-10-03,0.9933
2022-09-30,0.9894
2022-09-29,0.9895
2022-09-28,0.9945
2022-09-27,0.9956
2022-09-26,0.999
2022-09-23,1.0019
2022-09-22,1.0052
2022-09-21,1.0079
2022-09-20,1.0069
2022-09-19,1.0097
2022-09-16,1.0107
2022-09-15,1.014
2022-09-14,1.016
2022-09-13,1.0176
2022-09-12,1.0197
2022-09-09,1.0199
2022-09-08,1.02
2022-09-07,1.0213
2022-09-06,1.0208
2022-09-05,1.0208
2022-09-02,1.0216
2022-09-01,1.0205
2022-08-31,1.0221
2022-08-30,1.026
2022-08-29,1.029
2022-08-26,1.0344
2022-08-25,1.0369
2022-08-24,1.0347
2022-08-23,1.0354
2022-08-22,1.0352
2022-08-19,1.0385
2022-08-18,1.0404
2022-08-17,1.0407
2022-08-16,1.0458
2022-08-12,1.0433
2022-08-11,1.0424
2022-08-10,1.0408
2022-08-09,1.0408
2022-08-08,1.0424
2022-08-05,1.041
2022-08-04,1.0423
2022-08-03,1.0396
2022-08-02,1.0395
2022-08-01,1.0404
2022-07-29,1.0392
2022-07-28,1.036
2022-07-27,1.0291
2022-07-26,1.0283
2022-07-25,1.0258
2022-07-22,1.0248
2022-07-21,1.0193
2022-07-20,1.0177
2022-07-19,1.0138
2022-07-18,1.0153
2022-07-15,1.0162
2022-07-14,1.0154
2022-07-13,1.0176
2022-07-12,1.0216
2022-07-11,1.0212
2022-07-08,1.0191
2022-07-07,1.0192
2022-07-05,1.0166
2022-07-04,1.0118
2022-07-01,1.0139
2022-06-30,1.0079
2022-06-29,1.0059
2022-06-28,1.0056
2022-06-27,1.0078
2022-06-23,1.0084
2022-06-22,1.0038
2022-06-21,1.0027
2022-06-20,1.0034
2022-06-17,1.0044
2022-06-16,1.0033
2022-06-15,1.0089
2022-06-14,1.0039
2022-06-13,1.0072
2022-06-10,1.0184
2022-06-09,1.0242
2022-06-08,1.0288
2022-06-07,1.0305
2022-06-06,1.0302
2022-06-03,1.0313
2022-06-02,1.032
2022-06-01,1.0336
2022-05-31,1.035
2022-05-30,1.0372
2022-05-27,1.038
2022-05-26,1.0344
2022-05-25,1.0327
2022-05-24,1.0288
2022-05-23,1.0302
2022-05-20,1.0315
2022-05-19,1.0307
2022-05-18,1.0333
2022-05-17,1.0346
2022-05-16,1.0389
2022-05-13,1.0395
2022-05-12,1.0379
2022-05-11,1.0337
2022-05-10,1.032
2022-05-09,1.0319
2022-05-06,1.0336
2022-05-05,1.04
2022-05-04,1.0408
2022-05-03,1.0417
2022-05-02,1.0427
2022-04-29,1.0445
2022-04-28,1.0469
2022-04-27,1.0471
2022-04-26,1.0454
2022-04-25,1.0443
2022-04-22,1.0433
2022-04-21,1.0468
2022-04-20,1.0497
2022-04-19,1.0506
2022-04-15,1.0527
2022-04-14,1.0527
2022-04-13,1.0526
2022-04-12,1.052
2022-04-11,1.0514
2022-04-08,1.0574
2022-04-07,1.0581
2022-04-06,1.0591
2022-04-05,1.0625
2022-04-04,1.0639
2022-04-01,1.0606
2022-03-31,1.0604
2022-03-30,1.0576
2022-03-29,1.059
2022-03-28,1.06
2022-03-25,1.059
2022-03-24,1.0594
2022-03-23,1.0606
2022-03-22,1.0598
2022-03-21,1.0608
2022-03-18,1.0624
2022-03-17,1.0594
2022-03-16,1.0575
2022-03-15,1.0535
2022-03-14,1.0532
2022-03-10,1.0552
2022-03-09,1.0579
2022-03-08,1.0595
2022-03-07,1.0627
2022-03-04,1.0681
2022-03-03,1.0675
2022-03-02,1.0682
2022-03-01,1.071
2022-02-28,1.0659
2022-02-25,1.0661
2022-02-24,1.063
2022-02-23,1.0661
2022-02-22,1.0686
2022-02-21,1.0708
2022-02-18,1.073
2022-02-17,1.0735
2022-02-15,1.0726
2022-02-14,1.0727
2022-02-11,1.0736
2022-02-10,1.0747
2022-02-09,1.0774
2022-02-08,1.0741
2022-02-07,1.0746
2022-02-04,1.076
2022-02-03,1.0826
2022-02-02,1.089
2022-02-01,1.0889
2022-01-31,1.0896
2022-01-28,1.0897
2022-01-27,1.0906
2022-01-26,1.0881
2022-01-25,1.0876
2022-01-24,1.088
2022-01-21,1.0902
2022-01-20,1.0906
2022-01-19,1.0894
2022-01-18,1.0888
2022-01-17,1.0904
2022-01-14,1.091
2022-01-13,1.0938
2022-01-12,1.0959
2022-01-11,1.0953
2022-01-10,1.0954
2022-01-07,1.0972
2022-01-06,1.0985
2022-01-05,1.1022
2022-01-04,1.1044
2022-01-03,1.104
2021-12-31,1.1046
2021-12-30,1.1047
2021-12-29,1.1046
2021-12-28,1.1057
2021-12-27,1.1049
2021-12-23,1.1048
2021-12-22,1.104
2021-12-21,1.1037
2021-12-20,1.1041
2021-12-17,1.1065
2021-12-16,1.1071
2021-12-15,1.1077
2021-12-14,1.1079
2021-12-13,1.1098
2021-12-10,1.109
2021-12-09,1.1093
2021-12-08,1.1083
2021-12-07,1.1102
2021-12-06,1.1065
2021-12-03,1.1058
2021-12-02,1.1047
2021-12-01,1.1033
2021-11-30,1.1038
2021-11-29,1.1049
2021-11-26,1.1043
2021-11-25,1.109
2021-11-24,1.1086
2021-11-23,1.1084
2021-11-22,1.1125
2021-11-19,1.1134
2021-11-18,1.1113
2021-11-17,1.1117
2021-11-16,1.1111
2021-11-15,1.1093
2021-11-12,1.1087
2021-11-11,1.1073
2021-11-10,1.107
2021-11-09,1.1083
2021-11-08,1.1074
2021-11-05,1.1083
2021-11-04,1.106
2021-11-03,1.1025
2021-10-29,1.101
2021-10-28,1.1012
2021-10-27,1.1031
2021-10-26,1.1023
2021-10-25,1.1012
2021-10-22,1.0997
2021-10-21,1.0995
2021-10-20,1.1004
2021-10-19,1.0998
2021-10-18,1.1005
2021-10-15,1.1016
2021-10-14,1.1007
2021-10-13,1.0983
2021-10-12,1.0976
2021-10-11,1.0984
2021-10-08,1.0994
2021-10-07,1.1002
2021-10-06,1.0984
2021-10-05,1.0979
2021-10-04,1.0983
2021-10-01,1.0999
2021-09-30,1.1006
2021-09-29,1.0998
2021-09-28,1.0992
2021-09-27,1.1018
2021-09-24,1.1027
2021-09-23,1.1041
2021-09-22,1.1047
2021-09-21,1.1044
2021-09-20,1.1046
2021-09-17,1.1061
2021-09-16,1.1065
2021-09-15,1.1058
2021-09-14,1.1065
2021-09-13,1.1063
2021-09-10,1.1057
2021-09-09,1.106
2021-09-08,1.1062
2021-09-07,1.106
2021-09-06,1.1064
2021-09-03,1.1057
2021-09-02,1.1064
2021-09-01,1.1062
2021-08-31,1.106
2021-08-30,1.106
2021-08-27,1.1051
2021-08-26,1.105
2021-08-25,1.1059
2021-08-24,1.106
2021-08-23,1.1053
2021-08-20,1.1053
2021-08-19,1.1047
2021-08-18,1.1054
2021-08-17,1.1046
2021-08-16,1.1041
2021-08-13,1.1041
2021-08-12,1.1049
2021-08-11,1.1047
2021-08-10,1.1053
2021-08-09,1.1046
2021-08-06,1.1042
2021-08-05,1.1036
2021-08-04,1.1032
2021-08-03,1.1017
2021-08-02,1.101
2021-07-30,1.1004
2021-07-29,1.1003
2021-07-28,1.1003
2021-07-27,1.1002
2021-07-26,1.1015
2021-07-23,1.1027
2021-07-22,1.1015
2021-07-21,1.1
2021-07-20,1.0998
2021-07-19,1.0994
2021-07-16,1.1003
2021-07-15,1.1001
2021-07-14,1.0996
2021-07-13,1.0989
2021-07-12,1.0978
2021-07-09,1.0967
2021-07-08,1.0975
2021-07-07,1.0991
2021-07-05,1.0969
2021-07-02,1.0972
2021-07-01,1.0961
2021-06-30,1.0962
2021-06-29,1.0949
2021-06-28,1.0944
2021-06-25,1.0934
2021-06-23,1.0927
2021-06-22,1.0932
2021-06-21,1.0931
2021-06-18,1.0949
2021-06-17,1.0935
2021-06-16,1.0906
2021-06-15,1.0907
2021-06-14,1.0914
2021-06-11,1.092
2021-06-10,1.0896
2021-06-09,1.0889
2021-06-08,1.0879
2021-06-07,1.087
2021-06-04,1.0874
2021-06-03,1.0866
2021-06-02,1.086
2021-06-01,1.0849
2021-05-31,1.0854
2021-05-28,1.0853
2021-05-27,1.084
2021-05-26,1.0837
2021-05-25,1.0821
2021-05-24,1.0809
2021-05-21,1.0809
2021-05-20,1.0792
2021-05-19,1.0782
2021-05-18,1.0797
2021-05-17,1.0802
2021-05-14,1.0797
2021-05-13,1.0804
2021-05-12,1.0807
2021-05-11,1.0814
2021-05-10,1.0843
2021-05-07,1.085
2021-05-06,1.0856
2021-05-05,1.0858
2021-05-04,1.0852
2021-05-03,1.085
2021-04-30,1.0851
2021-04-29,1.084
2021-04-28,1.0846
2021-04-27,1.0853
2021-04-26,1.0861
2021-04-23,1.0863
2021-04-22,1.0864
2021-04-21,1.0854
2021-04-20,1.0855
2021-04-19,1.0872
2021-04-16,1.0881
2021-04-15,1.0874
2021-04-14,1.0859
2021-04-13,1.0865
2021-04-12,1.0867
2021-04-09,1.0864
2021-04-08,1.0868
2021-04-07,1.0863
2021-04-06,1.0872
2021-04-02,1.0874
2021-04-01,1.0874
2021-03-31,1.0857
2021-03-30,1.0851
2021-03-29,1.0854
2021-03-26,1.0848
2021-03-25,1.0841
2021-03-24,1.0841
2021-03-23,1.0834
2021-03-22,1.0816
2021-03-19,1.0819
2021-03-18,1.0818
2021-03-17,1.0826
2021-03-16,1.0842
2021-03-15,1.0822
2021-03-12,1.0812
2021-03-10,1.0802
2021-03-09,1.0786
2021-03-08,1.0782
2021-03-05,1.0783
2021-03-04,1.0781
2021-03-03,1.0798
2021-03-02,1.0816
2021-03-01,1.0805
2021-02-26,1.076
2021-02-25,1.0765
2021-02-24,1.0804
2021-02-23,1.0807
2021-02-22,1.0827
2021-02-19,1.0848
2021-02-18,1.0869
2021-02-17,1.0884
2021-02-15,1.0888
2021-02-12,1.0893
2021-02-11,1.0893
2021-02-10,1.0886
2021-02-09,1.0888
2021-02-08,1.0896
2021-02-05,1.0902
2021-02-04,1.0893
2021-02-03,1.0884
2021-02-02,1.0869
2021-02-01,1.084
2021-01-29,1.0825
2021-01-28,1.0835
2021-01-27,1.0849
2021-01-26,1.0857
2021-01-25,1.086
2021-01-22,1.0844
2021-01-21,1.0861
2021-01-20,1.0864
2021-01-19,1.0845
2021-01-18,1.0839
2021-01-15,1.0839
2021-01-14,1.0846
2021-01-13,1.0834
2021-01-12,1.0825
2021-01-11,1.0843
2021-01-08,1.0834
2021-01-07,1.0813
2021-01-06,1.0802
2021-01-05,1.0812
2021-01-04,1.0816
2020-12-31,1.0809
2020-12-30,1.0802
2020-12-29,1.0802
2020-12-28,1.08
2020-12-23,1.0793
2020-12-22,1.0791
2020-12-21,1.0791
2020-12-18,1.0795
2020-12-17,1.0796
2020-12-16,1.0797
2020-12-15,1.0796
2020-12-14,1.0797
2020-12-11,1.0797
2020-12-10,1.0792
2020-12-09,1.0799
2020-12-08,1.079
2020-12-07,1.0784
2020-12-04,1.0772
2020-12-03,1.0762
2020-12-02,1.0764
2020-12-01,1.0775
2020-11-30,1.0786
2020-11-27,1.0799
2020-11-26,1.08
2020-11-25,1.0796
2020-11-24,1.0799
2020-11-23,1.0792
2020-11-20,1.0786
2020-11-19,1.078
2020-11-18,1.078
2020-11-17,1.0776
2020-11-16,1.0781
2020-11-13,1.0763
2020-11-12,1.0761
2020-11-11,1.0754
2020-11-10,1.0738
2020-11-09,1.0747
2020-11-06,1.0722
2020-11-05,1.0729
2020-11-04,1.0704
2020-11-03,1.0663
2020-10-30,1.0634
2020-10-29,1.0637
2020-10-28,1.0635
2020-10-27,1.0642
2020-10-26,1.0643
2020-10-23,1.064
2020-10-22,1.064
2020-10-21,1.0646
2020-10-20,1.0666
2020-10-19,1.0687
2020-10-16,1.0704
2020-10-15,1.0696
2020-10-14,1.0707
2020-10-13,1.0706
2020-10-12,1.0684
2020-10-09,1.0669
2020-10-08,1.0655
2020-10-07,1.063
2020-10-06,1.0623
2020-10-05,1.0612
2020-10-02,1.0614
2020-10-01,1.0607
2020-09-30,1.0603
2020-09-29,1.0604
2020-09-28,1.0611
2020-09-25,1.0595
2020-09-24,1.0589
2020-09-23,1.061
2020-09-22,1.0606
2020-09-21,1.0604
2020-09-18,1.0621
2020-09-17,1.0633
2020-09-16,1.0637
2020-09-15,1.0629
2020-09-14,1.0617
2020-09-11,1.061
2020-09-10,1.0612
2020-09-09,1.0621
2020-09-08,1.0623
2020-09-07,1.0628
2020-09-04,1.0631
2020-09-03,1.0657
2020-09-03,1.0657
2020-09-02,1.0633
2020-09-01,1.0595
2020-08-31,1.0589
2020-08-28,1.0599
2020-08-27,1.0619
2020-08-26,1.0615
2020-08-25,1.0615
2020-08-24,1.0624
2020-08-21,1.0619
2020-08-20,1.0599
2020-08-19,1.0596
2020-08-18,1.0592
2020-08-17,1.0593
2020-08-14,1.0597
2020-08-13,1.0609
2020-08-12,1.062
2020-08-11,1.0627
2020-08-10,1.0626
2020-08-07,1.0617
2020-08-06,1.0604
2020-08-05,1.0593
2020-08-04,1.0597
2020-08-03,1.0577
2020-07-31,1.0562
2020-07-30,1.0573
2020-07-29,1.0577
2020-07-28,1.0578
2020-07-27,1.0567
2020-07-24,1.0585
2020-07-23,1.0612
2020-07-22,1.0611
2020-07-21,1.0622
2020-07-20,1.0598
2020-07-17,1.058
2020-07-16,1.0576
2020-07-15,1.0569
2020-07-14,1.0565
2020-07-13,1.0582
2020-07-10,1.0586
2020-07-09,1.0589
2020-07-08,1.0583
2020-07-07,1.0593
2020-07-03,1.0576
2020-07-02,1.0559
2020-07-01,1.0544
2020-06-30,1.0542
2020-06-29,1.0525
2020-06-26,1.0543
2020-06-25,1.0534
2020-06-23,1.0532
2020-06-22,1.0541
2020-06-19,1.0541
2020-06-18,1.0522
2020-06-17,1.0521
2020-06-16,1.0502
2020-06-15,1.0459
2020-06-12,1.046
2020-06-11,1.046
2020-06-10,1.0491
2020-06-09,1.051
2020-06-08,1.0519
2020-06-05,1.0485
2020-06-04,1.0467
2020-06-03,1.0475
2020-06-02,1.0454
2020-06-01,1.0428
2020-05-29,1.0428
2020-05-28,1.0443
2020-05-27,1.0433
2020-05-26,1.0425
2020-05-25,1.0426
2020-05-22,1.0413
2020-05-21,1.0396
2020-05-20,1.0386
2020-05-19,1.0367
2020-05-18,1.0353
2020-05-15,1.0321
2020-05-14,1.0313
2020-05-13,1.032
2020-05-12,1.0332
2020-05-11,1.0327
2020-05-08,1.0322
2020-05-07,1.0298
2020-05-06,1.0282
2020-05-05,1.0284
2020-05-04,1.0263
2020-04-30,1.0288
2020-04-29,1.0271
2020-04-28,1.0239
2020-04-27,1.0222
2020-04-24,1.0209
2020-04-23,1.0206
2020-04-22,1.0174
2020-04-21,1.019
2020-04-20,1.0236
2020-04-17,1.0242
2020-04-16,1.0224
2020-04-15,1.0218
2020-04-14,1.0235
2020-04-10,1.0205
2020-04-09,1.0204
2020-04-08,1.0144
2020-04-07,1.015
2020-04-06,1.0124
2020-04-03,1.0105
2020-04-02,1.008
2020-04-01,1.008
2020-03-31,1.0118
2020-03-30,1.0085
2020-03-27,1.0111
2020-03-26,1.0097
2020-03-25,1.0047
2020-03-24,0.9971
2020-03-23,0.992
2020-03-20,0.9978
2020-03-19,0.9865
2020-03-18,0.9885
2020-03-17,1.0007
2020-03-16,1.0076
2020-03-13,1.0199
2020-03-12,1.0252
2020-03-10,1.0452
2020-03-09,1.0501
2020-03-06,1.0679
2020-03-05,1.0762
2020-03-04,1.0777
2020-03-03,1.0745
2020-03-02,1.0704
2020-02-28,1.0715
2020-02-27,1.0778
2020-02-26,1.0849
2020-02-25,1.0883
2020-02-24,1.0917
2020-02-21,1.0955
2020-02-20,1.096
2020-02-19,1.0955
2020-02-18,1.0943
2020-02-17,1.0933
2020-02-14,1.0924
2020-02-13,1.0911
2020-02-12,1.0892
2020-02-11,1.088
2020-02-10,1.0864
2020-02-07,1.0858
2020-02-06,1.0845
2020-02-05,1.0832
2020-02-04,1.0807
2020-02-03,1.0787
2020-01-31,1.0797
2020-01-30,1.0806
2020-01-29,1.0815
2020-01-28,1.0797
2020-01-27,1.0792
2020-01-24,1.0795
2020-01-23,1.0779
2020-01-22,1.0774
2020-01-21,1.0766
2020-01-20,1.0771
2020-01-17,1.076
2020-01-16,1.0744
2020-01-15,1.0736
2020-01-14,1.0734
2020-01-13,1.0732
2020-01-10,1.0738
2020-01-09,1.0728
2020-01-08,1.072
2020-01-07,1.0711
2020-01-06,1.0702
2020-01-03,1.0707
2020-01-02,1.0686
2019-12-31,1.0674
2019-12-30,1.0689
2019-12-27,1.07
2019-12-23,1.0702
2019-12-20,1.0696
2019-12-19,1.0685
2019-12-18,1.0692
2019-12-17,1.0679
2019-12-16,1.0673
2019-12-13,1.0659
2019-12-12,1.0652
2019-12-11,1.0645
2019-12-10,1.0635
2019-12-09,1.0636
2019-12-06,1.0626
2019-12-05,1.0607
2019-12-04,1.0616
2019-12-03,1.0602
2019-12-02,1.0618
2019-11-29,1.0651
2019-11-28,1.066
2019-11-27,1.0661
2019-11-26,1.0654
2019-11-25,1.0643
2019-11-22,1.062
2019-11-21,1.0609
2019-11-20,1.0623
2019-11-19,1.062
2019-11-18,1.0627
2019-11-15,1.0629
2019-11-14,1.063
2019-11-13,1.0624
2019-11-12,1.0625
2019-11-11,1.062
2019-11-08,1.0628
2019-11-07,1.0631
2019-11-06,1.0634
2019-11-05,1.0629
2019-11-04,1.0621
2019-10-31,1.061
2019-10-30,1.0605
2019-10-29,1.0609
2019-10-28,1.061
2019-10-25,1.0613
2019-10-24,1.061
2019-10-23,1.0602
2019-10-22,1.0592
2019-10-21,1.0582
2019-10-18,1.0595
2019-10-17,1.0604
2019-10-16,1.0618
2019-10-15,1.0625
2019-10-14,1.0619
2019-10-11,1.0606
2019-10-10,1.0603
2019-10-09,1.0622
2019-10-08,1.0633
2019-10-07,1.0635
2019-10-04,1.0635
2019-10-03,1.0619
2019-10-02,1.0633
2019-10-01,1.066
2019-09-30,1.0668
2019-09-27,1.0661
2019-09-26,1.0659
2019-09-25,1.0651
2019-09-24,1.0662
2019-09-23,1.0664
2019-09-20,1.065
2019-09-19,1.0634
2019-09-18,1.0631
2019-09-17,1.0622
2019-09-16,1.0627
2019-09-13,1.0618
2019-09-12,1.0657
2019-09-11,1.0638
2019-09-10,1.0631
2019-09-09,1.0655
2019-09-06,1.0666
2019-09-05,1.0654
2019-09-04,1.0663
2019-09-03,1.0666
2019-09-02,1.0655
2019-08-30,1.0642
2019-08-29,1.062
2019-08-28,1.0604
2019-08-27,1.0584
2019-08-26,1.0565
2019-08-23,1.0576
2019-08-22,1.0588
2019-08-21,1.0584
2019-08-20,1.0579
2019-08-19,1.057
2019-08-16,1.0569
2019-08-14,1.0518
2019-08-13,1.0508
2019-08-12,1.0505
2019-08-09,1.0541
2019-08-08,1.0544
2019-08-07,1.0533
2019-08-06,1.0506
2019-08-05,1.0518
2019-08-02,1.0565
2019-08-01,1.0584
2019-07-31,1.057
2019-07-30,1.0566
2019-07-29,1.058
2019-07-26,1.0577
2019-07-25,1.0576
2019-07-24,1.0575
2019-07-23,1.0553
2019-07-22,1.0533
2019-07-19,1.053
2019-07-18,1.0524
2019-07-17,1.0528
2019-07-16,1.0522
2019-07-15,1.0509
2019-07-12,1.0498
2019-07-11,1.0499
2019-07-10,1.0503
2019-07-09,1.0514
2019-07-08,1.0528
2019-07-05,1.053
2019-07-04,1.0537
2019-07-03,1.0524
2019-07-02,1.0498
2019-07-01,1.0473
2019-06-28,1.0435
2019-06-27,1.0422
2019-06-26,1.0419
2019-06-25,1.0423
2019-06-21,1.0439
2019-06-20,1.0455
2019-06-19,1.0439
2019-06-18,1.0403
2019-06-17,1.0374
2019-06-14,1.0373
2019-06-13,1.0362
2019-06-12,1.0359
2019-06-11,1.036
2019-06-10,1.0343
2019-06-07,1.034
2019-06-06,1.0326
2019-06-05,1.0322
2019-06-04,1.0306
2019-06-03,1.0297
2019-05-31,1.0298
2019-05-30,1.0298
2019-05-29,1.0295
2019-05-28,1.0293
2019-05-27,1.029
2019-05-24,1.0287
2019-05-23,1.029
2019-05-22,1.0294
2019-05-21,1.0286
2019-05-20,1.029
2019-05-17,1.03
2019-05-16,1.0294
2019-05-15,1.0282
2019-05-14,1.0275
2019-05-13,1.0281
2019-05-10,1.0291
2019-05-09,1.0297
2019-05-08,1.0305
2019-05-07,1.0314
2019-05-06,1.0318
2019-05-03,1.032
2019-05-02,1.032
2019-04-30,1.0321
2019-04-29,1.0322
2019-04-26,1.0315
2019-04-25,1.0313
2019-04-24,1.0312
2019-04-23,1.0306
2019-04-19,1.0301
2019-04-18,1.0299
2019-04-17,1.0292
2019-04-16,1.0295
2019-04-15,1.0295
2019-04-12,1.0299
2019-04-11,1.0308
2019-04-10,1.0306
2019-04-09,1.03
2019-04-08,1.0297
2019-04-05,1.0302
2019-04-04,1.0297
2019-04-03,1.0291
2019-04-02,1.0298
2019-04-01,1.0288
2019-03-29,1.028
2019-03-28,1.0273
2019-03-27,1.0276
2019-03-26,1.026
2019-03-25,1.0247
2019-03-22,1.0262
2019-03-21,1.025
2019-03-20,1.0218
2019-03-19,1.0225
2019-03-18,1.0226
2019-03-15,1.0214
2019-03-14,1.0206
2019-03-13,1.0201
2019-03-12,1.0204
2019-03-08,1.0184
2019-03-07,1.0198
2019-03-06,1.0168
2019-03-05,1.0156
2019-03-04,1.0151
2019-03-01,1.0134
2019-02-28,1.0138
2019-02-27,1.0151
2019-02-26,1.0161
2019-02-25,1.0154
2019-02-22,1.0142
2019-02-21,1.0134
2019-02-20,1.0137
2019-02-19,1.0142
2019-02-18,1.0142
2019-02-15,1.0136
2019-02-14,1.0135
2019-02-13,1.013
2019-02-12,1.0117
2019-02-11,1.0113
2019-02-08,1.0103
2019-02-07,1.0109
2019-02-06,1.0114
2019-02-05,1.0117
2019-02-04,1.01
2019-02-01,1.0096
2019-01-31,1.0107
2019-01-30,1.0072
2019-01-29,1.0057
2019-01-28,1.0063
2019-01-25,1.0086
2019-01-24,1.0072
2019-01-23,1.0045
2019-01-22,1.0048
2019-01-21,1.0044
2019-01-18,1.0045
2019-01-17,1.0038
2019-01-16,1.0038
2019-01-15,1.0033
2019-01-14,1.0013
2019-01-11,1.0005
2019-01-10,1.0009
2019-01-09,1
2019-01-08,1
2019-01-07,1
2019-01-04,1
2019-01-03,1
2019-01-02,1
