Date,Luminor 2003-2009 tikslinės grupės pensijų fondas
2026-10-01,1.2272
2026-09-30,1.2277
2026-09-29,1.2254
2026-09-28,1.2225
2026-09-25,1.2272
2026-09-24,1.2209
2026-09-23,1.228
2026-09-22,1.2325
2026-09-21,1.2261
2026-09-18,1.2082
2026-09-17,1.2108
2026-09-16,1.2003
2026-09-15,1.1939
2026-09-14,1.2
2026-09-11,1.206
2026-09-10,1.1943
2026-09-09,1.203
2026-09-08,1.2122
2026-09-07,1.2145
2026-09-04,1.2151
2026-09-03,1.2147
2026-09-02,1.2065
2026-09-01,1.2043
2026-08-31,1.2061
2026-08-28,1.2184
2026-08-27,1.2107
2026-08-26,1.2053
2026-08-25,1.204
2026-08-24,1.1986
2026-08-21,1.2028
2026-08-20,1.1987
2026-08-19,1.2045
2026-08-18,1.2074
2026-08-17,1.2225
2026-08-14,1.2213
2026-08-13,1.226
2026-08-12,1.2204
2026-08-11,1.2166
2026-08-10,1.2164
2026-08-07,1.2163
2026-08-06,1.2116
2026-08-05,1.2131
2026-08-04,1.2107
2026-08-03,1.1936
2026-07-31,1.1762
2026-07-30,1.1697
2026-07-29,1.1717
2026-07-28,1.1827
2026-07-27,1.1807
2026-07-24,1.1858
2026-07-23,1.1809
2026-07-22,1.1948
2026-07-21,1.1935
2026-07-20,1.1859
2026-07-17,1.1828
2026-07-16,1.1959
2026-07-15,1.1984
2026-07-14,1.1976
2026-07-13,1.1981
2026-07-10,1.2014
2026-07-09,1.1977
2026-07-08,1.1859
2026-07-07,1.1915
2026-07-03,1.2
2026-07-02,1.1916
2026-07-01,1.2014
2026-06-30,1.1985
2026-06-29,1.1867
2026-06-26,1.1849
2026-06-25,1.1891
2026-06-23,1.1862
2026-06-22,1.2032
2026-06-19,1.1979
2026-06-18,1.1991
2026-06-17,1.1896
2026-06-16,1.1882
2026-06-15,1.1921
2026-06-12,1.1762
2026-06-11,1.1601
2026-06-10,1.1521
2026-06-09,1.1553
2026-06-08,1.1688
2026-06-05,1.1712
2026-06-04,1.1863
2026-06-03,1.1876
2026-06-02,1.1931
2026-06-01,1.1859
2026-05-29,1.1787
2026-05-28,1.1772
2026-05-27,1.1744
2026-05-26,1.1768
2026-05-25,1.1792
2026-05-22,1.1687
2026-05-21,1.158
2026-05-20,1.1556
2026-05-19,1.145
2026-05-18,1.1476
2026-05-15,1.1534
2026-05-14,1.1655
2026-05-13,1.152
2026-05-12,1.1389
2026-05-11,1.1503
2026-05-08,1.1474
2026-05-07,1.1441
2026-05-06,1.1452
2026-05-05,1.1323
2026-05-04,1.1227
2026-04-30,1.12
2026-04-29,1.1123
2026-04-28,1.1117
2026-04-27,1.1153
2026-04-24,1.1156
2026-04-23,1.1133
2026-04-22,1.1128
2026-04-21,1.1072
2026-04-20,1.1088
2026-04-17,1.1117
2026-04-16,1.1004
2026-04-15,1.0946
2026-04-14,1.091
2026-04-13,1.0819
2026-04-10,1.0808
2026-04-09,1.0798
2026-04-08,1.0743
2026-04-07,1.0409
2026-04-03,1.0428
2026-04-02,1.0428
2026-04-01,1.0424
2026-03-31,1.0275
2026-03-30,1.0231
2026-03-27,1.0199
2026-03-26,1.033
2026-03-25,1.0409
2026-03-24,1.0338
2026-03-23,1.0342
2026-03-20,1.0308
2026-03-19,1.0447
2026-03-18,1.0575
2026-03-17,1.0636
2026-03-16,1.0609
2026-03-13,1.0564
2026-03-12,1.0595
2026-03-10,1.0663
2026-03-09,1.0569
2026-03-06,1.061
2026-03-05,1.0688
2026-03-04,1.076
2026-03-03,1.07
2026-03-02,1.0834
2026-02-27,1.0837
2026-02-26,1.0871
2026-02-25,1.0889
2026-02-24,1.0814
2026-02-23,1.0768
2026-02-20,1.0831
2026-02-19,1.0774
2026-02-18,1.0777
2026-02-17,1.0686
2026-02-13,1.069
2026-02-12,1.0714
2026-02-11,1.0774
2026-02-10,1.0756
2026-02-09,1.0728
2026-02-06,1.0664
2026-02-05,1.061
2026-02-04,1.069
2026-02-03,1.0725
2026-02-02,1.074
2026-01-30,1.0673
2026-01-29,1.0633
2026-01-28,1.0713
2026-01-27,1.0682
2026-01-26,1.0706
2026-01-23,1.0733
2026-01-22,1.0738
2026-01-21,1.0659
2026-01-20,1.0705
2026-01-19,1.0778
2026-01-16,1.0881
2026-01-15,1.0882
2026-01-14,1.079
2026-01-13,1.0828
2026-01-12,1.0826
2026-01-09,1.0798
2026-01-08,1.0742
2026-01-07,1.0769
2026-01-06,1.0719
2026-01-05,1.0645
2026-01-02,1.0552
2025-12-31,1.0561
2025-12-30,1.0563
2025-12-29,1.0542
2025-12-23,1.0515
2025-12-22,1.0494
2025-12-19,1.0455
2025-12-18,1.0392
2025-12-17,1.0325
2025-12-16,1.0378
2025-12-15,1.0435
2025-12-12,1.0442
2025-12-11,1.0503
2025-12-10,1.0523
2025-12-09,1.0542
2025-12-08,1.0537
2025-12-05,1.0552
2025-12-04,1.0506
2025-12-03,1.0491
2025-12-02,1.0476
2025-12-01,1.0494
2025-11-28,1.0509
2025-11-27,1.0478
2025-11-26,1.0467
2025-11-25,1.0373
2025-11-24,1.0337
2025-11-21,1.0226
2025-11-20,1.0309
2025-11-19,1.0272
2025-11-18,1.0284
2025-11-17,1.0394
2025-11-14,1.0429
2025-11-13,1.0477
2025-11-12,1.0574
2025-11-11,1.0541
2025-11-10,1.0472
2025-11-07,1.0343
2025-11-06,1.0465
2025-11-05,1.0572
2025-11-04,1.0586
2025-11-03,1.0619
2025-10-31,1.0591
2025-10-30,1.0605
2025-10-29,1.0594
2025-10-28,1.058
2025-10-27,1.0537
2025-10-24,1.0463
2025-10-23,1.0389
2025-10-22,1.0375
2025-10-21,1.0407
2025-10-20,1.0348
2025-10-17,1.0216
2025-10-16,1.0303
2025-10-15,1.0295
2025-10-14,1.0257
2025-10-13,1.0273
2025-10-10,1.0249
2025-10-09,1.0413
2025-10-08,1.0387
2025-10-07,1.0325
2025-10-06,1.0329
2025-10-03,1.0295
2025-10-02,1.0254
2025-10-01,1.0212
2025-09-30,1.0149
2025-09-29,1.0156
2025-09-26,1.0113
2025-09-25,1.0116
2025-09-24,1.0121
2025-09-23,1.0148
2025-09-22,1.0133
2025-09-19,1.0116
2025-09-18,1.0092
2025-09-17,1.0002
2025-09-16,1.0016
2025-09-15,1.0068
2025-09-12,1.0059
2025-09-11,1.0037
2025-09-10,0.9982
2025-09-09,0.9936
2025-09-08,0.9924
2025-09-05,0.9901
2025-09-04,0.9912
2025-09-03,0.9854
2025-09-02,0.9815
2025-09-01,0.989
2025-08-29,0.9896
2025-08-28,0.9954
2025-08-27,0.9961
2025-08-26,0.9908
2025-08-25,0.9928
2025-08-22,0.9914
2025-08-21,0.9868
2025-08-20,0.9846
2025-08-19,0.9896
2025-08-18,0.9892
2025-08-14,0.9896
2025-08-13,0.987
2025-08-12,0.984
2025-08-11,0.9832
2025-08-08,0.9786
2025-08-07,0.9767
2025-08-06,0.9747
2025-08-05,0.9743
2025-08-04,0.9738
2025-08-01,0.9697
2025-07-31,0.9919
2025-07-30,0.9909
2025-07-29,0.9862
2025-07-28,0.9821
2025-07-25,0.9749
2025-07-24,0.9734
2025-07-23,0.9708
2025-07-22,0.9656
2025-07-21,0.9709
2025-07-18,0.9711
2025-07-17,0.9724
2025-07-16,0.9574
2025-07-15,0.9676
2025-07-14,0.9623
2025-07-11,0.9622
2025-07-10,0.9656
2025-07-09,0.9595
2025-07-08,0.9572
2025-07-07,0.9576
2025-07-04,0.9555
2025-07-03,0.9597
2025-07-02,0.9517
2025-07-01,0.9507
2025-06-30,0.951
2025-06-27,0.9519
2025-06-26,0.9462
2025-06-25,0.9459
2025-06-23,0.9362
2025-06-20,0.9383
2025-06-19,0.9358
2025-06-18,0.9423
2025-06-17,0.9435
2025-06-16,0.9443
2025-06-13,0.9423
2025-06-12,0.9469
2025-06-11,0.9549
2025-06-10,0.9541
2025-06-09,0.9534
2025-06-06,0.9508
2025-06-05,0.9491
2025-06-04,0.9487
2025-06-03,0.9469
2025-06-02,0.9382
2025-05-30,0.9426
2025-05-29,0.9434
2025-05-28,0.9466
2025-05-27,0.9423
2025-05-26,0.9361
2025-05-23,0.9319
2025-05-22,0.9392
2025-05-21,0.9477
2025-05-20,0.9546
2025-05-19,0.9539
2025-05-16,0.9567
2025-05-15,0.9505
2025-05-14,0.948
2025-05-13,0.9483
2025-05-12,0.9391
2025-05-09,0.9158
2025-05-08,0.9146
2025-05-07,0.9021
2025-05-06,0.9066
2025-05-05,0.9083
2025-05-02,0.9069
2025-04-30,0.8876
2025-04-29,0.8844
2025-04-28,0.8803
2025-04-25,0.8782
2025-04-24,0.8731
2025-04-23,0.8631
2025-04-22,0.8442
2025-04-18,0.8493
2025-04-17,0.8494
2025-04-16,0.8584
2025-04-15,0.8673
2025-04-14,0.86
2025-04-11,0.8422
2025-04-10,0.8511
2025-04-09,0.8202
2025-04-08,0.8528
2025-04-07,0.8327
2025-04-04,0.8555
2025-04-03,0.8957
2025-04-02,0.9327
2025-04-01,0.9333
2025-03-31,0.9234
2025-03-28,0.9309
2025-03-27,0.9483
2025-03-26,0.9527
2025-03-25,0.9566
2025-03-24,0.9539
2025-03-21,0.9392
2025-03-20,0.9414
2025-03-19,0.9374
2025-03-18,0.9302
2025-03-17,0.9337
2025-03-14,0.9291
2025-03-13,0.9204
2025-03-12,0.9251
2025-03-10,0.9372
2025-03-07,0.9429
2025-03-06,0.9583
2025-03-05,0.9588
2025-03-04,0.9716
2025-03-03,0.9997
2025-02-28,0.9975
2025-02-27,1.0071
2025-02-26,1.0069
2025-02-25,0.9976
2025-02-24,1.0107
2025-02-21,1.0219
2025-02-20,1.022
2025-02-19,1.0286
2025-02-18,1.0247
2025-02-17,1.0237
2025-02-14,1.0197
2025-02-13,1.0215
2025-02-12,1.0167
2025-02-11,1.0236
2025-02-10,1.0266
2025-02-07,1.0219
2025-02-06,1.0232
2025-02-05,1.0141
2025-02-04,1.0162
2025-02-03,1.0171
2025-01-31,1.0253
2025-01-30,1.0161
2025-01-29,1.0151
2025-01-28,1.011
2025-01-27,1.002
2025-01-24,1.0184
2025-01-23,1.0215
2025-01-22,1.0212
2025-01-21,1.0139
2025-01-20,1.013
2025-01-17,1.0168
2025-01-16,1.0092
2025-01-15,1.0056
2025-01-14,0.9925
2025-01-13,0.9935
2025-01-10,0.9959
2025-01-09,1.0038
2025-01-08,1.0033
2025-01-07,1.0034
2025-01-06,1.0107
2025-01-03,1.0056
2025-01-02,1
