Date,Luminor ateitis 58+
2026-10-02,0.2996
2026-10-01,0.299
2026-09-30,0.2993
2026-09-29,0.2993
2026-09-28,0.2996
2026-09-25,0.3004
2026-09-24,0.3011
2026-09-23,0.302
2026-09-22,0.3031
2026-09-21,0.3029
2026-09-18,0.3024
2026-09-17,0.3029
2026-09-16,0.3022
2026-09-15,0.3018
2026-09-14,0.3024
2026-09-11,0.3027
2026-09-10,0.3032
2026-09-09,0.3043
2026-09-08,0.3051
2026-09-07,0.305
2026-09-04,0.3053
2026-09-03,0.3051
2026-09-02,0.3049
2026-09-01,0.3054
2026-08-31,0.3058
2026-08-28,0.3063
2026-08-27,0.3064
2026-08-26,0.3066
2026-08-25,0.3067
2026-08-24,0.3061
2026-08-21,0.306
2026-08-20,0.306
2026-08-19,0.3062
2026-08-18,0.3061
2026-08-17,0.3065
2026-08-14,0.307
2026-08-13,0.3074
2026-08-12,0.3072
2026-08-11,0.3071
2026-08-10,0.3072
2026-08-07,0.3074
2026-08-06,0.3074
2026-08-05,0.3074
2026-08-04,0.3072
2026-08-03,0.3066
2026-07-31,0.3059
2026-07-30,0.3061
2026-07-29,0.3063
2026-07-28,0.3066
2026-07-27,0.3063
2026-07-24,0.3057
2026-07-23,0.3057
2026-07-22,0.3063
2026-07-21,0.3066
2026-07-20,0.3067
2026-07-17,0.3068
2026-07-16,0.307
2026-07-15,0.3071
2026-07-14,0.3072
2026-07-13,0.3075
2026-07-10,0.3077
2026-07-09,0.3075
2026-07-08,0.3074
2026-07-07,0.3083
2026-07-03,0.3086
2026-07-02,0.3086
2026-07-01,0.3086
2026-06-30,0.3088
2026-06-29,0.3088
2026-06-26,0.3088
2026-06-25,0.3088
2026-06-23,0.3081
2026-06-22,0.308
2026-06-19,0.308
2026-06-18,0.3083
2026-06-17,0.3083
2026-06-16,0.3084
2026-06-15,0.308
2026-06-12,0.3073
2026-06-11,0.3067
2026-06-10,0.3064
2026-06-09,0.3065
2026-06-08,0.3065
2026-06-05,0.3068
2026-06-04,0.307
2026-06-03,0.3071
2026-06-02,0.3074
2026-06-01,0.3073
2026-05-29,0.3075
2026-05-28,0.307
2026-05-27,0.3068
2026-05-26,0.3062
2026-05-25,0.3061
2026-05-22,0.3054
2026-05-21,0.305
2026-05-20,0.3047
2026-05-19,0.3042
2026-05-18,0.3046
2026-05-15,0.305
2026-05-14,0.3057
2026-05-13,0.3053
2026-05-12,0.3056
2026-05-11,0.3063
2026-05-08,0.3065
2026-05-07,0.3064
2026-05-06,0.306
2026-05-05,0.3052
2026-05-04,0.3051
2026-04-30,0.3049
2026-04-29,0.3046
2026-04-28,0.305
2026-04-27,0.3055
2026-04-24,0.3056
2026-04-23,0.3057
2026-04-22,0.306
2026-04-21,0.306
2026-04-20,0.3064
2026-04-17,0.3064
2026-04-16,0.3053
2026-04-15,0.3054
2026-04-14,0.305
2026-04-13,0.3043
2026-04-10,0.3046
2026-04-09,0.3047
2026-04-08,0.3039
2026-04-07,0.3022
2026-04-03,0.3027
2026-04-02,0.3027
2026-04-01,0.3024
2026-03-31,0.3014
2026-03-30,0.3008
2026-03-27,0.3009
2026-03-26,0.302
2026-03-25,0.3026
2026-03-24,0.3018
2026-03-23,0.3019
2026-03-20,0.3022
2026-03-19,0.3034
2026-03-18,0.3042
2026-03-17,0.3043
2026-03-16,0.3037
2026-03-13,0.3038
2026-03-12,0.3044
2026-03-10,0.3059
2026-03-09,0.3051
2026-03-06,0.306
2026-03-05,0.307
2026-03-04,0.3072
2026-03-03,0.3069
2026-03-02,0.308
2026-02-27,0.3085
2026-02-26,0.3085
2026-02-25,0.3085
2026-02-24,0.3084
2026-02-23,0.3083
2026-02-20,0.3081
2026-02-19,0.308
2026-02-18,0.3081
2026-02-17,0.3081
2026-02-13,0.3078
2026-02-12,0.3075
2026-02-11,0.3073
2026-02-10,0.3072
2026-02-09,0.3067
2026-02-06,0.3066
2026-02-05,0.3066
2026-02-04,0.3064
2026-02-03,0.3064
2026-02-02,0.3064
2026-01-30,0.3065
2026-01-29,0.3063
2026-01-28,0.3063
2026-01-27,0.3062
2026-01-26,0.306
2026-01-23,0.3057
2026-01-22,0.3056
2026-01-21,0.3052
2026-01-20,0.3051
2026-01-19,0.3054
2026-01-16,0.3056
2026-01-15,0.3057
2026-01-14,0.3053
2026-01-13,0.3053
2026-01-12,0.3053
2026-01-09,0.305
2026-01-08,0.3049
2026-01-07,0.305
2026-01-06,0.3047
2026-01-05,0.3044
2026-01-02,0.3039
2025-12-31,0.3043
2025-12-30,0.3043
2025-12-29,0.3043
2025-12-23,0.3038
2025-12-22,0.3034
2025-12-19,0.3035
2025-12-18,0.3037
2025-12-17,0.3036
2025-12-16,0.3037
2025-12-15,0.3035
2025-12-12,0.3032
2025-12-11,0.3033
2025-12-10,0.3031
2025-12-09,0.3031
2025-12-08,0.3035
2025-12-05,0.304
2025-12-04,0.3042
2025-12-03,0.3042
2025-12-02,0.3039
2025-12-01,0.304
2025-11-28,0.3044
2025-11-27,0.3042
2025-11-26,0.3042
2025-11-25,0.304
2025-11-24,0.3038
2025-11-21,0.3034
2025-11-20,0.3035
2025-11-19,0.3034
2025-11-18,0.3034
2025-11-17,0.3035
2025-11-14,0.3036
2025-11-13,0.304
2025-11-12,0.3043
2025-11-11,0.304
2025-11-10,0.3038
2025-11-07,0.3036
2025-11-06,0.3038
2025-11-05,0.3038
2025-11-04,0.304
2025-11-03,0.3042
2025-10-31,0.3043
2025-10-30,0.3043
2025-10-29,0.3045
2025-10-28,0.3044
2025-10-27,0.3043
2025-10-24,0.304
2025-10-23,0.304
2025-10-22,0.3041
2025-10-21,0.3041
2025-10-20,0.3038
2025-10-17,0.3035
2025-10-16,0.3037
2025-10-15,0.3034
2025-10-14,0.3027
2025-10-13,0.3023
2025-10-10,0.3021
2025-10-09,0.3022
2025-10-08,0.3023
2025-10-07,0.302
2025-10-06,0.3022
2025-10-03,0.3024
2025-10-02,0.3023
2025-10-01,0.3019
2025-09-30,0.3019
2025-09-29,0.3019
2025-09-26,0.3015
2025-09-25,0.3015
2025-09-24,0.3018
2025-09-23,0.3018
2025-09-22,0.3016
2025-09-19,0.3017
2025-09-18,0.302
2025-09-17,0.3022
2025-09-16,0.3021
2025-09-15,0.302
2025-09-12,0.3019
2025-09-11,0.3021
2025-09-10,0.3016
2025-09-09,0.3014
2025-09-08,0.3014
2025-09-05,0.3008
2025-09-04,0.3001
2025-09-03,0.2993
2025-09-02,0.2988
2025-09-01,0.2997
2025-08-29,0.2998
2025-08-28,0.3003
2025-08-27,0.2999
2025-08-26,0.3
2025-08-25,0.2999
2025-08-22,0.3004
2025-08-21,0.3001
2025-08-20,0.3005
2025-08-19,0.3003
2025-08-18,0.3001
2025-08-14,0.3012
2025-08-13,0.3012
2025-08-12,0.3005
2025-08-11,0.3009
2025-08-08,0.3012
2025-08-07,0.3017
2025-08-06,0.3013
2025-08-05,0.3015
2025-08-04,0.3013
2025-08-01,0.3004
2025-07-31,0.3007
2025-07-30,0.3003
2025-07-29,0.3006
2025-07-28,0.3002
2025-07-25,0.2999
2025-07-24,0.3002
2025-07-23,0.3007
2025-07-22,0.3007
2025-07-21,0.3001
2025-07-18,0.2992
2025-07-17,0.2992
2025-07-16,0.2989
2025-07-15,0.2989
2025-07-14,0.2987
2025-07-11,0.299
2025-07-10,0.2995
2025-07-09,0.2997
2025-07-08,0.2996
2025-07-07,0.3002
2025-07-04,0.3003
2025-07-03,0.3003
2025-07-02,0.2999
2025-07-01,0.3002
2025-06-30,0.2996
2025-06-27,0.2997
2025-06-26,0.2996
2025-06-25,0.2997
2025-06-23,0.2994
2025-06-20,0.2993
2025-06-19,0.2991
2025-06-18,0.2994
2025-06-17,0.2993
2025-06-16,0.2993
2025-06-13,0.2992
2025-06-12,0.2996
2025-06-11,0.2994
2025-06-10,0.2992
2025-06-09,0.2987
2025-06-06,0.2985
2025-06-05,0.2986
2025-06-04,0.2989
2025-06-03,0.2985
2025-06-02,0.2983
2025-05-30,0.2984
2025-05-29,0.2981
2025-05-28,0.2977
2025-05-27,0.2976
2025-05-26,0.2972
2025-05-23,0.2966
2025-05-22,0.2965
2025-05-21,0.2969
2025-05-20,0.2973
2025-05-19,0.2971
2025-05-16,0.2969
2025-05-15,0.2965
2025-05-14,0.2964
2025-05-13,0.2966
2025-05-12,0.2964
2025-05-09,0.2964
2025-05-08,0.2964
2025-05-07,0.2962
2025-05-06,0.2957
2025-05-05,0.2959
2025-05-02,0.296
2025-04-30,0.2961
2025-04-29,0.2963
2025-04-28,0.2965
2025-04-25,0.2967
2025-04-24,0.2963
2025-04-23,0.2959
2025-04-22,0.2951
2025-04-18,0.2947
2025-04-17,0.2947
2025-04-16,0.2941
2025-04-15,0.2937
2025-04-14,0.2931
2025-04-11,0.2919
2025-04-10,0.2919
2025-04-09,0.2909
2025-04-08,0.2914
2025-04-07,0.2911
2025-04-04,0.2931
2025-04-03,0.2938
2025-04-02,0.2942
2025-04-01,0.2943
2025-03-31,0.2938
2025-03-28,0.2939
2025-03-27,0.2938
2025-03-26,0.294
2025-03-25,0.2942
2025-03-24,0.2942
2025-03-21,0.2941
2025-03-20,0.2943
2025-03-19,0.2941
2025-03-18,0.2937
2025-03-17,0.2936
2025-03-14,0.2929
2025-03-13,0.2929
2025-03-12,0.2933
2025-03-10,0.2939
2025-03-07,0.2937
2025-03-06,0.2938
2025-03-05,0.2955
2025-03-04,0.2966
2025-03-03,0.2972
2025-02-28,0.2971
2025-02-27,0.297
2025-02-26,0.2969
2025-02-25,0.2965
2025-02-24,0.2964
2025-02-21,0.2962
2025-02-20,0.2957
2025-02-19,0.2958
2025-02-18,0.2961
2025-02-17,0.2963
2025-02-14,0.2963
2025-02-13,0.2958
2025-02-12,0.2955
2025-02-11,0.2959
2025-02-10,0.2961
2025-02-07,0.2961
2025-02-06,0.2963
2025-02-05,0.2962
2025-02-04,0.2956
2025-02-03,0.2953
2025-01-31,0.2947
2025-01-30,0.2941
2025-01-29,0.2937
2025-01-28,0.2936
2025-01-27,0.2935
2025-01-24,0.2932
2025-01-23,0.2934
2025-01-22,0.2936
2025-01-21,0.2934
2025-01-20,0.2931
2025-01-17,0.2928
2025-01-16,0.2925
2025-01-15,0.2919
2025-01-14,0.291
2025-01-13,0.2911
2025-01-10,0.2916
2025-01-09,0.2922
2025-01-08,0.2924
2025-01-07,0.2928
2025-01-06,0.2932
2025-01-03,0.2934
2025-01-02,0.2936
2024-12-31,0.2936
2024-12-30,0.2934
2024-12-27,0.2935
2024-12-23,0.2936
2024-12-20,0.2936
2024-12-19,0.2939
2024-12-18,0.2947
2024-12-17,0.2949
2024-12-16,0.2949
2024-12-13,0.2952
2024-12-12,0.2958
2024-12-11,0.296
2024-12-10,0.296
2024-12-09,0.2959
2024-12-06,0.2957
2024-12-05,0.2955
2024-12-04,0.2954
2024-12-03,0.2952
2024-12-02,0.295
2024-11-29,0.2946
2024-11-28,0.2941
2024-11-27,0.2938
2024-11-26,0.2936
2024-11-25,0.2935
2024-11-22,0.2929
2024-11-21,0.2926
2024-11-20,0.2924
2024-11-19,0.2923
2024-11-18,0.2923
2024-11-15,0.2924
2024-11-14,0.2927
2024-11-13,0.2925
2024-11-12,0.2928
2024-11-11,0.2929
2024-11-08,0.2925
2024-11-07,0.292
2024-11-06,0.2913
2024-11-05,0.2912
2024-11-04,0.2913
2024-10-31,0.2915
2024-10-30,0.2919
2024-10-29,0.2921
2024-10-28,0.2922
2024-10-25,0.2923
2024-10-24,0.2919
2024-10-23,0.2917
2024-10-22,0.2919
2024-10-21,0.2926
2024-10-18,0.2931
2024-10-17,0.2929
2024-10-16,0.2928
2024-10-15,0.2923
2024-10-14,0.2919
2024-10-11,0.2919
2024-10-10,0.2918
2024-10-09,0.2919
2024-10-08,0.2919
2024-10-07,0.292
2024-10-04,0.2925
2024-10-03,0.2929
2024-10-02,0.2931
2024-10-01,0.2929
2024-09-30,0.2926
2024-09-27,0.2924
2024-09-26,0.2921
2024-09-25,0.2921
2024-09-24,0.2921
2024-09-23,0.2917
2024-09-20,0.2918
2024-09-19,0.2918
2024-09-18,0.2914
2024-09-17,0.2916
2024-09-16,0.2913
2024-09-13,0.291
2024-09-12,0.2906
2024-09-11,0.2905
2024-09-10,0.2904
2024-09-09,0.2903
2024-09-06,0.29
2024-09-05,0.2899
2024-09-04,0.2894
2024-09-03,0.2891
2024-09-02,0.2892
2024-08-30,0.2893
2024-08-29,0.2893
2024-08-28,0.2891
2024-08-27,0.2894
2024-08-26,0.2894
2024-08-23,0.2892
2024-08-22,0.2891
2024-08-21,0.2892
2024-08-20,0.2888
2024-08-19,0.2886
2024-08-16,0.2883
2024-08-14,0.2883
2024-08-13,0.2878
2024-08-12,0.2875
2024-08-09,0.2873
2024-08-08,0.2869
2024-08-07,0.2871
2024-08-06,0.2867
2024-08-05,0.2869
2024-08-02,0.2872
2024-08-01,0.2871
2024-07-31,0.2867
2024-07-30,0.286
2024-07-29,0.2857
2024-07-26,0.2855
2024-07-25,0.2853
2024-07-24,0.2852
2024-07-23,0.2852
2024-07-22,0.2849
2024-07-19,0.2849
2024-07-18,0.285
2024-07-17,0.285
2024-07-16,0.285
2024-07-15,0.2848
2024-07-12,0.2849
2024-07-11,0.2845
2024-07-10,0.2838
2024-07-09,0.2836
2024-07-08,0.2838
2024-07-05,0.2834
2024-07-04,0.283
2024-07-03,0.2827
2024-07-02,0.2821
2024-07-01,0.2823
2024-06-28,0.2828
2024-06-27,0.2829
2024-06-26,0.2828
2024-06-25,0.283
2024-06-21,0.2828
2024-06-20,0.2829
2024-06-19,0.283
2024-06-18,0.2828
2024-06-17,0.2827
2024-06-14,0.2828
2024-06-13,0.2826
2024-06-12,0.2822
2024-06-11,0.2811
2024-06-10,0.2811
2024-06-07,0.2818
2024-06-06,0.2825
2024-06-05,0.2826
2024-06-04,0.2822
2024-06-03,0.2818
2024-05-31,0.2811
2024-05-30,0.2809
2024-05-29,0.2809
2024-05-28,0.2814
2024-05-27,0.2816
2024-05-24,0.2813
2024-05-23,0.2816
2024-05-22,0.2821
2024-05-21,0.2822
2024-05-20,0.2821
2024-05-17,0.2824
2024-05-16,0.2827
2024-05-15,0.2823
2024-05-14,0.2815
2024-05-13,0.2816
2024-05-10,0.2815
2024-05-09,0.2817
2024-05-08,0.2819
2024-05-07,0.2819
2024-05-06,0.2812
2024-05-03,0.2809
2024-05-02,0.28
2024-04-30,0.2799
2024-04-29,0.2802
2024-04-26,0.2795
2024-04-25,0.2792
2024-04-24,0.2799
2024-04-23,0.2806
2024-04-22,0.2802
2024-04-19,0.28
2024-04-18,0.2799
2024-04-17,0.2797
2024-04-16,0.2796
2024-04-15,0.2807
2024-04-12,0.2811
2024-04-11,0.2811
2024-04-10,0.282
2024-04-09,0.2823
2024-04-08,0.282
2024-04-05,0.2819
2024-04-04,0.2819
2024-04-03,0.2815
2024-04-02,0.2815
2024-03-29,0.2822
2024-03-28,0.2822
2024-03-27,0.2819
2024-03-26,0.2817
2024-03-25,0.2817
2024-03-22,0.2816
2024-03-21,0.2811
2024-03-20,0.2806
2024-03-19,0.2804
2024-03-18,0.2803
2024-03-15,0.2805
2024-03-14,0.2809
2024-03-13,0.2811
2024-03-12,0.281
2024-03-08,0.281
2024-03-07,0.2807
2024-03-06,0.2804
2024-03-05,0.28
2024-03-04,0.2796
2024-03-01,0.2793
2024-02-29,0.2791
2024-02-28,0.2786
2024-02-27,0.2787
2024-02-26,0.279
2024-02-23,0.279
2024-02-22,0.2784
2024-02-21,0.2782
2024-02-20,0.2782
2024-02-19,0.2781
2024-02-15,0.2782
2024-02-14,0.2777
2024-02-13,0.2777
2024-02-12,0.278
2024-02-09,0.278
2024-02-08,0.2782
2024-02-07,0.2783
2024-02-06,0.2781
2024-02-05,0.2782
2024-02-02,0.279
2024-02-01,0.2793
2024-01-31,0.2787
2024-01-30,0.2786
2024-01-29,0.2784
2024-01-26,0.2781
2024-01-25,0.2777
2024-01-24,0.2775
2024-01-23,0.2774
2024-01-22,0.2775
2024-01-19,0.2772
2024-01-18,0.2772
2024-01-17,0.2774
2024-01-16,0.2781
2024-01-15,0.2784
2024-01-12,0.2782
2024-01-11,0.2775
2024-01-10,0.2771
2024-01-09,0.277
2024-01-08,0.2773
2024-01-05,0.2773
2024-01-04,0.2777
2024-01-03,0.2785
2024-01-02,0.2791
2023-12-29,0.2797
2023-12-28,0.2798
2023-12-27,0.2796
2023-12-22,0.2794
2023-12-21,0.279
2023-12-20,0.2787
2023-12-19,0.2782
2023-12-18,0.2781
2023-12-15,0.278
2023-12-14,0.2771
2023-12-13,0.2753
2023-12-12,0.2748
2023-12-11,0.2747
2023-12-08,0.275
2023-12-07,0.2753
2023-12-06,0.275
2023-12-05,0.2744
2023-12-04,0.2737
2023-12-01,0.2733
2023-11-30,0.2727
2023-11-29,0.2723
2023-11-28,0.2715
2023-11-27,0.271
2023-11-24,0.2707
2023-11-23,0.2708
2023-11-22,0.2709
2023-11-21,0.2705
2023-11-20,0.2702
2023-11-17,0.2701
2023-11-16,0.2697
2023-11-15,0.2695
2023-11-14,0.2691
2023-11-13,0.268
2023-11-10,0.2681
2023-11-09,0.2686
2023-11-08,0.2688
2023-11-07,0.2684
2023-11-06,0.2682
2023-11-03,0.2686
2023-10-31,0.2656
2023-10-30,0.2652
2023-10-27,0.2649
2023-10-26,0.2647
2023-10-25,0.2647
2023-10-24,0.2646
2023-10-23,0.2642
2023-10-20,0.2638
2023-10-19,0.2639
2023-10-18,0.2642
2023-10-17,0.2649
2023-10-16,0.2655
2023-10-13,0.2656
2023-10-12,0.2656
2023-10-11,0.2659
2023-10-10,0.2652
2023-10-09,0.2644
2023-10-06,0.2642
2023-10-05,0.264
2023-10-04,0.2641
2023-10-03,0.2643
2023-10-02,0.2655
2023-09-29,0.2657
2023-09-28,0.2656
2023-09-27,0.2663
2023-09-26,0.2667
2023-09-25,0.2671
2023-09-22,0.2676
2023-09-21,0.2678
2023-09-20,0.2684
2023-09-19,0.2681
2023-09-18,0.2684
2023-09-15,0.2687
2023-09-14,0.2688
2023-09-13,0.2685
2023-09-12,0.2685
2023-09-11,0.2686
2023-09-08,0.2686
2023-09-07,0.2682
2023-09-06,0.2681
2023-09-05,0.2686
2023-09-04,0.269
2023-09-01,0.2692
2023-08-31,0.2694
2023-08-30,0.2692
2023-08-29,0.2692
2023-08-28,0.2686
2023-08-25,0.2686
2023-08-24,0.2688
2023-08-23,0.2682
2023-08-22,0.2671
2023-08-21,0.267
2023-08-18,0.2674
2023-08-17,0.2673
2023-08-16,0.2679
2023-08-14,0.2686
2023-08-11,0.269
2023-08-10,0.2695
2023-08-09,0.2694
2023-08-08,0.269
2023-08-07,0.269
2023-08-04,0.2689
2023-08-03,0.2687
2023-08-02,0.2689
2023-08-01,0.2693
2023-07-31,0.2696
2023-07-28,0.2694
2023-07-27,0.2692
2023-07-26,0.269
2023-07-25,0.2692
2023-07-24,0.2691
2023-07-21,0.2689
2023-07-20,0.269
2023-07-19,0.2693
2023-07-18,0.2689
2023-07-17,0.2686
2023-07-14,0.2687
2023-07-13,0.2684
2023-07-12,0.2674
2023-07-11,0.2666
2023-07-10,0.2663
2023-07-07,0.2663
2023-07-05,0.2676
2023-07-04,0.2676
2023-07-03,0.2676
2023-06-30,0.2677
2023-06-29,0.2676
2023-06-28,0.2677
2023-06-27,0.2677
2023-06-26,0.2678
2023-06-23,0.2673
2023-06-22,0.2673
2023-06-21,0.2675
2023-06-20,0.2674
2023-06-19,0.2673
2023-06-16,0.2674
2023-06-15,0.2674
2023-06-14,0.2677
2023-06-13,0.2677
2023-06-12,0.2677
2023-06-09,0.2675
2023-06-08,0.2673
2023-06-07,0.2672
2023-06-06,0.2673
2023-06-05,0.2674
2023-06-02,0.2677
2023-06-01,0.2676
2023-05-31,0.2671
2023-05-30,0.2661
2023-05-29,0.2657
2023-05-26,0.2655
2023-05-25,0.2658
2023-05-24,0.266
2023-05-23,0.2661
2023-05-22,0.2663
2023-05-19,0.2666
2023-05-18,0.2665
2023-05-17,0.2668
2023-05-16,0.2671
2023-05-15,0.2674
2023-05-12,0.2677
2023-05-11,0.2678
2023-05-10,0.2673
2023-05-09,0.2671
2023-05-08,0.2674
2023-05-05,0.2675
2023-05-04,0.2679
2023-05-03,0.2674
2023-05-02,0.2673
2023-04-28,0.2667
2023-04-27,0.266
2023-04-26,0.2663
2023-04-25,0.266
2023-04-24,0.2654
2023-04-21,0.2656
2023-04-20,0.2656
2023-04-19,0.2654
2023-04-18,0.2657
2023-04-17,0.2657
2023-04-14,0.266
2023-04-13,0.2664
2023-04-12,0.2665
2023-04-11,0.2672
2023-04-07,0.268
2023-04-06,0.268
2023-04-05,0.2678
2023-04-04,0.2673
2023-04-03,0.2672
2023-03-31,0.2667
2023-03-30,0.2664
2023-03-29,0.2669
2023-03-28,0.2672
2023-03-27,0.2677
2023-03-24,0.268
2023-03-23,0.2673
2023-03-22,0.2665
2023-03-21,0.2672
2023-03-20,0.2681
2023-03-17,0.2674
2023-03-16,0.267
2023-03-15,0.2671
2023-03-14,0.2655
2023-03-13,0.2659
2023-03-10,0.2643
2023-03-09,0.2636
2023-03-08,0.2633
2023-03-07,0.263
2023-03-06,0.263
2023-03-03,0.2631
2023-03-02,0.2631
2023-03-01,0.2633
2023-02-28,0.264
2023-02-27,0.2644
2023-02-24,0.2647
2023-02-23,0.265
2023-02-22,0.2648
2023-02-21,0.2649
2023-02-20,0.2654
2023-02-17,0.2653
2023-02-15,0.2654
2023-02-14,0.2657
2023-02-13,0.2661
2023-02-10,0.2663
2023-02-09,0.2665
2023-02-08,0.2663
2023-02-07,0.2667
2023-02-06,0.267
2023-02-03,0.2678
2023-02-02,0.2678
2023-02-01,0.2664
2023-01-31,0.2664
2023-01-30,0.2664
2023-01-27,0.2669
2023-01-26,0.2672
2023-01-25,0.2675
2023-01-24,0.2673
2023-01-23,0.2671
2023-01-20,0.2677
2023-01-19,0.2683
2023-01-18,0.2683
2023-01-17,0.2677
2023-01-16,0.2671
2023-01-13,0.2672
2023-01-12,0.267
2023-01-11,0.2664
2023-01-10,0.266
2023-01-09,0.2663
2023-01-06,0.2662
2023-01-05,0.2659
2023-01-04,0.2658
2023-01-03,0.2651
2023-01-02,0.2645
2022-12-30,0.2645
2022-12-29,0.2648
2022-12-28,0.2645
2022-12-27,0.265
2022-12-23,0.2653
2022-12-22,0.2656
2022-12-21,0.2657
2022-12-20,0.2659
2022-12-19,0.2665
2022-12-16,0.2669
2022-12-15,0.2678
2022-12-14,0.2691
2022-12-13,0.2693
2022-12-12,0.269
2022-12-09,0.2694
2022-12-08,0.27
2022-12-07,0.2701
2022-12-06,0.2697
2022-12-05,0.2693
2022-12-02,0.2694
2022-12-01,0.2693
2022-11-30,0.2686
2022-11-29,0.2686
2022-11-28,0.2682
2022-11-25,0.2684
2022-11-24,0.2688
2022-11-23,0.2682
2022-11-22,0.2679
2022-11-21,0.2679
2022-11-18,0.2679
2022-11-17,0.2677
2022-11-16,0.2675
2022-11-15,0.2669
2022-11-14,0.2669
2022-11-11,0.2665
2022-11-10,0.2674
2022-11-09,0.266
2022-11-08,0.2653
2022-11-07,0.2652
2022-11-04,0.2654
2022-11-03,0.2658
2022-10-31,0.2665
2022-10-28,0.2671
2022-10-27,0.2665
2022-10-26,0.2659
2022-10-25,0.2654
2022-10-24,0.2645
2022-10-21,0.2641
2022-10-20,0.2642
2022-10-19,0.2646
2022-10-18,0.2651
2022-10-17,0.265
2022-10-14,0.265
2022-10-13,0.2651
2022-10-12,0.2651
2022-10-11,0.2653
2022-10-10,0.2655
2022-10-07,0.2659
2022-10-06,0.2667
2022-10-05,0.2676
2022-10-04,0.2683
2022-10-03,0.2675
2022-09-30,0.2661
2022-09-29,0.2662
2022-09-28,0.2664
2022-09-27,0.2662
2022-09-26,0.2672
2022-09-23,0.2679
2022-09-22,0.2685
2022-09-21,0.2689
2022-09-20,0.2691
2022-09-19,0.27
2022-09-16,0.2701
2022-09-15,0.2703
2022-09-14,0.2707
2022-09-13,0.2709
2022-09-12,0.2713
2022-09-09,0.2713
2022-09-08,0.2717
2022-09-07,0.2723
2022-09-06,0.2722
2022-09-05,0.2724
2022-09-02,0.2726
2022-09-01,0.2723
2022-08-31,0.2725
2022-08-30,0.2728
2022-08-29,0.2733
2022-08-26,0.2743
2022-08-25,0.2747
2022-08-24,0.2745
2022-08-23,0.2748
2022-08-22,0.2751
2022-08-19,0.2759
2022-08-18,0.2766
2022-08-17,0.2771
2022-08-16,0.2779
2022-08-12,0.278
2022-08-11,0.2785
2022-08-10,0.2787
2022-08-09,0.2785
2022-08-08,0.2786
2022-08-05,0.2789
2022-08-04,0.2794
2022-08-03,0.279
2022-08-02,0.2796
2022-08-01,0.2797
2022-07-29,0.279
2022-07-28,0.2785
2022-07-27,0.2775
2022-07-26,0.2775
2022-07-25,0.277
2022-07-22,0.2764
2022-07-21,0.2752
2022-07-20,0.2754
2022-07-19,0.2755
2022-07-18,0.2761
2022-07-15,0.2765
2022-07-14,0.2762
2022-07-13,0.2767
2022-07-12,0.2767
2022-07-11,0.2759
2022-07-08,0.2754
2022-07-07,0.2758
2022-07-05,0.2759
2022-07-04,0.2754
2022-07-01,0.2759
2022-06-30,0.2744
2022-06-29,0.2733
2022-06-28,0.2729
2022-06-27,0.2735
2022-06-23,0.2736
2022-06-22,0.2721
2022-06-21,0.2713
2022-06-20,0.2717
2022-06-17,0.272
2022-06-16,0.2716
2022-06-15,0.2713
2022-06-14,0.2706
2022-06-13,0.2716
2022-06-10,0.2733
2022-06-09,0.2744
2022-06-08,0.2755
2022-06-07,0.2759
2022-06-06,0.2758
2022-06-03,0.276
2022-06-02,0.2765
2022-06-01,0.2772
2022-05-31,0.2778
2022-05-30,0.2787
2022-05-27,0.2792
2022-05-26,0.2791
2022-05-25,0.2791
2022-05-24,0.2789
2022-05-23,0.2788
2022-05-20,0.2793
2022-05-19,0.2792
2022-05-18,0.279
2022-05-17,0.2793
2022-05-16,0.28
2022-05-13,0.2804
2022-05-12,0.2804
2022-05-11,0.2794
2022-05-10,0.2788
2022-05-09,0.2782
2022-05-06,0.2784
2022-05-05,0.279
2022-05-04,0.2792
2022-05-03,0.2796
2022-05-02,0.2798
2022-04-29,0.2799
2022-04-28,0.2806
2022-04-27,0.2813
2022-04-26,0.2812
2022-04-25,0.2808
2022-04-22,0.2802
2022-04-21,0.2809
2022-04-20,0.2813
2022-04-19,0.2813
2022-04-15,0.2819
2022-04-14,0.2819
2022-04-13,0.2821
2022-04-12,0.282
2022-04-11,0.2819
2022-04-08,0.2828
2022-04-07,0.2834
2022-04-06,0.2837
2022-04-05,0.2843
2022-04-04,0.285
2022-04-01,0.2849
2022-03-31,0.2849
2022-03-30,0.2843
2022-03-29,0.2848
2022-03-28,0.2853
2022-03-25,0.2854
2022-03-24,0.2858
2022-03-23,0.286
2022-03-22,0.286
2022-03-21,0.2866
2022-03-18,0.2871
2022-03-17,0.2869
2022-03-16,0.2871
2022-03-15,0.2873
2022-03-14,0.2872
2022-03-10,0.2881
2022-03-09,0.2894
2022-03-08,0.2903
2022-03-07,0.2908
2022-03-04,0.2912
2022-03-03,0.2906
2022-03-02,0.2911
2022-03-01,0.2912
2022-02-28,0.289
2022-02-25,0.2885
2022-02-24,0.2886
2022-02-23,0.2881
2022-02-22,0.2882
2022-02-21,0.2886
2022-02-18,0.2887
2022-02-17,0.2884
2022-02-15,0.2879
2022-02-14,0.2881
2022-02-11,0.2882
2022-02-10,0.2885
2022-02-09,0.2889
2022-02-08,0.2887
2022-02-07,0.289
2022-02-04,0.2895
2022-02-03,0.2907
2022-02-02,0.2919
2022-02-01,0.2921
2022-01-31,0.2925
2022-01-28,0.293
2022-01-27,0.2931
2022-01-26,0.2932
2022-01-25,0.2935
2022-01-24,0.2935
2022-01-21,0.2933
2022-01-20,0.293
2022-01-19,0.293
2022-01-18,0.2931
2022-01-17,0.2932
2022-01-14,0.2935
2022-01-13,0.2936
2022-01-12,0.2933
2022-01-11,0.2932
2022-01-10,0.2933
2022-01-07,0.2933
2022-01-06,0.2936
2022-01-05,0.2939
2022-01-04,0.2939
2022-01-03,0.2941
2021-12-31,0.2943
2021-12-30,0.2943
2021-12-29,0.2946
2021-12-28,0.2949
2021-12-27,0.2949
2021-12-23,0.2952
2021-12-22,0.2956
2021-12-21,0.296
2021-12-20,0.2965
2021-12-17,0.2964
2021-12-16,0.2963
2021-12-15,0.2966
2021-12-14,0.2967
2021-12-13,0.2967
2021-12-10,0.2964
2021-12-09,0.2962
2021-12-08,0.2963
2021-12-07,0.2968
2021-12-06,0.2969
2021-12-03,0.2967
2021-12-02,0.2965
2021-12-01,0.2963
2021-11-30,0.2964
2021-11-29,0.2964
2021-11-26,0.2963
2021-11-25,0.2957
2021-11-24,0.2956
2021-11-23,0.296
2021-11-22,0.2966
2021-11-19,0.2968
2021-11-18,0.2963
2021-11-17,0.2961
2021-11-16,0.2961
2021-11-15,0.2962
2021-11-12,0.2963
2021-11-11,0.2964
2021-11-10,0.2965
2021-11-09,0.2967
2021-11-08,0.2966
2021-11-05,0.2965
2021-11-04,0.2961
2021-11-03,0.2955
2021-10-29,0.2949
2021-10-28,0.2956
2021-10-27,0.2957
2021-10-26,0.2955
2021-10-25,0.2955
2021-10-22,0.2954
2021-10-21,0.2955
2021-10-20,0.2956
2021-10-19,0.2957
2021-10-18,0.2959
2021-10-15,0.2963
2021-10-14,0.2962
2021-10-13,0.2958
2021-10-12,0.2957
2021-10-11,0.2959
2021-10-08,0.2962
2021-10-07,0.2963
2021-10-06,0.2963
2021-10-05,0.2964
2021-10-04,0.2966
2021-10-01,0.2966
2021-09-30,0.2965
2021-09-29,0.2965
2021-09-28,0.2966
2021-09-27,0.2967
2021-09-24,0.2969
2021-09-23,0.2973
2021-09-22,0.2976
2021-09-21,0.2976
2021-09-20,0.2974
2021-09-17,0.2974
2021-09-16,0.2975
2021-09-15,0.2977
2021-09-14,0.2978
2021-09-13,0.2977
2021-09-10,0.2978
2021-09-09,0.2978
2021-09-08,0.2975
2021-09-07,0.2976
2021-09-06,0.2979
2021-09-03,0.2979
2021-09-02,0.298
2021-09-01,0.2979
2021-08-31,0.2982
2021-08-30,0.2984
2021-08-27,0.2983
2021-08-26,0.2983
2021-08-25,0.2986
2021-08-24,0.2989
2021-08-23,0.299
2021-08-20,0.2991
2021-08-19,0.2991
2021-08-18,0.299
2021-08-17,0.299
2021-08-16,0.299
2021-08-13,0.299
2021-08-12,0.299
2021-08-11,0.299
2021-08-10,0.2991
2021-08-09,0.299
2021-08-06,0.2991
2021-08-05,0.2993
2021-08-04,0.2992
2021-08-03,0.2992
2021-08-02,0.299
2021-07-30,0.2988
2021-07-29,0.2988
2021-07-28,0.2988
2021-07-27,0.2987
2021-07-26,0.2987
2021-07-23,0.2987
2021-07-22,0.2985
2021-07-21,0.2984
2021-07-20,0.2984
2021-07-19,0.2983
2021-07-16,0.2981
2021-07-15,0.2978
2021-07-14,0.2978
2021-07-13,0.2977
2021-07-12,0.2977
2021-07-09,0.2977
2021-07-08,0.2978
2021-07-07,0.2978
2021-07-05,0.2973
2021-07-02,0.2973
2021-07-01,0.2971
2021-06-30,0.297
2021-06-29,0.2968
2021-06-28,0.2967
2021-06-25,0.2967
2021-06-23,0.2968
2021-06-22,0.2968
2021-06-21,0.2969
2021-06-18,0.2971
2021-06-17,0.2973
2021-06-16,0.2974
2021-06-15,0.2974
2021-06-14,0.2976
2021-06-11,0.2977
2021-06-10,0.2975
2021-06-09,0.2974
2021-06-08,0.2971
2021-06-07,0.297
2021-06-04,0.2971
2021-06-03,0.297
2021-06-02,0.297
2021-06-01,0.2969
2021-05-31,0.2969
2021-05-28,0.2969
2021-05-27,0.297
2021-05-26,0.297
2021-05-25,0.2966
2021-05-24,0.2963
2021-05-21,0.2962
2021-05-20,0.296
2021-05-19,0.2959
2021-05-18,0.2959
2021-05-17,0.296
2021-05-14,0.2962
2021-05-13,0.2963
2021-05-12,0.2964
2021-05-11,0.2968
2021-05-10,0.2971
2021-05-07,0.2972
2021-05-06,0.2974
2021-05-05,0.2975
2021-05-04,0.2975
2021-05-03,0.2973
2021-04-30,0.2972
2021-04-29,0.2974
2021-04-28,0.2977
2021-04-27,0.2978
2021-04-26,0.2979
2021-04-23,0.298
2021-04-22,0.2981
2021-04-21,0.2981
2021-04-20,0.2979
2021-04-19,0.2979
2021-04-16,0.2982
2021-04-15,0.2982
2021-04-14,0.2981
2021-04-13,0.2983
2021-04-12,0.2984
2021-04-09,0.2986
2021-04-08,0.2988
2021-04-07,0.2987
2021-04-06,0.2988
2021-04-02,0.2988
2021-04-01,0.2988
2021-03-31,0.2986
2021-03-30,0.2986
2021-03-29,0.299
2021-03-26,0.2993
2021-03-25,0.2994
2021-03-24,0.2992
2021-03-23,0.299
2021-03-22,0.2988
2021-03-19,0.2986
2021-03-18,0.2986
2021-03-17,0.2989
2021-03-16,0.2992
2021-03-15,0.2992
2021-03-12,0.2991
2021-03-10,0.299
2021-03-09,0.2988
2021-03-08,0.2987
2021-03-05,0.2988
2021-03-04,0.2988
2021-03-03,0.299
2021-03-02,0.2993
2021-03-01,0.299
2021-02-26,0.2984
2021-02-25,0.2984
2021-02-24,0.2989
2021-02-23,0.2993
2021-02-22,0.2993
2021-02-19,0.2993
2021-02-18,0.2995
2021-02-17,0.2997
2021-02-15,0.3003
2021-02-12,0.3007
2021-02-11,0.3008
2021-02-10,0.3007
2021-02-09,0.3007
2021-02-08,0.3007
2021-02-05,0.3007
2021-02-04,0.3007
2021-02-03,0.3007
2021-02-02,0.3009
2021-02-01,0.301
2021-01-29,0.3011
2021-01-28,0.3012
2021-01-27,0.3013
2021-01-26,0.3013
2021-01-25,0.301
2021-01-22,0.3008
2021-01-21,0.3011
2021-01-20,0.3014
2021-01-19,0.3013
2021-01-18,0.3013
2021-01-15,0.3015
2021-01-14,0.3015
2021-01-13,0.3013
2021-01-12,0.3013
2021-01-11,0.3017
2021-01-08,0.3018
2021-01-07,0.3018
2021-01-06,0.3018
2021-01-05,0.302
2021-01-04,0.3019
2020-12-31,0.3019
2020-12-30,0.3019
2020-12-29,0.3019
2020-12-28,0.3018
2020-12-23,0.3018
2020-12-22,0.302
2020-12-21,0.302
2020-12-18,0.302
2020-12-17,0.3021
2020-12-16,0.3022
2020-12-15,0.3024
2020-12-14,0.3024
2020-12-11,0.3024
2020-12-10,0.3022
2020-12-09,0.3022
2020-12-08,0.3021
2020-12-07,0.3018
2020-12-04,0.3017
2020-12-03,0.3016
2020-12-02,0.3013
2020-12-01,0.3016
2020-11-30,0.3019
2020-11-27,0.302
2020-11-26,0.3019
2020-11-25,0.3019
2020-11-24,0.3019
2020-11-23,0.3019
2020-11-20,0.3019
2020-11-19,0.3018
2020-11-18,0.3018
2020-11-17,0.3018
2020-11-16,0.3016
2020-11-13,0.3015
2020-11-12,0.3011
2020-11-11,0.301
2020-11-10,0.3009
2020-11-09,0.3015
2020-11-06,0.302
2020-11-05,0.3021
2020-11-04,0.302
2020-11-03,0.3019
2020-10-30,0.3018
2020-10-29,0.3017
2020-10-28,0.3016
2020-10-27,0.3015
2020-10-26,0.3013
2020-10-23,0.3011
2020-10-22,0.3012
2020-10-21,0.3014
2020-10-20,0.3016
2020-10-19,0.3018
2020-10-16,0.3019
2020-10-15,0.3017
2020-10-14,0.3017
2020-10-13,0.3016
2020-10-12,0.3014
2020-10-09,0.3012
2020-10-08,0.3008
2020-10-07,0.3007
2020-10-06,0.3008
2020-10-05,0.3008
2020-10-02,0.3008
2020-10-01,0.3006
2020-09-30,0.3007
2020-09-29,0.3007
2020-09-28,0.3006
2020-09-25,0.3005
2020-09-24,0.3006
2020-09-23,0.3007
2020-09-22,0.3006
2020-09-21,0.3005
2020-09-18,0.3003
2020-09-17,0.3003
2020-09-16,0.3001
2020-09-15,0.3
2020-09-14,0.3001
2020-09-11,0.2997
2020-09-10,0.2996
2020-09-09,0.2997
2020-09-08,0.2997
2020-09-07,0.2996
2020-09-04,0.2999
2020-09-03,0.3
2020-09-03,0.3
2020-09-02,0.2996
2020-09-01,0.2991
2020-08-31,0.2991
2020-08-28,0.2993
2020-08-27,0.2994
2020-08-26,0.2994
2020-08-25,0.2997
2020-08-24,0.3001
2020-08-21,0.3002
2020-08-20,0.3002
2020-08-19,0.3
2020-08-18,0.2999
2020-08-17,0.2997
2020-08-14,0.2995
2020-08-13,0.2997
2020-08-12,0.3001
2020-08-11,0.3004
2020-08-10,0.3005
2020-08-07,0.3005
2020-08-06,0.3004
2020-08-05,0.3004
2020-08-04,0.3004
2020-08-03,0.3
2020-07-31,0.3002
2020-07-30,0.3002
2020-07-29,0.3001
2020-07-28,0.3001
2020-07-27,0.2999
2020-07-24,0.2998
2020-07-22,0.2998
2020-07-21,0.2996
2020-07-20,0.2995
2020-07-17,0.2992
2020-07-16,0.2992
2020-07-15,0.299
2020-07-14,0.2991
2020-07-13,0.299
2020-07-10,0.2992
2020-07-09,0.2991
2020-07-08,0.299
2020-07-07,0.2989
2020-07-03,0.2986
2020-07-02,0.2985
2020-07-01,0.2984
2020-06-30,0.2988
2020-06-29,0.2987
2020-06-26,0.2987
2020-06-25,0.2986
2020-06-23,0.2983
2020-06-22,0.2986
2020-06-19,0.2982
2020-06-18,0.2979
2020-06-17,0.2978
2020-06-16,0.2977
2020-06-15,0.2976
2020-06-12,0.2975
2020-06-11,0.297
2020-06-10,0.2967
2020-06-09,0.297
2020-06-08,0.297
2020-06-05,0.2969
2020-06-04,0.2969
2020-06-03,0.2969
2020-06-02,0.2973
2020-06-01,0.2972
2020-05-29,0.2973
2020-05-28,0.297
2020-05-27,0.2967
2020-05-26,0.2966
2020-05-25,0.2967
2020-05-22,0.2966
2020-05-21,0.2965
2020-05-20,0.2965
2020-05-19,0.2962
2020-05-18,0.296
2020-05-15,0.2961
2020-05-14,0.2962
2020-05-13,0.2961
2020-05-12,0.2957
2020-05-11,0.2958
2020-05-08,0.2958
2020-05-07,0.2955
2020-05-06,0.2958
2020-05-05,0.2963
2020-05-04,0.2965
2020-04-30,0.2964
2020-04-29,0.296
2020-04-28,0.2957
2020-04-27,0.2953
2020-04-24,0.2948
2020-04-23,0.2942
2020-04-22,0.2939
2020-04-21,0.2946
2020-04-20,0.2951
2020-04-17,0.2955
2020-04-16,0.2954
2020-04-15,0.2951
2020-04-14,0.2955
2020-04-10,0.2953
2020-04-09,0.2953
2020-04-08,0.295
2020-04-07,0.2956
2020-04-06,0.2961
2020-04-03,0.2964
2020-04-02,0.2965
2020-04-01,0.2964
2020-03-31,0.297
2020-03-30,0.2974
2020-03-27,0.2974
2020-03-26,0.2961
2020-03-25,0.2956
2020-03-24,0.296
2020-03-23,0.2958
2020-03-20,0.2959
2020-03-19,0.2947
2020-03-18,0.2941
2020-03-17,0.2957
2020-03-16,0.2967
2020-03-13,0.2984
2020-03-12,0.3003
2020-03-10,0.3011
2020-03-09,0.3015
2020-03-06,0.3015
2020-03-05,0.3014
2020-03-04,0.3015
2020-03-03,0.3011
2020-03-02,0.3009
2020-02-28,0.3007
2020-02-27,0.3006
2020-02-26,0.3008
2020-02-25,0.3008
2020-02-24,0.3008
2020-02-21,0.3008
2020-02-20,0.3006
2020-02-19,0.3004
2020-02-18,0.3004
2020-02-17,0.3003
2020-02-14,0.3003
2020-02-13,0.3002
2020-02-12,0.3001
2020-02-11,0.3002
2020-02-10,0.3001
2020-02-07,0.3
2020-02-06,0.2998
2020-02-05,0.3
2020-02-04,0.3002
2020-02-03,0.3003
2020-01-31,0.3003
2020-01-30,0.3001
2020-01-29,0.2998
2020-01-28,0.2998
2020-01-27,0.2995
2020-01-24,0.299
2020-01-23,0.2987
2020-01-22,0.2984
2020-01-21,0.2982
2020-01-20,0.2981
2020-01-17,0.2981
2020-01-16,0.2981
2020-01-15,0.2981
2020-01-14,0.298
2020-01-13,0.2981
2020-01-10,0.2982
2020-01-09,0.2982
2020-01-08,0.2984
2020-01-07,0.2986
2020-01-06,0.2987
2020-01-03,0.2984
2020-01-02,0.298
2019-12-31,0.298
2019-12-30,0.2982
2019-12-27,0.2984
2019-12-23,0.2983
2019-12-20,0.2984
2019-12-19,0.2984
2019-12-18,0.2988
2019-12-17,0.2988
2019-12-16,0.2989
2019-12-13,0.2987
2019-12-12,0.2988
2019-12-11,0.2988
2019-12-10,0.2987
2019-12-09,0.2986
2019-12-06,0.2985
2019-12-05,0.2985
2019-12-04,0.299
2019-12-03,0.2987
2019-12-02,0.2987
2019-11-29,0.2991
2019-11-28,0.2992
2019-11-27,0.2993
2019-11-26,0.2993
2019-11-25,0.2993
2019-11-22,0.2991
2019-11-21,0.2991
2019-11-20,0.2992
2019-11-19,0.2991
2019-11-18,0.2992
2019-11-15,0.299
2019-11-14,0.299
2019-11-13,0.2989
2019-11-12,0.2988
2019-11-11,0.2988
2019-11-08,0.2989
2019-11-07,0.2994
2019-11-06,0.2996
2019-11-05,0.2998
2019-11-04,0.3001
2019-10-31,0.3003
2019-10-30,0.2999
2019-10-29,0.2999
2019-10-28,0.2999
2019-10-25,0.3004
2019-10-24,0.3005
2019-10-23,0.3004
2019-10-22,0.3002
2019-10-21,0.3002
2019-10-18,0.3005
2019-10-17,0.3005
2019-10-16,0.3006
2019-10-15,0.3009
2019-10-14,0.3008
2019-10-11,0.3008
2019-10-10,0.3011
2019-10-09,0.3017
2019-10-08,0.3018
2019-10-07,0.3018
2019-10-04,0.3019
2019-10-03,0.3018
2019-10-02,0.3016
2019-10-01,0.3018
2019-09-30,0.3019
2019-09-27,0.302
2019-09-26,0.302
2019-09-25,0.3021
2019-09-24,0.302
2019-09-23,0.3017
2019-09-20,0.3014
2019-09-19,0.3014
2019-09-18,0.3012
2019-09-17,0.3012
2019-09-16,0.3011
2019-09-13,0.3013
2019-09-12,0.3016
2019-09-11,0.3015
2019-09-10,0.3017
2019-09-09,0.302
2019-09-06,0.3022
2019-09-05,0.3023
2019-09-04,0.3028
2019-09-03,0.3028
2019-09-02,0.3028
2019-08-30,0.3028
2019-08-29,0.3029
2019-08-28,0.3027
2019-08-27,0.3021
2019-08-26,0.3017
2019-08-23,0.3018
2019-08-22,0.3018
2019-08-21,0.3021
2019-08-20,0.302
2019-08-19,0.302
2019-08-16,0.3022
2019-08-14,0.3014
2019-08-13,0.3009
2019-08-12,0.3006
2019-08-09,0.3007
2019-08-08,0.3013
2019-08-07,0.3015
2019-08-06,0.3009
2019-08-05,0.3008
2019-08-02,0.3005
2019-08-01,0.3003
2019-07-31,0.3
2019-07-30,0.2999
2019-07-29,0.2999
2019-07-26,0.2998
2019-07-25,0.2998
2019-07-24,0.2998
2019-07-23,0.2995
2019-07-22,0.2995
2019-07-19,0.2995
2019-07-18,0.2995
2019-07-17,0.2992
2019-07-16,0.299
2019-07-15,0.2987
2019-07-12,0.2986
2019-07-11,0.2989
2019-07-10,0.299
2019-07-09,0.2992
2019-07-08,0.2995
2019-07-05,0.2995
2019-07-04,0.2999
2019-07-03,0.2996
2019-07-02,0.2991
2019-07-01,0.2987
2019-06-28,0.2984
2019-06-27,0.2983
2019-06-26,0.2984
2019-06-25,0.2983
2019-06-21,0.2981
2019-06-20,0.2983
2019-06-19,0.2982
2019-06-18,0.2978
2019-06-17,0.2972
2019-06-14,0.2971
2019-06-13,0.2969
2019-06-12,0.2969
2019-06-11,0.2971
2019-06-10,0.2968
2019-06-07,0.297
2019-06-06,0.2965
2019-06-05,0.2964
2019-06-04,0.2962
2019-06-03,0.2959
2019-05-31,0.2958
2019-05-30,0.2955
2019-05-29,0.2955
2019-05-28,0.2954
2019-05-27,0.2953
2019-05-24,0.2952
2019-05-23,0.2951
2019-05-22,0.295
2019-05-21,0.295
2019-05-20,0.2951
2019-05-17,0.2951
2019-05-16,0.295
2019-05-15,0.2949
2019-05-14,0.2949
2019-05-13,0.2949
2019-05-10,0.2948
2019-05-09,0.2949
2019-05-08,0.295
2019-05-07,0.295
2019-05-06,0.2949
2019-05-03,0.2949
2019-05-02,0.2949
2019-04-30,0.2948
2019-04-29,0.2948
2019-04-26,0.2947
2019-04-25,0.2947
2019-04-24,0.2947
2019-04-23,0.2946
2019-04-19,0.2947
2019-04-18,0.2946
2019-04-17,0.2945
2019-04-16,0.2945
2019-04-15,0.2946
2019-04-12,0.2948
2019-04-11,0.295
2019-04-10,0.2949
2019-04-09,0.2947
2019-04-08,0.2947
2019-04-05,0.2946
2019-04-04,0.2945
2019-04-03,0.2946
2019-04-02,0.2947
2019-04-01,0.2947
2019-03-29,0.2949
2019-03-28,0.2949
2019-03-27,0.2949
2019-03-26,0.2947
2019-03-25,0.2947
2019-03-22,0.2947
2019-03-21,0.2944
2019-03-20,0.2943
2019-03-19,0.2943
2019-03-18,0.2944
2019-03-15,0.2943
2019-03-14,0.2943
2019-03-13,0.2943
2019-03-12,0.2943
2019-03-08,0.2944
2019-03-07,0.2943
2019-03-06,0.2939
2019-03-05,0.2937
2019-03-04,0.2936
2019-03-01,0.2936
2019-02-28,0.2936
2019-02-27,0.2937
2019-02-26,0.2939
2019-02-25,0.2938
2019-02-22,0.2937
2019-02-21,0.2937
2019-02-20,0.2938
2019-02-19,0.2938
2019-02-18,0.2938
2019-02-15,0.2937
2019-02-14,0.2937
2019-02-13,0.2937
2019-02-12,0.2936
2019-02-11,0.2936
2019-02-08,0.2936
2019-02-07,0.2936
2019-02-06,0.2936
2019-02-05,0.2936
2019-02-04,0.2937
2019-02-01,0.2938
2019-01-31,0.2938
2019-01-30,0.2937
2019-01-29,0.2937
2019-01-28,0.2937
2019-01-25,0.2938
2019-01-24,0.2937
2019-01-23,0.2936
2019-01-22,0.2935
2019-01-21,0.2935
2019-01-18,0.2935
2019-01-17,0.2935
2019-01-16,0.2935
2019-01-15,0.2936
2019-01-14,0.2935
2019-01-11,0.2934
2019-01-10,0.2933
2019-01-09,0.2932
2019-01-08,0.2931
2019-01-07,0.2932
2019-01-04,0.2933
2019-01-03,0.2934
2019-01-02,0.2936
2018-12-31,0.2934
2018-12-28,0.2934
2018-12-27,0.2934
2018-12-21,0.2934
2018-12-20,0.2935
2018-12-19,0.2934
2018-12-18,0.2933
2018-12-17,0.2932
2018-12-14,0.2933
2018-12-13,0.2932
2018-12-12,0.2932
2018-12-11,0.2932
2018-12-10,0.2932
2018-12-07,0.2932
2018-12-06,0.2933
2018-12-05,0.2933
2018-12-04,0.2933
2018-12-03,0.2932
2018-11-30,0.2931
2018-11-29,0.293
2018-11-28,0.2929
2018-11-27,0.2929
2018-11-26,0.2928
2018-11-23,0.2928
2018-11-22,0.2928
2018-11-21,0.2927
2018-11-20,0.2927
2018-11-19,0.2927
2018-11-16,0.2928
2018-11-15,0.2928
2018-11-14,0.2928
2018-11-13,0.2928
2018-11-12,0.2929
2018-11-09,0.2929
2018-11-08,0.2928
2018-11-07,0.2929
2018-11-06,0.2929
2018-11-05,0.2929
2018-11-02,0.293
2018-10-31,0.293
2018-10-30,0.293
2018-10-29,0.2931
2018-10-26,0.293
2018-10-25,0.2929
2018-10-24,0.2929
2018-10-23,0.2928
2018-10-22,0.2928
2018-10-19,0.2926
2018-10-18,0.2927
2018-10-17,0.2928
2018-10-16,0.2927
2018-10-15,0.2926
2018-10-12,0.2926
2018-10-11,0.2926
2018-10-10,0.2926
2018-10-09,0.2926
2018-10-08,0.2926
2018-10-05,0.2926
2018-10-04,0.2928
2018-10-03,0.293
2018-10-02,0.293
2018-10-01,0.293
2018-09-28,0.2931
2018-09-27,0.2932
2018-09-26,0.2932
2018-09-25,0.2932
2018-09-24,0.2933
2018-09-21,0.2935
2018-09-20,0.2935
2018-09-19,0.2935
2018-09-18,0.2936
2018-09-17,0.2936
2018-09-14,0.2935
2018-09-13,0.2936
2018-09-12,0.2937
2018-09-11,0.2937
2018-09-10,0.2937
2018-09-07,0.2937
2018-09-06,0.2937
2018-09-05,0.2937
2018-09-04,0.2937
2018-09-03,0.2936
2018-08-31,0.2936
2018-08-30,0.2937
2018-08-29,0.2936
2018-08-28,0.2936
2018-08-27,0.2936
2018-08-24,0.2938
2018-08-23,0.2938
2018-08-22,0.2939
2018-08-21,0.294
2018-08-20,0.294
2018-08-17,0.2939
2018-08-16,0.2939
2018-08-14,0.2939
2018-08-13,0.2939
2018-08-10,0.294
2018-08-09,0.2939
2018-08-08,0.2939
2018-08-07,0.2939
2018-08-06,0.2939
2018-08-03,0.2938
2018-08-02,0.2937
2018-08-01,0.2938
2018-07-31,0.2939
2018-07-30,0.2939
2018-07-27,0.2941
2018-07-26,0.2941
2018-07-25,0.2942
2018-07-24,0.2942
2018-07-23,0.2942
2018-07-20,0.2943
2018-07-19,0.2944
2018-07-18,0.2944
2018-07-17,0.2945
2018-07-16,0.2944
2018-07-13,0.2944
2018-07-12,0.2943
2018-07-11,0.2943
2018-07-10,0.2943
2018-07-09,0.2944
2018-07-05,0.2943
2018-07-04,0.2944
2018-07-03,0.2945
2018-07-02,0.2944
2018-06-29,0.2944
2018-06-28,0.2941
2018-06-27,0.2941
2018-06-26,0.294
2018-06-25,0.2941
2018-06-22,0.2942
2018-06-21,0.2942
2018-06-20,0.2943
2018-06-19,0.2943
2018-06-18,0.2942
2018-06-15,0.2941
2018-06-14,0.294
2018-06-13,0.2937
2018-06-12,0.2936
2018-06-11,0.2935
2018-06-08,0.2934
2018-06-07,0.2934
2018-06-06,0.2935
2018-06-05,0.294
2018-06-04,0.294
2018-06-01,0.2939
2018-05-31,0.2939
2018-05-30,0.2935
2018-05-29,0.2937
2018-05-28,0.294
2018-05-25,0.2941
2018-05-24,0.2941
2018-05-23,0.294
2018-05-22,0.2939
2018-05-21,0.294
2018-05-18,0.294
2018-05-17,0.2939
2018-05-16,0.2941
2018-05-15,0.2941
2018-05-14,0.2942
2018-05-11,0.2944
2018-05-10,0.2944
2018-05-09,0.2944
2018-05-08,0.2944
2018-05-07,0.2945
2018-05-04,0.2945
2018-05-03,0.2945
2018-05-02,0.2944
2018-04-30,0.2945
2018-04-27,0.2945
2018-04-26,0.2944
2018-04-25,0.2943
2018-04-24,0.2944
2018-04-23,0.2944
2018-04-20,0.2945
2018-04-19,0.2945
2018-04-18,0.2947
2018-04-17,0.2948
2018-04-16,0.2947
2018-04-13,0.2947
2018-04-12,0.2947
2018-04-11,0.2948
2018-04-10,0.2947
2018-04-09,0.2948
2018-04-06,0.2948
2018-04-05,0.2948
2018-04-04,0.2949
2018-04-03,0.2949
2018-03-30,0.2949
2018-03-29,0.2949
2018-03-28,0.2948
2018-03-27,0.2948
2018-03-26,0.2946
2018-03-23,0.2946
2018-03-22,0.2944
2018-03-21,0.2944
2018-03-20,0.2944
2018-03-19,0.2944
2018-03-16,0.2944
2018-03-15,0.2943
2018-03-14,0.2942
2018-03-13,0.2942
2018-03-12,0.2942
2018-03-09,0.2941
2018-03-08,0.2942
2018-03-07,0.2941
2018-03-06,0.294
2018-03-05,0.2941
2018-03-02,0.2941
2018-03-01,0.2941
2018-02-28,0.2941
2018-02-27,0.294
2018-02-26,0.294
2018-02-23,0.2939
2018-02-22,0.2938
2018-02-21,0.2938
2018-02-20,0.2939
2018-02-19,0.2939
2018-02-15,0.2938
2018-02-14,0.2939
2018-02-13,0.2939
2018-02-12,0.294
2018-02-09,0.294
2018-02-08,0.294
2018-02-07,0.2942
2018-02-06,0.2942
2018-02-05,0.2942
2018-02-02,0.2941
2018-02-01,0.2942
2018-01-31,0.2942
2018-01-30,0.2943
2018-01-29,0.2943
2018-01-26,0.2945
2018-01-25,0.2946
2018-01-24,0.2948
2018-01-23,0.2949
2018-01-22,0.2949
2018-01-19,0.2949
2018-01-18,0.2949
2018-01-17,0.2949
2018-01-16,0.295
2018-01-15,0.2949
2018-01-12,0.2949
2018-01-11,0.2949
2018-01-10,0.2951
2018-01-09,0.2952
2018-01-08,0.2953
2018-01-05,0.2953
2018-01-04,0.2953
2018-01-03,0.2952
2018-01-02,0.2951
2017-12-29,0.2953
2017-12-28,0.2954
2017-12-27,0.2956
2017-12-22,0.2956
2017-12-21,0.2956
2017-12-20,0.2956
2017-12-19,0.2958
2017-12-18,0.2961
2017-12-15,0.2961
2017-12-14,0.296
2017-12-13,0.2961
2017-12-12,0.2962
2017-12-11,0.2963
2017-12-08,0.2963
2017-12-07,0.2963
2017-12-06,0.2963
2017-12-05,0.2962
2017-12-04,0.2961
2017-12-01,0.2961
2017-11-30,0.2959
2017-11-29,0.2958
2017-11-28,0.296
2017-11-27,0.296
2017-11-24,0.2959
2017-11-23,0.296
2017-11-22,0.296
2017-11-21,0.296
2017-11-20,0.296
2017-11-17,0.296
2017-11-16,0.2959
2017-11-15,0.296
2017-11-14,0.2959
2017-11-13,0.2959
2017-11-10,0.2959
2017-11-09,0.296
2017-11-08,0.2962
2017-11-07,0.2962
2017-11-06,0.2961
2017-11-03,0.296
2017-11-02,0.296
2017-10-31,0.296
2017-10-30,0.296
2017-10-27,0.2959
2017-10-26,0.2958
2017-10-25,0.2956
2017-10-24,0.2956
2017-10-23,0.2958
2017-10-20,0.2957
2017-10-19,0.2958
2017-10-18,0.2959
2017-10-17,0.296
2017-10-16,0.2959
2017-10-13,0.2958
2017-10-12,0.2957
2017-10-11,0.2956
2017-10-10,0.2956
2017-10-09,0.2957
2017-10-06,0.2956
2017-10-05,0.2956
2017-10-04,0.2956
2017-10-03,0.2957
2017-10-02,0.2957
2017-09-29,0.2957
2017-09-28,0.2957
2017-09-27,0.2957
2017-09-26,0.2959
2017-09-25,0.2958
2017-09-22,0.2957
2017-09-21,0.2957
2017-09-20,0.2958
2017-09-19,0.2958
2017-09-18,0.2957
2017-09-15,0.2958
2017-09-14,0.2959
2017-09-13,0.2959
2017-09-12,0.296
2017-09-11,0.2961
2017-09-08,0.2962
2017-09-07,0.2962
2017-09-06,0.2961
2017-09-05,0.2961
2017-09-04,0.296
2017-09-01,0.296
2017-08-31,0.296
2017-08-30,0.296
2017-08-29,0.296
2017-08-28,0.2959
2017-08-25,0.2958
2017-08-24,0.2959
2017-08-23,0.2959
2017-08-22,0.2958
2017-08-21,0.2959
2017-08-18,0.2958
2017-08-17,0.2958
2017-08-16,0.2958
2017-08-14,0.2959
2017-08-11,0.2959
2017-08-10,0.2958
2017-08-09,0.2958
2017-08-08,0.2957
2017-08-07,0.2958
2017-08-04,0.2957
2017-08-03,0.2958
2017-08-02,0.2957
2017-08-01,0.2957
2017-07-31,0.2955
2017-07-28,0.2955
2017-07-27,0.2955
2017-07-26,0.2954
2017-07-25,0.2954
2017-07-24,0.2955
2017-07-21,0.2954
2017-07-20,0.2954
2017-07-19,0.2953
2017-07-18,0.2953
2017-07-17,0.2951
2017-07-14,0.2951
2017-07-13,0.2951
2017-07-12,0.2952
2017-07-11,0.295
2017-07-10,0.2951
2017-07-07,0.295
2017-07-05,0.2955
2017-07-04,0.2956
2017-07-03,0.2956
2017-06-30,0.2956
2017-06-29,0.2957
2017-06-28,0.2959
2017-06-27,0.296
2017-06-26,0.2964
2017-06-23,0.2964
2017-06-22,0.2964
2017-06-21,0.2964
2017-06-20,0.2964
2017-06-19,0.2963
2017-06-16,0.2963
2017-06-15,0.2963
2017-06-14,0.2965
2017-06-13,0.2964
2017-06-12,0.2964
2017-06-09,0.2963
2017-06-08,0.2963
2017-06-07,0.2962
2017-06-06,0.2963
2017-06-05,0.2962
2017-06-02,0.2962
2017-06-01,0.2961
2017-05-31,0.2962
2017-05-30,0.2962
2017-05-29,0.2962
2017-05-26,0.2961
2017-05-25,0.2961
2017-05-24,0.296
2017-05-23,0.2959
2017-05-22,0.2959
2017-05-19,0.296
2017-05-18,0.296
2017-05-17,0.296
2017-05-16,0.2959
2017-05-15,0.2959
2017-05-12,0.2959
2017-05-11,0.2959
2017-05-10,0.2959
2017-05-09,0.2959
2017-05-08,0.2959
2017-05-05,0.296
2017-05-04,0.296
2017-05-03,0.2961
2017-05-02,0.296
2017-04-28,0.296
2017-04-27,0.296
2017-04-26,0.2959
2017-04-25,0.2959
2017-04-24,0.296
2017-04-21,0.2959
2017-04-20,0.2959
2017-04-19,0.296
2017-04-18,0.296
2017-04-14,0.296
2017-04-13,0.296
2017-04-12,0.296
2017-04-11,0.296
2017-04-10,0.2961
2017-04-07,0.2961
2017-04-06,0.296
2017-04-05,0.296
2017-04-04,0.2959
2017-04-03,0.2958
2017-03-31,0.2958
2017-03-30,0.2958
2017-03-29,0.2958
2017-03-28,0.2957
2017-03-27,0.2957
2017-03-24,0.2956
2017-03-23,0.2956
2017-03-22,0.2956
2017-03-21,0.2955
2017-03-20,0.2955
2017-03-17,0.2955
2017-03-16,0.2955
2017-03-15,0.2956
2017-03-14,0.2955
2017-03-13,0.2955
2017-03-10,0.2956
2017-03-09,0.2958
2017-03-08,0.2959
2017-03-07,0.2961
2017-03-06,0.2962
2017-03-03,0.2961
2017-03-02,0.2962
2017-03-01,0.2962
2017-02-28,0.2963
2017-02-27,0.2962
2017-02-24,0.2961
2017-02-23,0.296
2017-02-22,0.2958
2017-02-21,0.2958
2017-02-20,0.2958
2017-02-17,0.2958
2017-02-15,0.2957
2017-02-14,0.2958
2017-02-13,0.2958
2017-02-10,0.2958
2017-02-09,0.2958
2017-02-08,0.2957
2017-02-07,0.2957
2017-02-06,0.2957
2017-02-03,0.2958
2017-02-02,0.2957
2017-02-01,0.2957
2017-01-31,0.2958
2017-01-30,0.2957
2017-01-27,0.2958
2017-01-26,0.2959
2017-01-25,0.2961
2017-01-24,0.2963
2017-01-23,0.2963
2017-01-20,0.2963
2017-01-19,0.2964
2017-01-18,0.2965
2017-01-17,0.2966
2017-01-16,0.2966
2017-01-13,0.2965
2017-01-12,0.2966
2017-01-11,0.2966
2017-01-10,0.2966
2017-01-09,0.2966
2017-01-06,0.2965
2017-01-05,0.2966
2017-01-04,0.2967
2017-01-03,0.2967
2017-01-02,0.2969
2016-12-30,0.2969
2016-12-29,0.2968
2016-12-28,0.2968
2016-12-27,0.2969
2016-12-23,0.2967
2016-12-22,0.2967
2016-12-21,0.2967
2016-12-20,0.2966
2016-12-19,0.2966
2016-12-16,0.2965
2016-12-15,0.2965
2016-12-14,0.2966
2016-12-13,0.2964
2016-12-12,0.2963
2016-12-09,0.2964
2016-12-08,0.2964
2016-12-07,0.2964
2016-12-06,0.2963
2016-12-05,0.2963
2016-12-02,0.2964
2016-12-01,0.2963
2016-11-30,0.2965
2016-11-29,0.2965
2016-11-28,0.2965
2016-11-25,0.2964
2016-11-24,0.2964
2016-11-23,0.2964
2016-11-22,0.2965
2016-11-21,0.2963
2016-11-18,0.2967
2016-11-17,0.2967
2016-11-16,0.2967
2016-11-15,0.2968
2016-11-14,0.2966
2016-11-11,0.2972
2016-11-10,0.2976
2016-11-09,0.2981
2016-11-08,0.2982
2016-11-07,0.2983
2016-11-04,0.2983
2016-11-03,0.2983
2016-11-02,0.2983
2016-10-31,0.2983
2016-10-28,0.2983
2016-10-27,0.2984
2016-10-26,0.2987
2016-10-25,0.2988
2016-10-24,0.2989
2016-10-21,0.2989
2016-10-20,0.2989
2016-10-19,0.2989
2016-10-18,0.2989
2016-10-17,0.2989
2016-10-14,0.299
2016-10-13,0.2989
2016-10-12,0.2989
2016-10-11,0.299
2016-10-10,0.2991
2016-10-07,0.2991
2016-10-06,0.2991
2016-10-05,0.2992
2016-10-04,0.2993
2016-10-03,0.2994
2016-09-30,0.2994
2016-09-29,0.2994
2016-09-28,0.2995
2016-09-27,0.2995
2016-09-26,0.2994
2016-09-23,0.2994
2016-09-22,0.2994
2016-09-21,0.2992
2016-09-20,0.2992
2016-09-19,0.2992
2016-09-16,0.2992
2016-09-15,0.2991
2016-09-14,0.2992
2016-09-13,0.2991
2016-09-12,0.2992
2016-09-09,0.2993
2016-09-08,0.2995
2016-09-07,0.2997
2016-09-06,0.2996
2016-09-05,0.2994
2016-09-02,0.2994
2016-09-01,0.2994
2016-08-31,0.2995
2016-08-30,0.2995
2016-08-29,0.2995
2016-08-26,0.2995
2016-08-25,0.2994
2016-08-24,0.2995
2016-08-23,0.2995
2016-08-22,0.2995
2016-08-19,0.2994
2016-08-18,0.2995
2016-08-17,0.2994
2016-08-16,0.2995
2016-08-12,0.2996
2016-08-11,0.2996
2016-08-10,0.2996
2016-08-09,0.2995
2016-08-08,0.2994
2016-08-05,0.2994
2016-08-04,0.2993
2016-08-03,0.2992
2016-08-02,0.2993
2016-08-01,0.2994
2016-07-29,0.2994
2016-07-28,0.2993
2016-07-27,0.2992
2016-07-26,0.2991
2016-07-25,0.2991
2016-07-22,0.2991
2016-07-21,0.2991
2016-07-20,0.2991
2016-07-19,0.2992
2016-07-18,0.2991
2016-07-15,0.2991
2016-07-14,0.2992
2016-07-13,0.2992
2016-07-12,0.2992
2016-07-11,0.2992
2016-07-08,0.2992
2016-07-07,0.2991
2016-07-05,0.299
2016-07-04,0.2989
2016-07-01,0.2988
2016-06-30,0.2987
2016-06-29,0.2987
2016-06-28,0.2986
2016-06-27,0.2985
2016-06-23,0.2984
2016-06-22,0.2985
2016-06-21,0.2985
2016-06-20,0.2985
2016-06-17,0.2984
2016-06-16,0.2984
2016-06-15,0.2985
2016-06-14,0.2985
2016-06-13,0.2984
2016-06-10,0.2984
2016-06-09,0.2984
2016-06-08,0.2984
2016-06-07,0.2985
2016-06-06,0.2984
2016-06-03,0.2985
2016-06-02,0.2984
2016-06-01,0.2984
2016-05-31,0.2983
2016-05-30,0.2983
2016-05-27,0.2983
2016-05-26,0.2983
2016-05-25,0.2983
2016-05-24,0.2983
2016-05-23,0.2983
2016-05-20,0.2982
2016-05-19,0.2983
2016-05-18,0.2983
2016-05-17,0.2984
2016-05-16,0.2984
2016-05-13,0.2984
2016-05-12,0.2984
2016-05-11,0.2984
2016-05-10,0.2984
2016-05-09,0.2984
2016-05-06,0.2984
2016-05-05,0.2983
2016-05-04,0.2983
2016-05-03,0.2982
2016-05-02,0.2981
2016-04-29,0.298
2016-04-28,0.2981
2016-04-27,0.2981
2016-04-26,0.2981
2016-04-25,0.2982
2016-04-22,0.2982
2016-04-21,0.2982
2016-04-20,0.2983
2016-04-19,0.2983
2016-04-18,0.2983
2016-04-15,0.2984
2016-04-14,0.2983
2016-04-13,0.2984
2016-04-12,0.2984
2016-04-11,0.2985
2016-04-08,0.2985
2016-04-07,0.2984
2016-04-06,0.2984
2016-04-05,0.2984
2016-04-04,0.2984
2016-04-01,0.2983
2016-03-31,0.2983
2016-03-30,0.2983
2016-03-29,0.2983
2016-03-25,0.2982
2016-03-24,0.2981
2016-03-23,0.2982
2016-03-22,0.2982
2016-03-21,0.2982
2016-03-18,0.2982
2016-03-17,0.2981
2016-03-16,0.298
2016-03-15,0.298
2016-03-14,0.298
2016-03-10,0.2978
2016-03-09,0.2981
2016-03-08,0.2982
2016-03-07,0.2981
2016-03-04,0.298
2016-03-03,0.2981
2016-03-02,0.298
2016-03-01,0.2981
2016-02-29,0.2981
2016-02-26,0.2979
2016-02-25,0.2978
2016-02-24,0.2977
2016-02-23,0.2977
2016-02-22,0.2977
2016-02-19,0.2976
2016-02-18,0.2976
2016-02-17,0.2975
2016-02-15,0.2976
2016-02-12,0.2975
2016-02-11,0.2976
2016-02-10,0.2975
2016-02-09,0.2975
2016-02-08,0.2975
2016-02-05,0.2974
2016-02-04,0.2974
2016-02-03,0.2974
2016-02-02,0.2973
2016-02-01,0.2973
2016-01-29,0.2973
2016-01-28,0.2971
2016-01-27,0.2971
2016-01-26,0.2971
2016-01-25,0.297
2016-01-22,0.2969
2016-01-21,0.2969
2016-01-20,0.2968
2016-01-19,0.2967
2016-01-18,0.2967
2016-01-15,0.2968
2016-01-14,0.2967
2016-01-13,0.2968
2016-01-12,0.2967
2016-01-11,0.2968
2016-01-08,0.2968
2016-01-07,0.2968
2016-01-06,0.2968
2016-01-05,0.2968
2016-01-04,0.2966
2015-12-31,0.2965
2015-12-30,0.2965
2015-12-29,0.2965
2015-12-28,0.2965
2015-12-23,0.2965
2015-12-22,0.2966
2015-12-21,0.2967
2015-12-18,0.2967
2015-12-17,0.2966
2015-12-16,0.2964
2015-12-15,0.2965
2015-12-14,0.2966
2015-12-11,0.2967
2015-12-10,0.2966
2015-12-09,0.2966
2015-12-08,0.2965
2015-12-07,0.2965
2015-12-04,0.2963
2015-12-03,0.2963
2015-12-02,0.2972
2015-12-01,0.297
2015-11-30,0.2969
2015-11-27,0.2968
2015-11-26,0.2967
2015-11-25,0.2967
2015-11-24,0.2965
2015-11-23,0.2965
2015-11-20,0.2965
2015-11-19,0.2965
2015-11-18,0.2964
2015-11-17,0.2964
2015-11-16,0.2964
2015-11-13,0.2963
2015-11-12,0.2962
2015-11-11,0.2963
2015-11-10,0.2962
2015-11-09,0.2961
2015-11-06,0.296
2015-11-05,0.2962
2015-11-04,0.2962
2015-11-03,0.2962
2015-11-02,0.2962
2015-10-30,0.2963
2015-10-29,0.2963
2015-10-28,0.2965
2015-10-27,0.2964
2015-10-26,0.2963
2015-10-23,0.2963
2015-10-22,0.2963
2015-10-21,0.296
2015-10-20,0.296
2015-10-19,0.2961
2015-10-16,0.2961
2015-10-15,0.2961
2015-10-14,0.2961
2015-10-13,0.296
2015-10-12,0.2961
2015-10-09,0.296
2015-10-08,0.2961
2015-10-07,0.2961
2015-10-06,0.2962
2015-10-05,0.2962
2015-10-02,0.2962
2015-10-01,0.2962
2015-09-30,0.2961
2015-09-29,0.2961
2015-09-28,0.2961
2015-09-25,0.296
2015-09-24,0.2961
2015-09-23,0.2961
2015-09-22,0.2961
2015-09-21,0.296
2015-09-18,0.296
2015-09-17,0.2957
2015-09-16,0.2958
2015-09-15,0.2959
2015-09-14,0.296
2015-09-11,0.296
2015-09-10,0.296
2015-09-09,0.296
2015-09-08,0.296
2015-09-07,0.296
2015-09-04,0.2959
2015-09-03,0.2959
2015-09-02,0.2958
2015-09-01,0.2957
2015-08-31,0.2958
2015-08-28,0.2958
2015-08-27,0.2959
2015-08-26,0.2959
2015-08-25,0.2959
2015-08-24,0.2961
2015-08-21,0.2961
2015-08-20,0.2961
2015-08-19,0.2961
2015-08-18,0.2961
2015-08-17,0.2961
2015-08-14,0.2961
2015-08-13,0.2961
2015-08-12,0.2962
2015-08-11,0.2961
2015-08-10,0.296
2015-08-07,0.296
2015-08-06,0.2959
2015-08-05,0.2959
2015-08-04,0.296
2015-08-03,0.296
2015-07-31,0.296
2015-07-30,0.296
2015-07-29,0.2959
2015-07-28,0.2959
2015-07-27,0.2959
2015-07-24,0.2958
2015-07-23,0.2958
2015-07-22,0.2957
2015-07-21,0.2957
2015-07-20,0.2957
2015-07-17,0.2956
2015-07-16,0.2956
2015-07-15,0.2956
2015-07-14,0.2955
2015-07-13,0.2955
2015-07-10,0.2953
2015-07-09,0.2955
2015-07-08,0.2955
2015-07-07,0.2955
2015-07-03,0.2955
2015-07-02,0.2954
2015-07-01,0.2954
2015-06-30,0.2954
2015-06-29,0.2954
2015-06-26,0.2954
2015-06-25,0.2954
2015-06-23,0.2954
2015-06-22,0.2954
2015-06-19,0.2954
2015-06-18,0.2953
2015-06-17,0.2953
2015-06-16,0.2953
2015-06-15,0.2953
2015-06-12,0.2954
2015-06-11,0.2955
2015-06-10,0.2954
2015-06-09,0.2955
2015-06-08,0.2957
2015-06-05,0.2958
2015-06-04,0.296
2015-06-03,0.2961
2015-06-02,0.2963
2015-06-01,0.2965
2015-05-29,0.2966
2015-05-28,0.2965
2015-05-27,0.2966
2015-05-26,0.2966
2015-05-25,0.2965
2015-05-22,0.2965
2015-05-21,0.2965
2015-05-20,0.2965
2015-05-19,0.2965
2015-05-18,0.2964
2015-05-15,0.2964
2015-05-14,0.2964
2015-05-13,0.2964
2015-05-12,0.2964
2015-05-11,0.2966
2015-05-08,0.2966
2015-05-07,0.2965
2015-05-06,0.2967
2015-05-05,0.2969
2015-05-04,0.2971
2015-04-30,0.2972
2015-04-29,0.2973
2015-04-28,0.2976
2015-04-27,0.2976
2015-04-24,0.2976
2015-04-23,0.2976
2015-04-22,0.2976
2015-04-21,0.2977
2015-04-20,0.2977
2015-04-17,0.2977
2015-04-16,0.2977
2015-04-15,0.2978
2015-04-14,0.2977
2015-04-13,0.2977
2015-04-10,0.2977
2015-04-09,0.2977
2015-04-08,0.2978
2015-04-07,0.2977
2015-04-03,0.2977
2015-04-02,0.2976
2015-04-01,0.2977
2015-03-31,0.2977
2015-03-30,0.2977
2015-03-27,0.2977
2015-03-26,0.2977
2015-03-25,0.2977
2015-03-24,0.2977
2015-03-23,0.2977
2015-03-20,0.2978
2015-03-19,0.2978
2015-03-18,0.2978
2015-03-17,0.2977
2015-03-16,0.2977
2015-03-13,0.2978
2015-03-12,0.2978
2015-03-10,0.2977
2015-03-09,0.2975
2015-03-06,0.2974
2015-03-05,0.2974
2015-03-04,0.2973
2015-03-03,0.2974
2015-03-02,0.2974
2015-02-27,0.2974
2015-02-26,0.2974
2015-02-25,0.2974
2015-02-24,0.2973
2015-02-23,0.2973
2015-02-20,0.2972
2015-02-19,0.2972
2015-02-18,0.2972
2015-02-17,0.2972
2015-02-13,0.2971
2015-02-12,0.2969
2015-02-11,0.2969
2015-02-10,0.2968
2015-02-09,0.2968
2015-02-06,0.2967
2015-02-05,0.2967
2015-02-04,0.2967
2015-02-03,0.2967
2015-02-02,0.2966
2015-01-30,0.2966
2015-01-29,0.2965
2015-01-28,0.2965
2015-01-27,0.2965
2015-01-26,0.2964
2015-01-23,0.2965
2015-01-22,0.2963
2015-01-21,0.2962
2015-01-20,0.2962
2015-01-19,0.2962
2015-01-16,0.296
2015-01-15,0.2959
2015-01-14,0.2958
2015-01-13,0.2957
2015-01-12,0.2956
2015-01-09,0.2954
2015-01-08,0.2954
2015-01-07,0.2953
2015-01-06,0.2953
2015-01-05,0.2951
2015-01-02,0.2951
2014-12-31,0.29503591
2014-12-30,0.29494903
2014-12-29,0.29494903
2014-12-23,0.29486214
2014-12-22,0.29483318
2014-12-19,0.29483318
2014-12-18,0.29477525
2014-12-17,0.29474629
2014-12-16,0.29474629
2014-12-15,0.29486214
2014-12-12,0.2948911
2014-12-11,0.29492006
2014-12-10,0.29486214
2014-12-09,0.2948911
2014-12-08,0.29483318
2014-12-05,0.29477525
2014-12-04,0.29474629
2014-12-03,0.29471733
2014-12-02,0.29471733
2014-12-01,0.29468837
2014-11-28,0.29474629
2014-11-27,0.29474629
2014-11-26,0.29460148
2014-11-25,0.29457252
2014-11-24,0.29460148
2014-11-21,0.29457252
2014-11-20,0.2945146
2014-11-19,0.29442771
2014-11-18,0.2945146
2014-11-17,0.29454356
2014-11-14,0.29454356
2014-11-13,0.29448563
2014-11-12,0.2945146
2014-11-11,0.29439875
2014-11-10,0.29436979
2014-11-07,0.29436979
2014-11-06,0.29431186
2014-11-05,0.29419601
2014-11-04,0.29419601
2014-11-03,0.29408017
2014-10-31,0.29408017
2014-10-30,0.29408017
2014-10-29,0.29399328
2014-10-28,0.29402224
2014-10-27,0.29399328
2014-10-24,0.29399328
2014-10-23,0.29402224
2014-10-22,0.29399328
2014-10-21,0.29399328
2014-10-20,0.29402224
2014-10-17,0.29402224
2014-10-16,0.29393536
2014-10-15,0.2940512
2014-10-14,0.29396432
2014-10-13,0.29387743
2014-10-10,0.29393536
2014-10-09,0.29393536
2014-10-08,0.29384847
2014-10-07,0.29384847
2014-10-06,0.29381951
2014-10-03,0.29381951
2014-10-02,0.29381951
2014-10-01,0.29379055
2014-09-30,0.29373262
2014-09-29,0.2936747
2014-09-26,0.2936747
2014-09-25,0.29370366
2014-09-24,0.29358781
2014-09-23,0.29350093
2014-09-22,0.29350093
2014-09-19,0.29347196
2014-09-18,0.29338508
2014-09-17,0.29350093
2014-09-16,0.293443
2014-09-15,0.29347196
2014-09-12,0.29347196
2014-09-11,0.29350093
2014-09-10,0.29350093
2014-09-09,0.29350093
2014-09-08,0.29352989
2014-09-05,0.293443
2014-09-04,0.29341404
2014-09-03,0.29303753
2014-09-02,0.29303753
2014-09-01,0.2930665
2014-08-29,0.29303753
2014-08-28,0.29295065
2014-08-27,0.29292169
2014-08-26,0.29289272
2014-08-25,0.29280584
2014-08-22,0.29274791
2014-08-21,0.29271895
2014-08-20,0.29271895
2014-08-19,0.29266103
2014-08-18,0.29263207
2014-08-14,0.29257414
2014-08-13,0.29254518
2014-08-12,0.29248726
2014-08-11,0.29240037
2014-08-08,0.29237141
2014-08-07,0.29242933
2014-08-06,0.29240037
2014-08-05,0.29237141
2014-08-04,0.29242933
2014-08-01,0.29245829
2014-07-31,0.29251622
2014-07-30,0.29254518
2014-07-29,0.29245829
2014-07-28,0.29240037
2014-07-25,0.29237141
2014-07-24,0.29231348
2014-07-23,0.29225556
2014-07-22,0.29216867
2014-07-21,0.29216867
2014-07-18,0.29219764
2014-07-17,0.29219764
2014-07-16,0.29216867
2014-07-15,0.29211075
2014-07-14,0.29205283
2014-07-11,0.29208179
2014-07-10,0.29205283
2014-07-09,0.29205283
2014-07-08,0.29202386
2014-07-07,0.29196594
2014-07-04,0.29190802
2014-07-03,0.29190802
2014-07-02,0.29185009
2014-07-01,0.29185009
2014-06-30,0.29185009
2014-06-27,0.29182113
2014-06-26,0.29187905
2014-06-25,0.29185009
2014-06-23,0.29167632
2014-06-20,0.29164736
2014-06-19,0.29167632
2014-06-18,0.29150255
2014-06-17,0.29147359
2014-06-16,0.29156047
2014-06-13,0.29153151
2014-06-12,0.29141566
2014-06-11,0.29129981
2014-06-10,0.29103916
2014-06-09,0.29098123
2014-06-06,0.29080746
2014-06-05,0.29043095
2014-06-04,0.29028614
2014-06-03,0.29028614
2014-06-02,0.29040199
2014-05-30,0.29037303
2014-05-29,0.29040199
2014-05-28,0.29043095
2014-05-27,0.29034407
2014-05-26,0.29028614
2014-05-23,0.29043095
2014-05-22,0.29037303
2014-05-21,0.29031511
2014-05-20,0.29034407
2014-05-19,0.29031511
2014-05-16,0.29037303
2014-05-15,0.29040199
2014-05-14,0.28973587
2014-05-13,0.28962002
2014-05-12,0.28962002
2014-05-09,0.28967794
2014-05-08,0.28947521
2014-05-07,0.28944625
2014-05-06,0.28944625
2014-05-05,0.28947521
2014-05-02,0.28941728
2014-04-30,0.2893304
2014-04-29,0.28921455
2014-04-28,0.28924351
2014-04-25,0.28924351
2014-04-24,0.2890987
2014-04-23,0.28918559
2014-04-22,0.28918559
2014-04-18,0.28935936
2014-04-17,0.28935936
2014-04-16,0.28927247
2014-04-15,0.28927247
2014-04-14,0.28924351
2014-04-11,0.28930144
2014-04-10,0.28912766
2014-04-09,0.28901182
2014-04-08,0.28915663
2014-04-07,0.28904078
2014-04-04,0.28898285
2014-04-03,0.28878012
2014-04-02,0.28883804
2014-04-01,0.28895389
2014-03-31,0.28901182
2014-03-28,0.2890987
2014-03-27,0.28898285
2014-03-26,0.28880908
2014-03-25,0.28886701
2014-03-24,0.28866427
2014-03-21,0.28883804
2014-03-20,0.28883804
2014-03-19,0.28895389
2014-03-18,0.28892493
2014-03-17,0.28904078
2014-03-14,0.28906974
2014-03-13,0.2890987
2014-03-12,0.28895389
2014-03-10,0.28906974
2014-03-07,0.28904078
2014-03-06,0.2890987
2014-03-05,0.28906974
2014-03-04,0.28904078
2014-03-03,0.28921455
2014-02-28,0.28924351
2014-02-27,0.28927247
2014-02-26,0.28904078
2014-02-25,0.2890987
2014-02-24,0.28892493
2014-02-21,0.28895389
2014-02-20,0.28895389
2014-02-19,0.28886701
2014-02-18,0.28880908
2014-02-17,0.2887222
2014-02-14,0.2887222
2014-02-13,0.28866427
2014-02-12,0.28866427
2014-02-11,0.28866427
2014-02-10,0.28869323
2014-02-07,0.28857739
2014-02-06,0.28895389
2014-02-05,0.28854842
2014-02-04,0.2884905
2014-02-03,0.28857739
2014-01-31,0.28817192
2014-01-30,0.28811399
2014-01-29,0.28811399
2014-01-28,0.28817192
2014-01-27,0.28828777
2014-01-24,0.28828777
2014-01-23,0.28820088
2014-01-22,0.28814296
2014-01-21,0.2878823
2014-01-20,0.28779541
2014-01-17,0.28779541
2014-01-16,0.28767956
2014-01-15,0.28767956
2014-01-14,0.28782437
2014-01-13,0.28776645
2014-01-10,0.2876506
2014-01-09,0.28756372
2014-01-08,0.2876506
2014-01-07,0.28762164
2014-01-06,0.28759268
2014-01-03,0.28747683
2014-01-02,0.2876506
2013-12-31,0.28794022
2013-12-30,0.28791126
2013-12-27,0.2878823
2013-12-23,0.28794022
2013-12-20,0.28808503
2013-12-19,0.28814296
2013-12-18,0.28817192
2013-12-17,0.28814296
2013-12-16,0.28817192
2013-12-13,0.28814296
2013-12-12,0.28828777
2013-12-11,0.28837465
2013-12-10,0.28834569
2013-12-09,0.28834569
2013-12-06,0.28837465
2013-12-05,0.28846154
2013-12-04,0.28854842
2013-12-03,0.28851946
2013-12-02,0.28851946
2013-11-29,0.28854842
2013-11-28,0.28851946
2013-11-27,0.28846154
2013-11-26,0.28846154
2013-11-25,0.28846154
2013-11-22,0.28846154
2013-11-21,0.28846154
2013-11-20,0.28846154
2013-11-19,0.28846154
2013-11-18,0.28846154
2013-11-15,0.28846154
2013-11-14,0.28846154
2013-11-13,0.28846154
2013-11-12,0.28846154
2013-11-11,0.28843258
2013-11-08,0.28846154
2013-11-07,0.28860635
2013-11-06,0.28860635
2013-11-05,0.28860635
2013-11-04,0.28860635
2013-10-31,0.28889597
2013-10-30,0.28889597
2013-10-29,0.28889597
2013-10-28,0.28889597
2013-10-25,0.28889597
2013-10-24,0.28950417
2013-10-23,0.28953313
2013-10-22,0.28953313
2013-10-21,0.28953313
2013-10-18,0.28956209
2013-10-17,0.28956209
2013-10-16,0.28959106
2013-10-15,0.28959106
2013-10-14,0.28959106
2013-10-11,0.28962002
2013-10-10,0.28962002
2013-10-09,0.28962002
2013-10-08,0.28962002
2013-10-07,0.28962002
