Date,Luminor tvari ateitis index
2026-10-02,1.5723
2026-10-01,1.5552
2026-09-30,1.5507
2026-09-29,1.5495
2026-09-28,1.5412
2026-09-25,1.544
2026-09-24,1.5376
2026-09-23,1.5489
2026-09-22,1.5464
2026-09-21,1.5373
2026-09-18,1.5131
2026-09-17,1.519
2026-09-16,1.5076
2026-09-15,1.4972
2026-09-14,1.5037
2026-09-11,1.5101
2026-09-10,1.4993
2026-09-09,1.5118
2026-09-08,1.5253
2026-09-07,1.5301
2026-09-04,1.5321
2026-09-03,1.5313
2026-09-02,1.5207
2026-09-01,1.5244
2026-08-31,1.534
2026-08-28,1.5491
2026-08-27,1.544
2026-08-26,1.5308
2026-08-25,1.5311
2026-08-24,1.5235
2026-08-21,1.5285
2026-08-20,1.5217
2026-08-19,1.5271
2026-08-18,1.5292
2026-08-17,1.5547
2026-08-14,1.552
2026-08-13,1.5594
2026-08-12,1.5493
2026-08-11,1.5429
2026-08-10,1.5406
2026-08-07,1.5408
2026-08-06,1.529
2026-08-05,1.5303
2026-08-04,1.5244
2026-08-03,1.4976
2026-07-31,1.4856
2026-07-30,1.4799
2026-07-29,1.4821
2026-07-28,1.496
2026-07-27,1.488
2026-07-24,1.5002
2026-07-23,1.4945
2026-07-22,1.5115
2026-07-21,1.5113
2026-07-20,1.5022
2026-07-17,1.4986
2026-07-16,1.5166
2026-07-15,1.5186
2026-07-14,1.5255
2026-07-13,1.5254
2026-07-10,1.5291
2026-07-09,1.523
2026-07-08,1.4977
2026-07-07,1.5109
2026-07-03,1.5365
2026-07-02,1.5245
2026-07-01,1.5445
2026-06-30,1.5408
2026-06-29,1.5202
2026-06-26,1.5117
2026-06-25,1.5181
2026-06-23,1.5063
2026-06-22,1.5315
2026-06-19,1.5218
2026-06-18,1.5251
2026-06-17,1.5175
2026-06-16,1.5079
2026-06-15,1.5148
2026-06-12,1.4941
2026-06-11,1.4657
2026-06-10,1.4567
2026-06-09,1.4587
2026-06-08,1.4723
2026-06-05,1.4735
2026-06-04,1.4894
2026-06-03,1.4906
2026-06-02,1.4909
2026-06-01,1.4797
2026-05-29,1.472
2026-05-28,1.4691
2026-05-27,1.4658
2026-05-26,1.4661
2026-05-25,1.4728
2026-05-22,1.4572
2026-05-21,1.4382
2026-05-20,1.4422
2026-05-19,1.4238
2026-05-18,1.4241
2026-05-15,1.4349
2026-05-14,1.4526
2026-05-13,1.4349
2026-05-12,1.4192
2026-05-11,1.4378
2026-05-08,1.4332
2026-05-07,1.4327
2026-05-06,1.4334
2026-05-05,1.4089
2026-05-04,1.3955
2026-04-30,1.3968
2026-04-29,1.3858
2026-04-28,1.3832
2026-04-27,1.3953
2026-04-24,1.4007
2026-04-23,1.3937
2026-04-22,1.3927
2026-04-21,1.391
2026-04-20,1.3908
2026-04-17,1.3965
2026-04-16,1.3743
2026-04-15,1.3639
2026-04-14,1.3598
2026-04-13,1.3429
2026-04-10,1.343
2026-04-09,1.3389
2026-04-08,1.342
2026-04-07,1.2996
2026-04-03,1.3105
2026-04-02,1.3105
2026-04-01,1.314
2026-03-31,1.2831
2026-03-30,1.2832
2026-03-27,1.2753
2026-03-26,1.2946
2026-03-25,1.3124
2026-03-24,1.3004
2026-03-23,1.2981
2026-03-20,1.2896
2026-03-19,1.304
2026-03-18,1.3275
2026-03-17,1.3363
2026-03-16,1.3341
2026-03-13,1.3275
2026-03-12,1.3301
2026-03-10,1.3497
2026-03-09,1.3287
2026-03-06,1.3369
2026-03-05,1.3548
2026-03-04,1.3621
2026-03-03,1.3447
2026-03-02,1.3678
2026-02-27,1.37
2026-02-26,1.3747
2026-02-25,1.379
2026-02-24,1.3696
2026-02-23,1.3571
2026-02-20,1.3716
2026-02-19,1.3647
2026-02-18,1.3722
2026-02-17,1.3563
2026-02-13,1.3558
2026-02-12,1.35
2026-02-11,1.3647
2026-02-10,1.362
2026-02-09,1.3578
2026-02-06,1.3527
2026-02-05,1.3364
2026-02-04,1.3428
2026-02-03,1.3516
2026-02-02,1.365
2026-01-30,1.3544
2026-01-29,1.3492
2026-01-28,1.3611
2026-01-27,1.3577
2026-01-26,1.3596
2026-01-23,1.3662
2026-01-22,1.3737
2026-01-21,1.3626
2026-01-20,1.3563
2026-01-19,1.3664
2026-01-16,1.386
2026-01-15,1.3895
2026-01-14,1.3669
2026-01-13,1.3757
2026-01-12,1.3734
2026-01-09,1.3739
2026-01-08,1.3598
2026-01-07,1.3641
2026-01-06,1.362
2026-01-05,1.3536
2026-01-02,1.3309
2025-12-31,1.3344
2025-12-30,1.3344
2025-12-29,1.3308
2025-12-23,1.3282
2025-12-22,1.3287
2025-12-19,1.326
2025-12-18,1.3199
2025-12-17,1.3056
2025-12-16,1.3123
2025-12-15,1.3204
2025-12-12,1.3176
2025-12-11,1.324
2025-12-10,1.3254
2025-12-09,1.3274
2025-12-08,1.3272
2025-12-05,1.3335
2025-12-04,1.3258
2025-12-03,1.3189
2025-12-02,1.3148
2025-12-01,1.3157
2025-11-28,1.3184
2025-11-27,1.3122
2025-11-26,1.3141
2025-11-25,1.2987
2025-11-24,1.2966
2025-11-21,1.2828
2025-11-20,1.2932
2025-11-19,1.284
2025-11-18,1.2814
2025-11-17,1.3016
2025-11-14,1.3081
2025-11-13,1.3121
2025-11-12,1.3323
2025-11-11,1.323
2025-11-10,1.316
2025-11-07,1.2934
2025-11-06,1.3104
2025-11-05,1.3301
2025-11-04,1.3302
2025-11-03,1.3348
2025-10-31,1.3346
2025-10-30,1.3375
2025-10-29,1.3358
2025-10-28,1.3387
2025-10-27,1.338
2025-10-24,1.3314
2025-10-23,1.3211
2025-10-22,1.3199
2025-10-21,1.3306
2025-10-20,1.3228
2025-10-17,1.3027
2025-10-16,1.3143
2025-10-15,1.3138
2025-10-14,1.3042
2025-10-13,1.3093
2025-10-10,1.2962
2025-10-09,1.325
2025-10-08,1.3232
2025-10-07,1.3152
2025-10-06,1.3202
2025-10-03,1.3136
2025-10-02,1.3068
2025-10-01,1.3016
2025-09-30,1.2915
2025-09-29,1.2921
2025-09-26,1.2851
2025-09-25,1.2832
2025-09-24,1.2856
2025-09-23,1.2891
2025-09-22,1.2865
2025-09-19,1.2863
2025-09-18,1.2903
2025-09-17,1.2718
2025-09-16,1.2666
2025-09-15,1.2791
2025-09-12,1.2781
2025-09-11,1.2778
2025-09-10,1.2682
2025-09-09,1.2637
2025-09-08,1.2639
2025-09-05,1.2574
2025-09-04,1.2598
2025-09-03,1.2508
2025-09-02,1.2483
2025-09-01,1.2635
2025-08-29,1.2602
2025-08-28,1.2711
2025-08-27,1.2774
2025-08-26,1.2707
2025-08-25,1.2743
2025-08-22,1.2773
2025-08-21,1.2676
2025-08-20,1.2648
2025-08-19,1.27
2025-08-18,1.2672
2025-08-14,1.2683
2025-08-13,1.2654
2025-08-12,1.2592
2025-08-11,1.2592
2025-08-08,1.2533
2025-08-07,1.2509
2025-08-06,1.2466
2025-08-05,1.2486
2025-08-04,1.2507
2025-08-01,1.2357
2025-07-31,1.2711
2025-07-30,1.2768
2025-07-29,1.2721
2025-07-28,1.2689
2025-07-25,1.258
2025-07-24,1.2563
2025-07-23,1.2575
2025-07-22,1.2477
2025-07-21,1.2545
2025-07-18,1.2557
2025-07-17,1.2595
2025-07-16,1.232
2025-07-15,1.2525
2025-07-14,1.2454
2025-07-11,1.245
2025-07-10,1.2559
2025-07-09,1.2446
2025-07-08,1.2457
2025-07-07,1.2427
2025-07-04,1.2408
2025-07-03,1.2507
2025-07-02,1.2395
2025-07-01,1.2387
2025-06-30,1.2384
2025-06-27,1.243
2025-06-26,1.2324
2025-06-25,1.2327
2025-06-23,1.2237
2025-06-20,1.2238
2025-06-19,1.2176
2025-06-18,1.229
2025-06-17,1.2306
2025-06-16,1.2352
2025-06-13,1.2311
2025-06-12,1.2389
2025-06-11,1.2514
2025-06-10,1.2515
2025-06-09,1.2475
2025-06-06,1.2475
2025-06-05,1.2432
2025-06-04,1.2436
2025-06-03,1.2423
2025-06-02,1.2273
2025-05-30,1.2384
2025-05-29,1.2406
2025-05-28,1.2436
2025-05-27,1.2437
2025-05-26,1.2336
2025-05-23,1.2229
2025-05-22,1.2339
2025-05-21,1.2445
2025-05-20,1.2549
2025-05-19,1.2515
2025-05-16,1.2595
2025-05-15,1.25
2025-05-14,1.244
2025-05-13,1.2455
2025-05-12,1.2417
2025-05-09,1.2028
2025-05-08,1.2024
2025-05-07,1.183
2025-05-06,1.1842
2025-05-05,1.1927
2025-05-02,1.1867
2025-04-30,1.16
2025-04-29,1.1516
2025-04-28,1.1445
2025-04-25,1.1424
2025-04-24,1.141
2025-04-23,1.1315
2025-04-22,1.1011
2025-04-18,1.1089
2025-04-17,1.1089
2025-04-16,1.1207
2025-04-15,1.135
2025-04-14,1.1224
2025-04-11,1.0916
2025-04-10,1.1017
2025-04-09,1.0633
2025-04-08,1.1146
2025-04-07,1.0827
2025-04-04,1.1133
2025-04-03,1.1619
2025-04-02,1.2142
2025-04-01,1.2161
2025-03-31,1.2005
2025-03-28,1.2092
2025-03-27,1.2333
2025-03-26,1.2356
2025-03-25,1.2424
2025-03-24,1.2421
2025-03-21,1.2207
2025-03-20,1.2243
2025-03-19,1.2225
2025-03-18,1.2127
2025-03-17,1.2159
2025-03-14,1.2104
2025-03-13,1.1941
2025-03-12,1.2011
2025-03-10,1.2191
2025-03-07,1.2229
2025-03-06,1.2436
2025-03-05,1.2418
2025-03-04,1.2571
2025-03-03,1.3
2025-02-28,1.2981
2025-02-27,1.3128
2025-02-26,1.3153
2025-02-25,1.2983
2025-02-24,1.3168
2025-02-21,1.3318
2025-02-20,1.3275
2025-02-19,1.3384
2025-02-18,1.3336
2025-02-17,1.3294
2025-02-14,1.3219
2025-02-13,1.3278
2025-02-12,1.3183
2025-02-11,1.3312
2025-02-10,1.3386
2025-02-07,1.3315
2025-02-06,1.3338
2025-02-05,1.3228
2025-02-04,1.3251
2025-02-03,1.3277
2025-01-31,1.3424
2025-01-30,1.33
2025-01-29,1.3268
2025-01-28,1.32
2025-01-27,1.3117
2025-01-24,1.3346
2025-01-23,1.3397
2025-01-22,1.3447
2025-01-21,1.3359
2025-01-20,1.3325
2025-01-17,1.3404
2025-01-16,1.327
2025-01-15,1.3203
2025-01-14,1.3006
2025-01-13,1.2989
2025-01-10,1.3014
2025-01-09,1.3149
2025-01-08,1.3132
2025-01-07,1.316
2025-01-06,1.3257
2025-01-03,1.3181
2025-01-02,1.3181
2024-12-31,1.3022
2024-12-30,1.3022
2024-12-27,1.3143
2024-12-23,1.3095
2024-12-20,1.314
2024-12-19,1.3133
2024-12-18,1.3405
2024-12-17,1.3364
2024-12-16,1.3403
2024-12-13,1.3396
2024-12-12,1.347
2024-12-11,1.3501
2024-12-10,1.3455
2024-12-09,1.343
2024-12-06,1.3463
2024-12-05,1.3452
2024-12-04,1.3494
2024-12-03,1.3449
2024-12-02,1.3479
2024-11-29,1.3365
2024-11-28,1.3288
2024-11-27,1.3228
2024-11-26,1.3364
2024-11-25,1.3401
2024-11-22,1.3432
2024-11-21,1.3253
2024-11-20,1.3043
2024-11-19,1.3053
2024-11-18,1.3076
2024-11-15,1.3024
2024-11-14,1.3193
2024-11-13,1.3203
2024-11-12,1.3189
2024-11-11,1.3263
2024-11-08,1.3075
2024-11-07,1.2968
2024-11-06,1.2871
2024-11-05,1.2527
2024-11-04,1.2445
2024-10-31,1.2429
2024-10-30,1.2615
2024-10-29,1.2701
2024-10-28,1.2707
2024-10-25,1.2734
2024-10-24,1.2675
2024-10-23,1.2657
2024-10-22,1.2693
2024-10-21,1.2705
2024-10-18,1.2798
2024-10-17,1.2813
2024-10-16,1.2732
2024-10-15,1.2752
2024-10-14,1.28
2024-10-11,1.2714
2024-10-10,1.2681
2024-10-09,1.2685
2024-10-08,1.2603
2024-10-07,1.2597
2024-10-04,1.2572
2024-10-03,1.2513
2024-10-02,1.255
2024-10-01,1.2489
2024-09-30,1.2486
2024-09-27,1.2557
2024-09-26,1.2503
2024-09-25,1.2434
2024-09-24,1.2421
2024-09-23,1.2349
2024-09-20,1.2269
2024-09-19,1.2269
2024-09-18,1.221
2024-09-17,1.2291
2024-09-16,1.2209
2024-09-13,1.2239
2024-09-12,1.2155
2024-09-11,1.1955
2024-09-10,1.1996
2024-09-09,1.1964
2024-09-06,1.1805
2024-09-05,1.1946
2024-09-04,1.2028
2024-09-03,1.2162
2024-09-02,1.226
2024-08-30,1.2204
2024-08-29,1.2232
2024-08-28,1.2106
2024-08-27,1.2088
2024-08-26,1.2092
2024-08-23,1.2121
2024-08-22,1.2089
2024-08-21,1.2081
2024-08-20,1.207
2024-08-19,1.209
2024-08-16,1.2034
2024-08-14,1.1822
2024-08-13,1.179
2024-08-12,1.1662
2024-08-09,1.1666
2024-08-08,1.1637
2024-08-07,1.1647
2024-08-06,1.1483
2024-08-05,1.1351
2024-08-02,1.1596
2024-08-01,1.2128
2024-07-31,1.2282
2024-07-30,1.2066
2024-07-29,1.2058
2024-07-26,1.2026
2024-07-25,1.1971
2024-07-24,1.2032
2024-07-23,1.2235
2024-07-22,1.213
2024-07-19,1.2059
2024-07-18,1.2199
2024-07-17,1.2264
2024-07-16,1.2376
2024-07-15,1.2356
2024-07-12,1.2368
2024-07-11,1.2302
2024-07-10,1.2259
2024-07-09,1.2191
2024-07-08,1.2172
2024-07-05,1.2128
2024-07-04,1.2135
2024-07-03,1.2109
2024-07-02,1.2058
2024-07-01,1.2042
2024-06-28,1.2119
2024-06-27,1.206
2024-06-26,1.2042
2024-06-25,1.2059
2024-06-21,1.2083
2024-06-20,1.2138
2024-06-19,1.2101
2024-06-18,1.207
2024-06-17,1.1971
2024-06-14,1.1963
2024-06-13,1.1934
2024-06-12,1.194
2024-06-11,1.1846
2024-06-10,1.1912
2024-06-07,1.1871
2024-06-06,1.1828
2024-06-05,1.1792
2024-06-04,1.1628
2024-06-03,1.1644
2024-05-31,1.1569
2024-05-30,1.1618
2024-05-29,1.1648
2024-05-28,1.1731
2024-05-27,1.1801
2024-05-24,1.178
2024-05-23,1.1851
2024-05-22,1.1875
2024-05-21,1.185
2024-05-20,1.1906
2024-05-17,1.1863
2024-05-16,1.1892
2024-05-15,1.1864
2024-05-14,1.1782
2024-05-13,1.1795
2024-05-10,1.179
2024-05-09,1.1727
2024-05-08,1.1695
2024-05-07,1.1721
2024-05-06,1.1681
2024-05-03,1.1602
2024-05-02,1.1532
2024-04-30,1.1562
2024-04-29,1.1621
2024-04-26,1.1573
2024-04-25,1.1394
2024-04-24,1.1496
2024-04-23,1.1467
2024-04-22,1.1346
2024-04-19,1.132
2024-04-18,1.139
2024-04-17,1.1366
2024-04-16,1.1467
2024-04-15,1.162
2024-04-12,1.1662
2024-04-11,1.1669
2024-04-10,1.1688
2024-04-09,1.168
2024-04-08,1.1701
2024-04-05,1.1664
2024-04-04,1.1758
2024-04-03,1.174
2024-04-02,1.1765
2024-03-29,1.1915
2024-03-28,1.1915
2024-03-27,1.1842
2024-03-26,1.1825
2024-03-25,1.1809
2024-03-22,1.1845
2024-03-21,1.1876
2024-03-20,1.1692
2024-03-19,1.1665
2024-03-18,1.1664
2024-03-15,1.1582
2024-03-14,1.1675
2024-03-13,1.17
2024-03-12,1.1705
2024-03-08,1.1662
2024-03-07,1.166
2024-03-06,1.1608
2024-03-05,1.157
2024-03-04,1.1673
2024-03-01,1.167
2024-02-29,1.1593
2024-02-28,1.1569
2024-02-27,1.1575
2024-02-26,1.157
2024-02-23,1.1609
2024-02-22,1.159
2024-02-21,1.1425
2024-02-20,1.1436
2024-02-19,1.1522
2024-02-15,1.151
2024-02-14,1.1436
2024-02-13,1.1403
2024-02-12,1.1559
2024-02-09,1.1431
2024-02-08,1.1417
2024-02-07,1.142
2024-02-06,1.1379
2024-02-05,1.1325
2024-02-02,1.1308
2024-02-01,1.1197
2024-01-31,1.1246
2024-01-30,1.1255
2024-01-29,1.1235
2024-01-26,1.1198
2024-01-25,1.1176
2024-01-24,1.1165
2024-01-23,1.1105
2024-01-22,1.1068
2024-01-19,1.0991
2024-01-18,1.0969
2024-01-17,1.0935
2024-01-16,1.1022
2024-01-15,1.1007
2024-01-12,1.1006
2024-01-11,1.0937
2024-01-10,1.0988
2024-01-09,1.1008
2024-01-08,1.0951
2024-01-05,1.0927
2024-01-04,1.0947
2024-01-03,1.0962
2024-01-02,1.1045
2023-12-29,1.1064
2023-12-28,1.1042
2023-12-27,1.0995
2023-12-22,1.1007
2023-12-21,1.0979
2023-12-20,1.1044
2023-12-19,1.1023
2023-12-18,1.0996
2023-12-15,1.1056
2023-12-14,1.0977
2023-12-13,1.0882
2023-12-12,1.0867
2023-12-11,1.0887
2023-12-08,1.0841
2023-12-07,1.079
2023-12-06,1.0801
2023-12-05,1.0749
2023-12-04,1.0721
2023-12-01,1.0719
2023-11-30,1.0617
2023-11-29,1.0568
2023-11-28,1.0545
2023-11-27,1.056
2023-11-24,1.0585
2023-11-23,1.0601
2023-11-22,1.0611
2023-11-21,1.054
2023-11-20,1.0519
2023-11-17,1.0519
2023-11-16,1.049
2023-11-15,1.0569
2023-11-14,1.0489
2023-11-13,1.0377
2023-11-10,1.0299
2023-11-09,1.0348
2023-11-08,1.0323
2023-11-07,1.0344
2023-11-06,1.0301
2023-11-03,1.0332
2023-10-31,0.9949
2023-10-30,0.9867
2023-10-27,0.9894
2023-10-26,0.998
2023-10-25,1.0019
2023-10-24,1.0057
2023-10-23,0.9994
2023-10-20,1.0026
2023-10-19,1.0209
2023-10-18,1.0365
2023-10-17,1.0463
2023-10-16,1.0436
2023-10-13,1.0436
2023-10-12,1.0523
2023-10-11,1.0468
2023-10-10,1.048
2023-10-09,1.0308
2023-10-06,1.0295
2023-10-05,1.023
2023-10-04,1.0228
2023-10-03,1.0245
2023-10-02,1.038
2023-09-29,1.0406
2023-09-28,1.0373
2023-09-27,1.0372
2023-09-26,1.0356
2023-09-25,1.0428
2023-09-22,1.045
2023-09-21,1.0457
2023-09-20,1.0633
2023-09-19,1.0572
2023-09-18,1.0642
2023-09-15,1.0708
2023-09-14,1.0754
2023-09-13,1.0637
2023-09-12,1.0653
2023-09-11,1.0643
2023-09-08,1.0624
2023-09-07,1.0612
2023-09-06,1.0647
2023-09-05,1.0728
2023-09-04,1.0711
2023-09-01,1.0711
2023-08-31,1.0666
2023-08-30,1.063
2023-08-29,1.0624
2023-08-28,1.0544
2023-08-25,1.0445
2023-08-24,1.0468
2023-08-23,1.0461
2023-08-22,1.0383
2023-08-21,1.0302
2023-08-18,1.0294
2023-08-17,1.039
2023-08-16,1.045
2023-08-14,1.0535
2023-08-11,1.0509
2023-08-10,1.0591
2023-08-09,1.0562
2023-08-08,1.0566
2023-08-07,1.0596
2023-08-04,1.0622
2023-08-03,1.064
2023-08-02,1.0698
2023-08-01,1.0823
2023-07-31,1.0852
2023-07-28,1.0836
2023-07-27,1.086
2023-07-26,1.0747
2023-07-25,1.0784
2023-07-24,1.0702
2023-07-21,1.0649
2023-07-20,1.0652
2023-07-19,1.0676
2023-07-18,1.059
2023-07-17,1.0543
2023-07-14,1.0562
2023-07-13,1.0559
2023-07-12,1.0562
2023-07-11,1.0486
2023-07-10,1.0449
2023-07-07,1.0481
2023-07-05,1.0652
2023-07-04,1.0673
2023-07-03,1.0643
2023-06-30,1.0579
2023-06-29,1.0497
2023-06-28,1.0473
2023-06-27,1.0385
2023-06-26,1.0379
2023-06-23,1.0405
2023-06-22,1.0425
2023-06-21,1.0485
2023-06-20,1.0539
2023-06-19,1.0601
2023-06-16,1.0654
2023-06-15,1.0618
2023-06-14,1.0659
2023-06-13,1.0631
2023-06-12,1.0539
2023-06-09,1.0505
2023-06-08,1.0467
2023-06-07,1.0514
2023-06-06,1.051
2023-06-05,1.0469
2023-06-02,1.0423
2023-06-01,1.0255
2023-05-31,1.0207
2023-05-30,1.0295
2023-05-29,1.0322
2023-05-26,1.0285
2023-05-25,1.016
2023-05-24,1.007
2023-05-23,1.0231
2023-05-22,1.0265
2023-05-19,1.0213
2023-05-18,1.0209
2023-05-17,1.009
2023-05-16,1.0073
2023-05-15,1.0085
2023-05-12,1.0037
2023-05-11,1.0014
2023-05-10,1.0025
2023-05-09,1.0028
2023-05-08,1.0019
2023-05-05,0.9966
2023-05-04,0.9867
2023-05-03,0.9915
2023-05-02,0.9908
2023-04-28,0.9969
2023-04-27,0.9856
2023-04-26,0.9841
2023-04-25,0.9921
2023-04-24,0.9951
2023-04-21,0.9989
2023-04-20,1.0028
2023-04-19,1.0048
2023-04-18,1.0079
2023-04-17,1.0037
2023-04-14,0.9991
2023-04-13,0.9942
2023-04-12,0.9968
2023-04-11,0.9991
2023-04-07,0.9919
2023-04-06,0.9919
2023-04-05,0.992
2023-04-04,0.9981
2023-04-03,1.0046
2023-03-31,1.0017
2023-03-30,0.9955
2023-03-29,0.9883
2023-03-28,0.9821
2023-03-27,0.9848
2023-03-24,0.9796
2023-03-23,0.981
2023-03-22,0.9855
2023-03-21,0.9802
2023-03-20,0.9767
2023-03-17,0.9769
2023-03-16,0.982
2023-03-15,0.9702
2023-03-14,0.9758
2023-03-13,0.9688
2023-03-10,0.9905
2023-03-09,1.0082
2023-03-08,1.0099
2023-03-07,1.0127
2023-03-06,1.0194
2023-03-03,1.015
2023-03-02,1.0037
2023-03-01,1.001
2023-02-28,1.0083
2023-02-27,1.0104
2023-02-24,1.0078
2023-02-23,1.0109
2023-02-22,1.0095
2023-02-21,1.0134
2023-02-20,1.0228
2023-02-17,1.0216
2023-02-15,1.0327
2023-02-14,1.0276
2023-02-13,1.0299
2023-02-10,1.0248
2023-02-09,1.0341
2023-02-08,1.0325
2023-02-07,1.0302
2023-02-06,1.031
2023-02-03,1.0344
2023-02-02,1.0312
2023-02-01,1.0131
2023-01-31,1.0116
2023-01-30,1.0146
2023-01-27,1.0175
2023-01-26,1.0081
2023-01-25,0.9986
2023-01-24,1.0047
2023-01-23,1.0025
2023-01-20,0.9894
2023-01-19,0.9877
2023-01-18,0.9988
2023-01-17,1.0032
2023-01-16,0.9991
2023-01-13,0.9954
2023-01-12,0.9918
2023-01-11,0.9903
2023-01-10,0.9835
2023-01-09,0.9891
2023-01-06,0.9811
2023-01-05,0.9742
2023-01-04,0.9757
2023-01-03,0.9631
2023-01-02,0.967
2022-12-30,0.9574
2022-12-29,0.963
2022-12-28,0.9563
2022-12-27,0.9612
2022-12-23,0.9621
2022-12-22,0.9626
2022-12-21,0.97
2022-12-20,0.9626
2022-12-19,0.9655
2022-12-16,0.9685
2022-12-15,0.978
2022-12-14,1.0021
2022-12-13,1.0048
2022-12-12,0.9965
2022-12-09,1.0022
2022-12-08,0.9965
2022-12-07,0.9957
2022-12-06,1.0008
2022-12-05,1.0102
2022-12-02,1.0189
2022-12-01,1.024
2022-11-30,1.011
2022-11-29,1.0009
2022-11-28,1.0052
2022-11-25,1.0093
2022-11-24,1.0102
2022-11-23,1.0075
2022-11-22,1.0051
2022-11-21,1.0004
2022-11-18,0.9951
2022-11-17,0.9927
2022-11-16,1.0008
2022-11-15,1.0102
2022-11-14,1.0082
2022-11-11,1.0023
2022-11-10,0.9984
2022-11-09,0.9822
2022-11-08,0.9906
2022-11-07,0.9816
2022-11-04,0.9766
2022-11-03,0.9806
2022-10-31,0.9827
2022-10-28,0.9732
2022-10-27,0.9682
2022-10-26,0.9686
2022-10-25,0.9621
2022-10-24,0.9554
2022-10-21,0.9508
2022-10-20,0.9586
2022-10-19,0.9601
2022-10-18,0.9569
2022-10-17,0.9541
2022-10-14,0.9482
2022-10-13,0.9462
2022-10-12,0.9483
2022-10-11,0.954
2022-10-10,0.9586
2022-10-07,0.9678
2022-10-06,0.9839
2022-10-05,0.9764
2022-10-04,0.9751
2022-10-03,0.9584
2022-09-30,0.9628
2022-09-29,0.9647
2022-09-28,0.9822
2022-09-27,0.9792
2022-09-26,0.9821
2022-09-23,0.9812
2022-09-22,0.9893
2022-09-21,1.0064
2022-09-20,0.9996
2022-09-19,0.9993
2022-09-16,1.0019
2022-09-15,1.0173
2022-09-14,1.0237
2022-09-13,1.0341
2022-09-12,1.0474
2022-09-09,1.0423
2022-09-08,1.033
2022-09-07,1.0221
2022-09-06,1.0247
2022-09-05,1.025
2022-09-02,1.0313
2022-09-01,1.024
2022-08-31,1.0337
2022-08-30,1.0401
2022-08-29,1.0507
2022-08-26,1.0708
2022-08-25,1.078
2022-08-24,1.0763
2022-08-23,1.075
2022-08-22,1.0818
2022-08-19,1.0879
2022-08-18,1.0944
2022-08-17,1.0907
2022-08-16,1.098
2022-08-12,1.0775
2022-08-11,1.0697
2022-08-10,1.0639
2022-08-09,1.0597
2022-08-08,1.0695
2022-08-05,1.0635
2022-08-04,1.0659
2022-08-03,1.0623
2022-08-02,1.0582
2022-08-01,1.0583
2022-07-29,1.0559
2022-07-28,1.0494
2022-07-27,1.0347
2022-07-26,1.0279
2022-07-25,1.0301
2022-07-22,1.0327
2022-07-21,1.0271
2022-07-20,1.0194
2022-07-19,1.0077
2022-07-18,1.0084
2022-07-15,1.0048
2022-07-14,0.9922
2022-07-13,0.9994
2022-07-12,1.0095
2022-07-11,1.0108
2022-07-08,1.0164
2022-07-07,1.0095
2022-07-05,0.9759
2022-07-04,0.9759
2022-07-01,0.9718
2022-06-30,0.9711
2022-06-29,0.9781
2022-06-28,0.9857
2022-06-27,0.9855
2022-06-23,0.9575
2022-06-22,0.9586
2022-06-21,0.956
2022-06-20,0.9501
2022-06-17,0.9473
2022-06-16,0.9509
2022-06-15,0.9705
2022-06-14,0.9643
2022-06-13,0.9757
2022-06-10,0.9954
2022-06-09,1.016
2022-06-08,1.0215
2022-06-07,1.0206
2022-06-06,1.0233
2022-06-03,1.0199
2022-06-02,1.0219
2022-06-01,1.0226
2022-05-31,1.025
2022-05-30,1.0289
2022-05-27,1.0151
2022-05-26,0.9997
2022-05-25,0.9862
2022-05-24,0.9803
2022-05-23,0.9964
2022-05-20,0.9872
2022-05-19,0.9931
2022-05-18,1.0101
2022-05-17,1.0168
2022-05-16,1.0131
2022-05-13,1.0124
2022-05-12,0.9959
2022-05-11,1.0032
2022-05-10,1.0009
2022-05-09,1.0051
2022-05-06,1.0301
2022-05-05,1.0497
2022-05-04,1.0481
2022-05-03,1.0583
2022-05-02,1.0503
2022-04-29,1.0687
2022-04-28,1.0575
2022-04-27,1.0548
2022-04-26,1.0498
2022-04-25,1.0547
2022-04-22,1.0683
2022-04-21,1.0856
2022-04-20,1.0873
2022-04-19,1.0865
2022-04-15,1.0881
2022-04-14,1.0881
2022-04-13,1.084
2022-04-12,1.0873
2022-04-11,1.0902
2022-04-08,1.1005
2022-04-07,1.0946
2022-04-06,1.0971
2022-04-05,1.1102
2022-04-04,1.1094
2022-04-01,1.0953
2022-03-31,1.0981
2022-03-30,1.102
2022-03-29,1.1013
2022-03-28,1.0937
2022-03-25,1.0919
2022-03-24,1.0898
2022-03-23,1.091
2022-03-22,1.0897
2022-03-21,1.0808
2022-03-18,1.0767
2022-03-17,1.0591
2022-03-16,1.0493
2022-03-15,1.0271
2022-03-14,1.023
2022-03-10,1.0251
2022-03-09,1.035
2022-03-08,1.0219
2022-03-07,1.0441
2022-03-04,1.0529
2022-03-03,1.0621
2022-03-02,1.0612
2022-03-01,1.0539
2022-02-28,1.0569
2022-02-25,1.0502
2022-02-24,1.0278
2022-02-23,1.042
2022-02-22,1.0488
2022-02-21,1.0555
2022-02-18,1.0633
2022-02-17,1.0725
2022-02-15,1.074
2022-02-14,1.0656
2022-02-11,1.075
2022-02-10,1.0854
2022-02-09,1.0847
2022-02-08,1.0714
2022-02-07,1.0676
2022-02-04,1.0633
2022-02-03,1.0752
2022-02-02,1.0846
2022-02-01,1.0842
2022-01-31,1.0758
2022-01-28,1.0607
2022-01-27,1.0729
2022-01-26,1.0742
2022-01-25,1.0606
2022-01-24,1.059
2022-01-21,1.0919
2022-01-20,1.1081
2022-01-19,1.1023
2022-01-18,1.1095
2022-01-17,1.1166
2022-01-14,1.1113
2022-01-13,1.1288
2022-01-12,1.129
2022-01-11,1.121
2022-01-10,1.1124
2022-01-07,1.1248
2022-01-06,1.1322
2022-01-05,1.1499
2022-01-04,1.1558
2022-01-03,1.1518
2021-12-31,1.1522
2021-12-30,1.151
2021-12-29,1.1486
2021-12-28,1.1505
2021-12-27,1.1456
2021-12-23,1.1383
2021-12-22,1.1277
2021-12-21,1.1167
2021-12-20,1.1086
2021-12-17,1.1301
2021-12-16,1.1364
2021-12-15,1.1262
2021-12-14,1.1292
2021-12-13,1.1397
2021-12-10,1.1442
2021-12-09,1.1492
2021-12-08,1.1483
2021-12-07,1.1477
2021-12-06,1.1244
2021-12-03,1.1206
2021-12-02,1.125
2021-12-01,1.1383
2021-11-30,1.1298
2021-11-29,1.1366
2021-11-26,1.1376
2021-11-25,1.1657
2021-11-24,1.1624
2021-11-23,1.1594
2021-11-22,1.1723
2021-11-19,1.1649
2021-11-18,1.1631
2021-11-17,1.164
2021-11-16,1.1612
2021-11-15,1.15
2021-11-12,1.1488
2021-11-11,1.1435
2021-11-10,1.1411
2021-11-09,1.1398
2021-11-08,1.1444
2021-11-05,1.1476
2021-11-04,1.1422
2021-11-03,1.1294
2021-10-29,1.1183
2021-10-28,1.1112
2021-10-27,1.116
2021-10-26,1.1168
2021-10-25,1.1051
2021-10-22,1.0973
2021-10-21,1.093
2021-10-20,1.0917
2021-10-19,1.089
2021-10-18,1.0853
2021-10-15,1.0814
2021-10-14,1.0715
2021-10-13,1.0589
2021-10-12,1.0591
2021-10-11,1.061
2021-10-08,1.0597
2021-10-07,1.059
2021-10-06,1.0417
2021-10-05,1.0452
2021-10-04,1.0375
2021-10-01,1.0477
2021-09-30,1.0543
2021-09-29,1.0535
2021-09-28,1.0529
2021-09-27,1.0672
2021-09-24,1.0652
2021-09-23,1.0664
2021-09-22,1.0589
2021-09-21,1.0539
2021-09-20,1.0528
2021-09-17,1.0681
2021-09-16,1.0707
2021-09-15,1.0688
2021-09-14,1.0719
2021-09-13,1.0709
2021-09-10,1.0727
2021-09-09,1.0761
2021-09-08,1.0769
2021-09-07,1.0809
2021-09-06,1.0834
2021-09-03,1.0768
2021-09-02,1.0772
2021-09-01,1.0764
2021-08-31,1.075
2021-08-30,1.0723
2021-08-27,1.0681
2021-08-26,1.0656
2021-08-25,1.0687
2021-08-24,1.0654
2021-08-23,1.0605
2021-08-20,1.0554
2021-08-19,1.0523
2021-08-18,1.0591
2021-08-17,1.0571
2021-08-16,1.061
2021-08-13,1.0654
2021-08-12,1.0662
2021-08-11,1.0668
2021-08-10,1.0647
2021-08-09,1.0622
2021-08-06,1.06
2021-08-05,1.0581
2021-08-04,1.0544
2021-08-03,1.0485
2021-08-02,1.0475
2021-07-30,1.0435
2021-07-29,1.0435
2021-07-28,1.0374
2021-07-27,1.0324
2021-07-26,1.0456
2021-07-23,1.0497
2021-07-22,1.0459
2021-07-21,1.0417
2021-07-20,1.0343
2021-07-19,1.0311
2021-07-16,1.0446
2021-07-15,1.0477
2021-07-14,1.0497
2021-07-13,1.0523
2021-07-12,1.0451
2021-07-09,1.0393
2021-07-08,1.0368
2021-07-07,1.0468
2021-07-05,1.0481
2021-07-02,1.0458
2021-07-01,1.0431
2021-06-30,1.0424
2021-06-29,1.0393
2021-06-28,1.0359
2021-06-25,1.0335
2021-06-23,1.0252
2021-06-22,1.024
2021-06-21,1.0217
2021-06-18,1.0205
2021-06-17,1.0207
2021-06-16,1.0169
2021-06-15,1.0162
2021-06-14,1.0166
2021-06-11,1.016
2021-06-10,1.0135
2021-06-09,1.0129
2021-06-08,1.012
2021-06-07,1.0107
2021-06-04,1.0101
2021-06-03,1.0074
2021-06-02,1.0055
2021-06-01,1.0044
2021-05-31,1.0043
2021-05-28,0.9994
2021-05-27,1.0
2021-05-26,1.0
2021-05-25,1.0
2021-05-24,1.0
