Date,Luminor ateitis 16–50
2026-10-02,0.8678
2026-10-01,0.8595
2026-09-30,0.8605
2026-09-29,0.8591
2026-09-28,0.8576
2026-09-25,0.8608
2026-09-24,0.8565
2026-09-23,0.8615
2026-09-22,0.8648
2026-09-21,0.8602
2026-09-18,0.8482
2026-09-17,0.8504
2026-09-16,0.843
2026-09-15,0.8385
2026-09-14,0.8428
2026-09-11,0.8468
2026-09-10,0.8384
2026-09-09,0.8441
2026-09-08,0.8508
2026-09-07,0.8523
2026-09-04,0.8527
2026-09-03,0.8528
2026-09-02,0.8467
2026-09-01,0.8449
2026-08-31,0.8458
2026-08-28,0.8546
2026-08-27,0.8487
2026-08-26,0.8455
2026-08-25,0.8446
2026-08-24,0.8406
2026-08-21,0.8438
2026-08-20,0.8407
2026-08-19,0.8447
2026-08-18,0.8469
2026-08-17,0.858
2026-08-14,0.857
2026-08-13,0.8605
2026-08-12,0.8569
2026-08-11,0.8542
2026-08-10,0.8541
2026-08-07,0.8541
2026-08-06,0.8507
2026-08-05,0.852
2026-08-04,0.8499
2026-08-03,0.8382
2026-07-31,0.8271
2026-07-30,0.8228
2026-07-29,0.8235
2026-07-28,0.8306
2026-07-27,0.8296
2026-07-24,0.8326
2026-07-23,0.829
2026-07-22,0.8389
2026-07-21,0.8381
2026-07-20,0.8323
2026-07-17,0.8297
2026-07-16,0.8388
2026-07-15,0.841
2026-07-14,0.8403
2026-07-13,0.8402
2026-07-10,0.8427
2026-07-09,0.8397
2026-07-08,0.8316
2026-07-07,0.8357
2026-07-03,0.8411
2026-07-02,0.8352
2026-07-01,0.8408
2026-06-30,0.8383
2026-06-29,0.8301
2026-06-26,0.8292
2026-06-25,0.8324
2026-06-23,0.8306
2026-06-22,0.8421
2026-06-19,0.8383
2026-06-18,0.839
2026-06-17,0.8331
2026-06-16,0.8322
2026-06-15,0.8349
2026-06-12,0.8242
2026-06-11,0.8122
2026-06-10,0.8067
2026-06-09,0.8094
2026-06-08,0.8186
2026-06-05,0.8206
2026-06-04,0.8305
2026-06-03,0.8315
2026-06-02,0.8353
2026-06-01,0.8304
2026-05-29,0.826
2026-05-28,0.8248
2026-05-27,0.823
2026-05-26,0.8245
2026-05-25,0.8259
2026-05-22,0.8185
2026-05-21,0.8111
2026-05-20,0.8092
2026-05-19,0.8015
2026-05-18,0.8035
2026-05-15,0.8074
2026-05-14,0.8167
2026-05-13,0.8075
2026-05-12,0.798
2026-05-11,0.8059
2026-05-08,0.8037
2026-05-07,0.8018
2026-05-06,0.803
2026-05-05,0.7933
2026-05-04,0.7866
2026-04-30,0.7848
2026-04-29,0.7794
2026-04-28,0.7792
2026-04-27,0.7821
2026-04-24,0.7822
2026-04-23,0.7811
2026-04-22,0.7805
2026-04-21,0.7766
2026-04-20,0.778
2026-04-17,0.7801
2026-04-16,0.772
2026-04-15,0.7678
2026-04-14,0.7656
2026-04-13,0.7589
2026-04-10,0.7588
2026-04-09,0.7573
2026-04-08,0.7536
2026-04-07,0.737
2026-04-03,0.7387
2026-04-02,0.7387
2026-04-01,0.7379
2026-03-31,0.7277
2026-03-30,0.7249
2026-03-27,0.724
2026-03-26,0.733
2026-03-25,0.7368
2026-03-24,0.7325
2026-03-23,0.7323
2026-03-20,0.7321
2026-03-19,0.7414
2026-03-18,0.7497
2026-03-17,0.7535
2026-03-16,0.7509
2026-03-13,0.7481
2026-03-12,0.7512
2026-03-10,0.7548
2026-03-09,0.7491
2026-03-06,0.7524
2026-03-05,0.7567
2026-03-04,0.7613
2026-03-03,0.7592
2026-03-02,0.7667
2026-02-27,0.7685
2026-02-26,0.7704
2026-02-25,0.7704
2026-02-24,0.7652
2026-02-23,0.7643
2026-02-20,0.7663
2026-02-19,0.7623
2026-02-18,0.761
2026-02-17,0.7557
2026-02-13,0.7555
2026-02-12,0.7602
2026-02-11,0.7621
2026-02-10,0.7598
2026-02-09,0.7577
2026-02-06,0.7506
2026-02-05,0.7508
2026-02-04,0.7554
2026-02-03,0.7584
2026-02-02,0.7554
2026-01-30,0.7531
2026-01-29,0.7523
2026-01-28,0.7554
2026-01-27,0.7537
2026-01-26,0.7559
2026-01-23,0.757
2026-01-22,0.7562
2026-01-21,0.7503
2026-01-20,0.7594
2026-01-19,0.7625
2026-01-16,0.7663
2026-01-15,0.7647
2026-01-14,0.7617
2026-01-13,0.7622
2026-01-12,0.7626
2026-01-09,0.7588
2026-01-08,0.7558
2026-01-07,0.758
2026-01-06,0.7544
2026-01-05,0.7474
2026-01-02,0.7446
2025-12-31,0.7436
2025-12-30,0.7439
2025-12-29,0.7426
2025-12-23,0.7404
2025-12-22,0.7388
2025-12-19,0.7349
2025-12-18,0.7296
2025-12-17,0.7294
2025-12-16,0.7328
2025-12-15,0.7361
2025-12-12,0.7383
2025-12-11,0.743
2025-12-10,0.7425
2025-12-09,0.7436
2025-12-08,0.7437
2025-12-05,0.7437
2025-12-04,0.741
2025-12-03,0.7406
2025-12-02,0.7388
2025-12-01,0.7415
2025-11-28,0.7407
2025-11-27,0.7393
2025-11-26,0.7368
2025-11-25,0.7316
2025-11-24,0.7267
2025-11-21,0.7196
2025-11-20,0.7257
2025-11-19,0.7234
2025-11-18,0.7266
2025-11-17,0.7335
2025-11-14,0.735
2025-11-13,0.7425
2025-11-12,0.746
2025-11-11,0.7448
2025-11-10,0.7373
2025-11-07,0.7327
2025-11-06,0.7415
2025-11-05,0.7449
2025-11-04,0.7478
2025-11-03,0.7487
2025-10-31,0.7461
2025-10-30,0.7471
2025-10-29,0.747
2025-10-28,0.7465
2025-10-27,0.7419
2025-10-24,0.7372
2025-10-23,0.7332
2025-10-22,0.7338
2025-10-21,0.7342
2025-10-20,0.7284
2025-10-17,0.7222
2025-10-16,0.7277
2025-10-15,0.7263
2025-10-14,0.7241
2025-10-13,0.7226
2025-10-10,0.7286
2025-10-09,0.7356
2025-10-08,0.7322
2025-10-07,0.7298
2025-10-06,0.7283
2025-10-03,0.7271
2025-10-02,0.7243
2025-10-01,0.7214
2025-09-30,0.7179
2025-09-29,0.7179
2025-09-26,0.7152
2025-09-25,0.7153
2025-09-24,0.7153
2025-09-23,0.7183
2025-09-22,0.7167
2025-09-19,0.7146
2025-09-18,0.7107
2025-09-17,0.7075
2025-09-16,0.7104
2025-09-15,0.7115
2025-09-12,0.7112
2025-09-11,0.7082
2025-09-10,0.7051
2025-09-09,0.7023
2025-09-08,0.7008
2025-09-05,0.7025
2025-09-04,0.6994
2025-09-03,0.6962
2025-09-02,0.6961
2025-09-01,0.6989
2025-08-29,0.7018
2025-08-28,0.7049
2025-08-27,0.7032
2025-08-26,0.7007
2025-08-25,0.7017
2025-08-22,0.6995
2025-08-21,0.6976
2025-08-20,0.6973
2025-08-19,0.7007
2025-08-18,0.6993
2025-08-14,0.6994
2025-08-13,0.6985
2025-08-12,0.6955
2025-08-11,0.6943
2025-08-08,0.6915
2025-08-07,0.6905
2025-08-06,0.6885
2025-08-05,0.6879
2025-08-04,0.6854
2025-08-01,0.6915
2025-07-31,0.6998
2025-07-30,0.699
2025-07-29,0.6956
2025-07-28,0.6922
2025-07-25,0.6883
2025-07-24,0.6881
2025-07-23,0.6843
2025-07-22,0.6827
2025-07-21,0.6856
2025-07-18,0.687
2025-07-17,0.6855
2025-07-16,0.6789
2025-07-15,0.6823
2025-07-14,0.6795
2025-07-11,0.6812
2025-07-10,0.6812
2025-07-09,0.6777
2025-07-08,0.676
2025-07-07,0.678
2025-07-04,0.6773
2025-07-03,0.6762
2025-07-02,0.6724
2025-07-01,0.673
2025-06-30,0.6722
2025-06-27,0.6711
2025-06-26,0.6685
2025-06-25,0.669
2025-06-23,0.662
2025-06-20,0.6642
2025-06-19,0.6633
2025-06-18,0.6653
2025-06-17,0.6668
2025-06-16,0.6656
2025-06-13,0.6674
2025-06-12,0.671
2025-06-11,0.6759
2025-06-10,0.6748
2025-06-09,0.6748
2025-06-06,0.6698
2025-06-05,0.671
2025-06-04,0.6712
2025-06-03,0.6679
2025-06-02,0.6657
2025-05-30,0.6675
2025-05-29,0.6678
2025-05-28,0.6696
2025-05-27,0.6628
2025-05-26,0.6606
2025-05-23,0.662
2025-05-22,0.6637
2025-05-21,0.6723
2025-05-20,0.6765
2025-05-19,0.6771
2025-05-16,0.6753
2025-05-15,0.6714
2025-05-14,0.6709
2025-05-13,0.67
2025-05-12,0.655
2025-05-09,0.6463
2025-05-08,0.6424
2025-05-07,0.6381
2025-05-06,0.6421
2025-05-05,0.6369
2025-05-02,0.6363
2025-04-30,0.6285
2025-04-29,0.626
2025-04-28,0.6241
2025-04-25,0.6212
2025-04-24,0.615
2025-04-23,0.6042
2025-04-22,0.6
2025-04-18,0.5999
2025-04-17,0.6
2025-04-16,0.6094
2025-04-15,0.6107
2025-04-14,0.6052
2025-04-11,0.5991
2025-04-10,0.6106
2025-04-09,0.5831
2025-04-08,0.5941
2025-04-07,0.5913
2025-04-04,0.6142
2025-04-03,0.6492
2025-04-02,0.6606
2025-04-01,0.6592
2025-03-31,0.6558
2025-03-28,0.6653
2025-03-27,0.6728
2025-03-26,0.6774
2025-03-25,0.678
2025-03-24,0.6719
2025-03-21,0.666
2025-03-20,0.6666
2025-03-19,0.661
2025-03-18,0.6616
2025-03-17,0.6613
2025-03-14,0.6538
2025-03-13,0.653
2025-03-12,0.6523
2025-03-10,0.6693
2025-03-07,0.6725
2025-03-06,0.6843
2025-03-05,0.6878
2025-03-04,0.6973
2025-03-03,0.7136
2025-02-28,0.7086
2025-02-27,0.7137
2025-02-26,0.7136
2025-02-25,0.7134
2025-02-24,0.7198
2025-02-21,0.7282
2025-02-20,0.7318
2025-02-19,0.7323
2025-02-18,0.7287
2025-02-17,0.7281
2025-02-14,0.7292
2025-02-13,0.7269
2025-02-12,0.7274
2025-02-11,0.7303
2025-02-10,0.7277
2025-02-07,0.7283
2025-02-06,0.725
2025-02-05,0.7214
2025-02-04,0.7212
2025-02-03,0.722
2025-01-31,0.7252
2025-01-30,0.7204
2025-01-29,0.7203
2025-01-28,0.7133
2025-01-27,0.7146
2025-01-24,0.7247
2025-01-23,0.723
2025-01-22,0.7215
2025-01-21,0.7189
2025-01-20,0.719
2025-01-17,0.7168
2025-01-16,0.714
2025-01-15,0.7065
2025-01-14,0.7054
2025-01-13,0.704
2025-01-10,0.7086
2025-01-09,0.7114
2025-01-08,0.7085
2025-01-07,0.7114
2025-01-06,0.7147
2025-01-03,0.7097
2025-01-02,0.7078
2024-12-31,0.7039
2024-12-30,0.7063
2024-12-27,0.7091
2024-12-23,0.7053
2024-12-20,0.703
2024-12-19,0.7018
2024-12-18,0.7159
2024-12-17,0.7171
2024-12-16,0.717
2024-12-13,0.7179
2024-12-12,0.7202
2024-12-11,0.7172
2024-12-10,0.7141
2024-12-09,0.7171
2024-12-06,0.716
2024-12-05,0.7178
2024-12-04,0.7163
2024-12-03,0.7158
2024-12-02,0.7112
2024-11-29,0.7057
2024-11-28,0.7046
2024-11-27,0.7077
2024-11-26,0.7088
2024-11-25,0.7103
2024-11-22,0.7054
2024-11-21,0.6995
2024-11-20,0.6945
2024-11-19,0.6929
2024-11-18,0.6934
2024-11-15,0.696
2024-11-14,0.7004
2024-11-13,0.7004
2024-11-12,0.7004
2024-11-11,0.6978
2024-11-08,0.6918
2024-11-07,0.6903
2024-11-06,0.6743
2024-11-05,0.664
2024-11-04,0.6652
2024-10-31,0.6696
2024-10-30,0.6773
2024-10-29,0.6777
2024-10-28,0.6761
2024-10-25,0.6777
2024-10-24,0.6767
2024-10-23,0.6792
2024-10-22,0.6802
2024-10-21,0.6807
2024-10-18,0.6809
2024-10-17,0.679
2024-10-16,0.6754
2024-10-15,0.6765
2024-10-14,0.6761
2024-10-11,0.6729
2024-10-10,0.6716
2024-10-09,0.6682
2024-10-08,0.6645
2024-10-07,0.6682
2024-10-04,0.6628
2024-10-03,0.6613
2024-10-02,0.6619
2024-10-01,0.6604
2024-09-30,0.6594
2024-09-27,0.6606
2024-09-26,0.6571
2024-09-25,0.6562
2024-09-24,0.6558
2024-09-23,0.6527
2024-09-20,0.6525
2024-09-19,0.6525
2024-09-18,0.6457
2024-09-17,0.6473
2024-09-16,0.6469
2024-09-13,0.647
2024-09-12,0.6428
2024-09-11,0.636
2024-09-10,0.6344
2024-09-09,0.6281
2024-09-06,0.6326
2024-09-05,0.6368
2024-09-04,0.6414
2024-09-03,0.6507
2024-09-02,0.6534
2024-08-30,0.6494
2024-08-29,0.6477
2024-08-28,0.6458
2024-08-27,0.6458
2024-08-26,0.6457
2024-08-23,0.6441
2024-08-22,0.6463
2024-08-21,0.6452
2024-08-20,0.6468
2024-08-19,0.6466
2024-08-16,0.6442
2024-08-14,0.6334
2024-08-13,0.6278
2024-08-12,0.6261
2024-08-09,0.6241
2024-08-08,0.6159
2024-08-07,0.6164
2024-08-06,0.6112
2024-08-05,0.6188
2024-08-02,0.6373
2024-08-01,0.6518
2024-07-31,0.6488
2024-07-30,0.646
2024-07-29,0.6441
2024-07-26,0.6401
2024-07-25,0.6418
2024-07-24,0.6513
2024-07-23,0.6539
2024-07-22,0.6491
2024-07-19,0.6494
2024-07-18,0.6544
2024-07-17,0.662
2024-07-16,0.662
2024-07-15,0.6613
2024-07-12,0.661
2024-07-11,0.663
2024-07-10,0.6593
2024-07-09,0.6576
2024-07-08,0.6573
2024-07-05,0.6557
2024-07-04,0.6553
2024-07-03,0.6544
2024-07-02,0.6514
2024-07-01,0.6509
2024-06-28,0.653
2024-06-27,0.6528
2024-06-26,0.6522
2024-06-25,0.6497
2024-06-21,0.6519
2024-06-20,0.6528
2024-06-19,0.6514
2024-06-18,0.6504
2024-06-17,0.6481
2024-06-14,0.6456
2024-06-13,0.6428
2024-06-12,0.6438
2024-06-11,0.6418
2024-06-10,0.6394
2024-06-07,0.637
2024-06-06,0.6358
2024-06-05,0.631
2024-06-04,0.628
2024-06-03,0.6286
2024-05-31,0.6256
2024-05-30,0.6295
2024-05-29,0.6317
2024-05-28,0.6336
2024-05-27,0.6347
2024-05-24,0.6335
2024-05-23,0.6361
2024-05-22,0.637
2024-05-21,0.6364
2024-05-20,0.6363
2024-05-17,0.6353
2024-05-16,0.6359
2024-05-15,0.6323
2024-05-14,0.63
2024-05-13,0.6312
2024-05-10,0.6294
2024-05-09,0.6279
2024-05-08,0.6273
2024-05-07,0.6236
2024-05-06,0.6211
2024-05-03,0.6198
2024-05-02,0.6158
2024-04-30,0.6199
2024-04-29,0.6204
2024-04-26,0.6152
2024-04-25,0.6144
2024-04-24,0.6153
2024-04-23,0.6126
2024-04-22,0.6066
2024-04-19,0.6097
2024-04-18,0.6118
2024-04-17,0.6132
2024-04-16,0.6173
2024-04-15,0.6249
2024-04-12,0.6274
2024-04-11,0.6243
2024-04-10,0.6234
2024-04-09,0.6226
2024-04-08,0.6237
2024-04-05,0.6194
2024-04-04,0.6248
2024-04-03,0.6265
2024-04-02,0.6283
2024-03-29,0.6291
2024-03-28,0.6291
2024-03-27,0.6252
2024-03-26,0.6251
2024-03-25,0.6266
2024-03-22,0.6265
2024-03-21,0.6246
2024-03-20,0.6189
2024-03-19,0.6164
2024-03-18,0.6143
2024-03-15,0.6153
2024-03-14,0.6159
2024-03-13,0.6173
2024-03-12,0.6137
2024-03-08,0.6149
2024-03-07,0.6123
2024-03-06,0.6101
2024-03-05,0.6123
2024-03-04,0.6149
2024-03-01,0.6127
2024-02-29,0.6092
2024-02-28,0.6093
2024-02-27,0.6088
2024-02-26,0.611
2024-02-23,0.6122
2024-02-22,0.6054
2024-02-21,0.6016
2024-02-20,0.6048
2024-02-19,0.6063
2024-02-15,0.6054
2024-02-14,0.6012
2024-02-13,0.603
2024-02-12,0.6049
2024-02-09,0.6021
2024-02-08,0.602
2024-02-07,0.6002
2024-02-06,0.5986
2024-02-05,0.5963
2024-02-02,0.5926
2024-02-01,0.5861
2024-01-31,0.5909
2024-01-30,0.5939
2024-01-29,0.5893
2024-01-26,0.5898
2024-01-25,0.5855
2024-01-24,0.5852
2024-01-23,0.5818
2024-01-22,0.58
2024-01-19,0.5759
2024-01-18,0.5728
2024-01-17,0.5738
2024-01-16,0.5756
2024-01-15,0.5757
2024-01-12,0.5755
2024-01-11,0.5734
2024-01-10,0.5743
2024-01-09,0.5729
2024-01-08,0.5687
2024-01-05,0.5684
2024-01-04,0.5702
2024-01-03,0.573
2024-01-02,0.5721
2023-12-29,0.5724
2023-12-28,0.5711
2023-12-27,0.5705
2023-12-22,0.5709
2023-12-21,0.5687
2023-12-20,0.5722
2023-12-19,0.5721
2023-12-18,0.5714
2023-12-15,0.5687
2023-12-14,0.5707
2023-12-13,0.5675
2023-12-12,0.5671
2023-12-11,0.5654
2023-12-08,0.5635
2023-12-07,0.5605
2023-12-06,0.5599
2023-12-05,0.5595
2023-12-04,0.5598
2023-12-01,0.5563
2023-11-30,0.5514
2023-11-29,0.5504
2023-11-28,0.551
2023-11-27,0.5519
2023-11-24,0.5538
2023-11-23,0.5543
2023-11-22,0.5518
2023-11-21,0.5508
2023-11-20,0.55
2023-11-17,0.5491
2023-11-16,0.549
2023-11-15,0.5489
2023-11-14,0.546
2023-11-13,0.5449
2023-11-10,0.5401
2023-11-09,0.542
2023-11-08,0.5424
2023-11-07,0.5414
2023-11-06,0.5396
2023-11-03,0.5394
2023-10-31,0.5234
2023-10-30,0.5208
2023-10-27,0.522
2023-10-26,0.5258
2023-10-25,0.5298
2023-10-24,0.5286
2023-10-23,0.5287
2023-10-20,0.5339
2023-10-19,0.5412
2023-10-18,0.5464
2023-10-17,0.5481
2023-10-16,0.5479
2023-10-13,0.5485
2023-10-12,0.5485
2023-10-11,0.5467
2023-10-10,0.5449
2023-10-09,0.5419
2023-10-06,0.5381
2023-10-05,0.5375
2023-10-04,0.537
2023-10-03,0.5411
2023-10-02,0.5418
2023-09-29,0.5434
2023-09-28,0.5431
2023-09-27,0.5409
2023-09-26,0.5448
2023-09-25,0.5437
2023-09-22,0.5442
2023-09-21,0.5478
2023-09-20,0.554
2023-09-19,0.5545
2023-09-18,0.5563
2023-09-15,0.5601
2023-09-14,0.5554
2023-09-13,0.5535
2023-09-12,0.5543
2023-09-11,0.5529
2023-09-08,0.5528
2023-09-07,0.5535
2023-09-06,0.5562
2023-09-05,0.5565
2023-09-04,0.5555
2023-09-01,0.5532
2023-08-31,0.5502
2023-08-30,0.551
2023-08-29,0.5459
2023-08-28,0.5444
2023-08-25,0.5408
2023-08-24,0.5433
2023-08-23,0.54
2023-08-22,0.5373
2023-08-21,0.5354
2023-08-18,0.5355
2023-08-17,0.5389
2023-08-16,0.5413
2023-08-14,0.5454
2023-08-11,0.5446
2023-08-10,0.5466
2023-08-09,0.5484
2023-08-08,0.5476
2023-08-07,0.5467
2023-08-04,0.5506
2023-08-03,0.5524
2023-08-02,0.5574
2023-08-01,0.5599
2023-07-31,0.5594
2023-07-28,0.5576
2023-07-27,0.5557
2023-07-26,0.5546
2023-07-25,0.5524
2023-07-24,0.5492
2023-07-21,0.5473
2023-07-20,0.5479
2023-07-19,0.5458
2023-07-18,0.543
2023-07-17,0.5417
2023-07-14,0.5433
2023-07-13,0.5421
2023-07-12,0.542
2023-07-11,0.5384
2023-07-10,0.5376
2023-07-07,0.5411
2023-07-05,0.5483
2023-07-04,0.5487
2023-07-03,0.547
2023-06-30,0.5434
2023-06-29,0.5411
2023-06-28,0.5385
2023-06-27,0.5357
2023-06-26,0.5375
2023-06-23,0.5387
2023-06-22,0.5388
2023-06-21,0.5429
2023-06-20,0.5458
2023-06-19,0.5474
2023-06-16,0.5494
2023-06-15,0.5473
2023-06-14,0.5485
2023-06-13,0.547
2023-06-12,0.543
2023-06-09,0.5413
2023-06-08,0.5409
2023-06-07,0.5432
2023-06-06,0.5419
2023-06-05,0.5409
2023-06-02,0.5351
2023-06-01,0.5307
2023-05-31,0.5306
2023-05-30,0.5319
2023-05-29,0.5326
2023-05-26,0.5286
2023-05-25,0.5242
2023-05-24,0.5264
2023-05-23,0.5314
2023-05-22,0.5319
2023-05-19,0.5318
2023-05-18,0.5276
2023-05-17,0.5225
2023-05-16,0.5236
2023-05-15,0.523
2023-05-12,0.5212
2023-05-11,0.5198
2023-05-10,0.5192
2023-05-09,0.5185
2023-05-08,0.5183
2023-05-05,0.5131
2023-05-04,0.511
2023-05-03,0.5146
2023-05-02,0.5163
2023-04-28,0.5163
2023-04-27,0.5099
2023-04-26,0.5115
2023-04-25,0.5157
2023-04-24,0.5181
2023-04-21,0.5191
2023-04-20,0.5213
2023-04-19,0.5224
2023-04-18,0.5239
2023-04-17,0.5205
2023-04-14,0.5186
2023-04-13,0.5162
2023-04-12,0.5185
2023-04-11,0.5177
2023-04-07,0.5163
2023-04-06,0.5163
2023-04-05,0.5158
2023-04-04,0.5196
2023-04-03,0.5201
2023-03-31,0.5151
2023-03-30,0.5136
2023-03-29,0.5088
2023-03-28,0.5084
2023-03-27,0.5087
2023-03-24,0.5048
2023-03-23,0.5058
2023-03-22,0.5081
2023-03-21,0.506
2023-03-20,0.5055
2023-03-17,0.5074
2023-03-16,0.5084
2023-03-15,0.5032
2023-03-14,0.5027
2023-03-13,0.5028
2023-03-10,0.5142
2023-03-09,0.5218
2023-03-08,0.5231
2023-03-07,0.5242
2023-03-06,0.5269
2023-03-03,0.5224
2023-03-02,0.5174
2023-03-01,0.5175
2023-02-28,0.5186
2023-02-27,0.5202
2023-02-24,0.5219
2023-02-23,0.5215
2023-02-22,0.5212
2023-02-21,0.5266
2023-02-20,0.5285
2023-02-17,0.5293
2023-02-15,0.532
2023-02-14,0.531
2023-02-13,0.5304
2023-02-10,0.528
2023-02-09,0.531
2023-02-08,0.5333
2023-02-07,0.5299
2023-02-06,0.5292
2023-02-03,0.5309
2023-02-02,0.5276
2023-02-01,0.5246
2023-01-31,0.5219
2023-01-30,0.5263
2023-01-27,0.5261
2023-01-26,0.5223
2023-01-25,0.5206
2023-01-24,0.5218
2023-01-23,0.5204
2023-01-20,0.5152
2023-01-19,0.5151
2023-01-18,0.5199
2023-01-17,0.5202
2023-01-16,0.5193
2023-01-13,0.5179
2023-01-12,0.5169
2023-01-11,0.5147
2023-01-10,0.5121
2023-01-09,0.5141
2023-01-06,0.5107
2023-01-05,0.5085
2023-01-04,0.5071
2023-01-03,0.502
2023-01-02,0.5018
2022-12-30,0.5001
2022-12-29,0.4994
2022-12-28,0.5007
2022-12-27,0.5019
2022-12-23,0.5009
2022-12-22,0.5025
2022-12-21,0.5004
2022-12-20,0.4996
2022-12-19,0.5012
2022-12-16,0.503
2022-12-15,0.5108
2022-12-14,0.5165
2022-12-13,0.5178
2022-12-12,0.5144
2022-12-09,0.5157
2022-12-08,0.5142
2022-12-07,0.5154
2022-12-06,0.5201
2022-12-05,0.5265
2022-12-02,0.5282
2022-12-01,0.5327
2022-11-30,0.5235
2022-11-29,0.5191
2022-11-28,0.5214
2022-11-25,0.5229
2022-11-24,0.5232
2022-11-23,0.5229
2022-11-22,0.5207
2022-11-21,0.5187
2022-11-18,0.5183
2022-11-17,0.5176
2022-11-16,0.5217
2022-11-15,0.5211
2022-11-14,0.5217
2022-11-11,0.5197
2022-11-10,0.511
2022-11-09,0.512
2022-11-08,0.5138
2022-11-07,0.5129
2022-11-04,0.5117
2022-11-03,0.5113
2022-10-31,0.5124
2022-10-28,0.5061
2022-10-27,0.5052
2022-10-26,0.5072
2022-10-25,0.5043
2022-10-24,0.5034
2022-10-21,0.5018
2022-10-20,0.5033
2022-10-19,0.5045
2022-10-18,0.5037
2022-10-17,0.4992
2022-10-14,0.5018
2022-10-13,0.4981
2022-10-12,0.4995
2022-10-11,0.5016
2022-10-10,0.5054
2022-10-07,0.5117
2022-10-06,0.5169
2022-10-05,0.5143
2022-10-04,0.5074
2022-10-03,0.499
2022-09-30,0.501
2022-09-29,0.5087
2022-09-28,0.5112
2022-09-27,0.5116
2022-09-26,0.5133
2022-09-23,0.5156
2022-09-22,0.5202
2022-09-21,0.5234
2022-09-20,0.5238
2022-09-19,0.5233
2022-09-16,0.5271
2022-09-15,0.5335
2022-09-14,0.5351
2022-09-13,0.5428
2022-09-12,0.5436
2022-09-09,0.5404
2022-09-08,0.5368
2022-09-07,0.5343
2022-09-06,0.5344
2022-09-05,0.5346
2022-09-02,0.538
2022-09-01,0.5364
2022-08-31,0.542
2022-08-30,0.5467
2022-08-29,0.5489
2022-08-26,0.5608
2022-08-25,0.5587
2022-08-24,0.5557
2022-08-23,0.5569
2022-08-22,0.5602
2022-08-19,0.5634
2022-08-18,0.5625
2022-08-17,0.5638
2022-08-16,0.5637
2022-08-12,0.553
2022-08-11,0.5502
2022-08-10,0.5457
2022-08-09,0.5478
2022-08-08,0.5498
2022-08-05,0.5483
2022-08-04,0.5488
2022-08-03,0.5449
2022-08-02,0.543
2022-08-01,0.5457
2022-07-29,0.5454
2022-07-28,0.5423
2022-07-27,0.535
2022-07-26,0.5326
2022-07-25,0.5313
2022-07-22,0.5339
2022-07-21,0.5322
2022-07-20,0.5292
2022-07-19,0.5231
2022-07-18,0.525
2022-07-15,0.5225
2022-07-14,0.5202
2022-07-13,0.5225
2022-07-12,0.5263
2022-07-11,0.5283
2022-07-08,0.53
2022-07-07,0.5255
2022-07-05,0.512
2022-07-04,0.5115
2022-07-01,0.5094
2022-06-30,0.5104
2022-06-29,0.5129
2022-06-28,0.5165
2022-06-27,0.5173
2022-06-23,0.5024
2022-06-22,0.5018
2022-06-21,0.5018
2022-06-20,0.4986
2022-06-17,0.4973
2022-06-16,0.5045
2022-06-15,0.5087
2022-06-14,0.5074
2022-06-13,0.5145
2022-06-10,0.5278
2022-06-09,0.5332
2022-06-08,0.5375
2022-06-07,0.5357
2022-06-06,0.537
2022-06-03,0.536
2022-06-02,0.5342
2022-06-01,0.5357
2022-05-31,0.5375
2022-05-30,0.5366
2022-05-27,0.5278
2022-05-26,0.5199
2022-05-25,0.5171
2022-05-24,0.5167
2022-05-23,0.5213
2022-05-20,0.5198
2022-05-19,0.5178
2022-05-18,0.5274
2022-05-17,0.5288
2022-05-16,0.5266
2022-05-13,0.523
2022-05-12,0.5137
2022-05-11,0.5169
2022-05-10,0.5202
2022-05-09,0.5247
2022-05-06,0.5322
2022-05-05,0.5464
2022-05-04,0.5454
2022-05-03,0.5452
2022-05-02,0.544
2022-04-29,0.5505
2022-04-28,0.547
2022-04-27,0.5391
2022-04-26,0.5409
2022-04-25,0.5408
2022-04-22,0.5495
2022-04-21,0.5574
2022-04-20,0.5603
2022-04-19,0.5601
2022-04-15,0.5613
2022-04-14,0.5613
2022-04-13,0.5595
2022-04-12,0.5587
2022-04-11,0.5613
2022-04-08,0.5665
2022-04-07,0.5644
2022-04-06,0.5681
2022-04-05,0.5731
2022-04-04,0.5703
2022-04-01,0.5644
2022-03-31,0.5656
2022-03-30,0.5688
2022-03-29,0.5672
2022-03-28,0.5645
2022-03-25,0.563
2022-03-24,0.5617
2022-03-23,0.5635
2022-03-22,0.5616
2022-03-21,0.5578
2022-03-18,0.5538
2022-03-17,0.549
2022-03-16,0.5381
2022-03-15,0.5259
2022-03-14,0.5294
2022-03-10,0.5355
2022-03-09,0.5318
2022-03-08,0.5302
2022-03-07,0.5402
2022-03-04,0.5478
2022-03-03,0.5534
2022-03-02,0.5508
2022-03-01,0.5514
2022-02-28,0.5525
2022-02-25,0.5485
2022-02-24,0.5397
2022-02-23,0.5475
2022-02-22,0.5505
2022-02-21,0.5539
2022-02-18,0.5583
2022-02-17,0.5648
2022-02-15,0.5633
2022-02-14,0.5617
2022-02-11,0.5679
2022-02-10,0.5726
2022-02-09,0.5704
2022-02-08,0.5631
2022-02-07,0.5627
2022-02-04,0.5623
2022-02-03,0.57
2022-02-02,0.5734
2022-02-01,0.5716
2022-01-31,0.567
2022-01-28,0.5602
2022-01-27,0.561
2022-01-26,0.5597
2022-01-25,0.5587
2022-01-24,0.5626
2022-01-21,0.5731
2022-01-20,0.5799
2022-01-19,0.579
2022-01-18,0.5818
2022-01-17,0.5851
2022-01-14,0.585
2022-01-13,0.592
2022-01-12,0.5958
2022-01-11,0.5898
2022-01-10,0.5886
2022-01-07,0.593
2022-01-06,0.5933
2022-01-05,0.6014
2022-01-04,0.6073
2022-01-03,0.6045
2021-12-31,0.6047
2021-12-30,0.6053
2021-12-29,0.6057
2021-12-28,0.6061
2021-12-27,0.6023
2021-12-23,0.5997
2021-12-22,0.5954
2021-12-21,0.5889
2021-12-20,0.5879
2021-12-17,0.5947
2021-12-16,0.6003
2021-12-15,0.5974
2021-12-14,0.5982
2021-12-13,0.6051
2021-12-10,0.6059
2021-12-09,0.6076
2021-12-08,0.608
2021-12-07,0.6031
2021-12-06,0.5923
2021-12-03,0.5954
2021-12-02,0.5951
2021-12-01,0.5962
2021-11-30,0.5988
2021-11-29,0.6033
2021-11-26,0.6053
2021-11-25,0.6152
2021-11-24,0.6139
2021-11-23,0.6146
2021-11-22,0.6203
2021-11-19,0.6211
2021-11-18,0.6199
2021-11-17,0.623
2021-11-16,0.6209
2021-11-15,0.6164
2021-11-12,0.6137
2021-11-11,0.6099
2021-11-10,0.6082
2021-11-09,0.6087
2021-11-08,0.6085
2021-11-05,0.6103
2021-11-04,0.6071
2021-11-03,0.6029
2021-10-29,0.5976
2021-10-28,0.5975
2021-10-27,0.5997
2021-10-26,0.6003
2021-10-25,0.5978
2021-10-22,0.5968
2021-10-21,0.5952
2021-10-20,0.5946
2021-10-19,0.5918
2021-10-18,0.5901
2021-10-15,0.5889
2021-10-14,0.5828
2021-10-13,0.5781
2021-10-12,0.5775
2021-10-11,0.5805
2021-10-08,0.5805
2021-10-07,0.5785
2021-10-06,0.5723
2021-10-05,0.5708
2021-10-04,0.572
2021-10-01,0.5739
2021-09-30,0.5766
2021-09-29,0.575
2021-09-28,0.5803
2021-09-27,0.5863
2021-09-24,0.5871
2021-09-23,0.5862
2021-09-22,0.5817
2021-09-21,0.5801
2021-09-20,0.5826
2021-09-17,0.5884
2021-09-16,0.5881
2021-09-15,0.587
2021-09-14,0.5892
2021-09-13,0.5895
2021-09-10,0.591
2021-09-09,0.5906
2021-09-08,0.5943
2021-09-07,0.5952
2021-09-06,0.5946
2021-09-03,0.5928
2021-09-02,0.5932
2021-09-01,0.5932
2021-08-31,0.5913
2021-08-30,0.5898
2021-08-27,0.5873
2021-08-26,0.5873
2021-08-25,0.5889
2021-08-24,0.5867
2021-08-23,0.5826
2021-08-20,0.5789
2021-08-19,0.5787
2021-08-18,0.5832
2021-08-17,0.5825
2021-08-16,0.5839
2021-08-13,0.5848
2021-08-12,0.5862
2021-08-11,0.5869
2021-08-10,0.5867
2021-08-09,0.5845
2021-08-06,0.5829
2021-08-05,0.5807
2021-08-04,0.5796
2021-08-03,0.5755
2021-08-02,0.5742
2021-07-30,0.5738
2021-07-29,0.5749
2021-07-28,0.5713
2021-07-27,0.572
2021-07-26,0.5771
2021-07-23,0.5788
2021-07-22,0.5762
2021-07-21,0.5716
2021-07-20,0.5668
2021-07-19,0.5695
2021-07-16,0.5759
2021-07-15,0.5783
2021-07-14,0.5781
2021-07-13,0.5765
2021-07-12,0.5736
2021-07-09,0.5688
2021-07-08,0.5712
2021-07-07,0.5752
2021-07-05,0.5738
2021-07-02,0.5734
2021-07-01,0.5718
2021-06-30,0.5719
2021-06-29,0.5714
2021-06-28,0.5703
2021-06-25,0.5689
2021-06-23,0.562
2021-06-22,0.5624
2021-06-21,0.56
2021-06-18,0.5631
2021-06-17,0.5619
2021-06-16,0.5581
2021-06-15,0.5596
2021-06-14,0.5585
2021-06-11,0.5573
2021-06-10,0.5545
2021-06-09,0.5532
2021-06-08,0.5537
2021-06-07,0.554
2021-06-04,0.5533
2021-06-03,0.5518
2021-06-02,0.5514
2021-06-01,0.5509
2021-05-31,0.5512
2021-05-28,0.5498
2021-05-27,0.547
2021-05-26,0.5451
2021-05-25,0.543
2021-05-24,0.5407
2021-05-21,0.5405
2021-05-20,0.5362
2021-05-19,0.5357
2021-05-18,0.5385
2021-05-17,0.5369
2021-05-14,0.5344
2021-05-13,0.5357
2021-05-12,0.5361
2021-05-11,0.5394
2021-05-10,0.5469
2021-05-07,0.5486
2021-05-06,0.5469
2021-05-05,0.546
2021-05-04,0.5464
2021-05-03,0.5481
2021-04-30,0.55
2021-04-29,0.5514
2021-04-28,0.5521
2021-04-27,0.5523
2021-04-26,0.5519
2021-04-23,0.5493
2021-04-22,0.5476
2021-04-21,0.5447
2021-04-20,0.5479
2021-04-19,0.552
2021-04-16,0.5526
2021-04-15,0.5493
2021-04-14,0.5489
2021-04-13,0.5488
2021-04-12,0.5484
2021-04-09,0.549
2021-04-08,0.548
2021-04-07,0.5477
2021-04-06,0.5489
2021-04-02,0.5465
2021-04-01,0.5459
2021-03-31,0.542
2021-03-30,0.5412
2021-03-29,0.5394
2021-03-26,0.5357
2021-03-25,0.5297
2021-03-24,0.5325
2021-03-23,0.5344
2021-03-22,0.5338
2021-03-19,0.5345
2021-03-18,0.5383
2021-03-17,0.5382
2021-03-16,0.5395
2021-03-15,0.5357
2021-03-12,0.5365
2021-03-10,0.531
2021-03-09,0.5259
2021-03-08,0.5253
2021-03-05,0.5224
2021-03-04,0.5244
2021-03-03,0.5311
2021-03-02,0.5328
2021-03-01,0.5275
2021-02-26,0.523
2021-02-25,0.5324
2021-02-24,0.5322
2021-02-23,0.5341
2021-02-22,0.5391
2021-02-19,0.5432
2021-02-18,0.5467
2021-02-17,0.5496
2021-02-15,0.5463
2021-02-12,0.5448
2021-02-11,0.5421
2021-02-10,0.5413
2021-02-09,0.5411
2021-02-08,0.5403
2021-02-05,0.5392
2021-02-04,0.536
2021-02-03,0.5353
2021-02-02,0.5299
2021-02-01,0.5188
2021-01-29,0.517
2021-01-28,0.5197
2021-01-27,0.5259
2021-01-26,0.5308
2021-01-25,0.5329
2021-01-22,0.5322
2021-01-21,0.5359
2021-01-20,0.5328
2021-01-19,0.5269
2021-01-18,0.5252
2021-01-15,0.5253
2021-01-14,0.5267
2021-01-13,0.5254
2021-01-12,0.5243
2021-01-11,0.5244
2021-01-08,0.5208
2021-01-07,0.5134
2021-01-06,0.5082
2021-01-05,0.5068
2021-01-04,0.507
2020-12-31,0.5049
2020-12-30,0.5039
2020-12-29,0.5015
2020-12-28,0.4992
2020-12-23,0.4986
2020-12-22,0.4957
2020-12-21,0.4977
2020-12-18,0.4989
2020-12-17,0.4984
2020-12-16,0.4975
2020-12-15,0.4946
2020-12-14,0.4946
2020-12-11,0.4948
2020-12-10,0.4955
2020-12-09,0.4969
2020-12-08,0.496
2020-12-07,0.4954
2020-12-04,0.4929
2020-12-03,0.4912
2020-12-02,0.4927
2020-12-01,0.4935
2020-11-30,0.493
2020-11-27,0.4954
2020-11-26,0.4945
2020-11-25,0.4936
2020-11-24,0.4934
2020-11-23,0.4907
2020-11-20,0.49
2020-11-19,0.4902
2020-11-18,0.4916
2020-11-17,0.491
2020-11-16,0.4909
2020-11-13,0.4859
2020-11-12,0.4872
2020-11-11,0.4855
2020-11-10,0.4849
2020-11-09,0.4846
2020-11-06,0.4782
2020-11-05,0.4756
2020-11-04,0.4685
2020-11-03,0.4619
2020-10-30,0.4552
2020-10-29,0.4562
2020-10-28,0.4601
2020-10-27,0.4627
2020-10-26,0.4664
2020-10-23,0.4674
2020-10-22,0.4666
2020-10-21,0.4675
2020-10-20,0.4682
2020-10-19,0.4709
2020-10-16,0.4715
2020-10-15,0.4718
2020-10-14,0.4749
2020-10-13,0.4743
2020-10-12,0.4704
2020-10-09,0.4672
2020-10-08,0.4633
2020-10-07,0.4592
2020-10-06,0.4587
2020-10-05,0.456
2020-10-02,0.4546
2020-10-01,0.4539
2020-09-30,0.4531
2020-09-29,0.4533
2020-09-28,0.4517
2020-09-25,0.4464
2020-09-24,0.4458
2020-09-23,0.4505
2020-09-22,0.4481
2020-09-21,0.4494
2020-09-18,0.4538
2020-09-17,0.4555
2020-09-16,0.4569
2020-09-15,0.4542
2020-09-14,0.4507
2020-09-11,0.4482
2020-09-10,0.4509
2020-09-09,0.4487
2020-09-08,0.4506
2020-09-07,0.4519
2020-09-04,0.4538
2020-09-03,0.4634
2020-09-03,0.4634
2020-09-02,0.4605
2020-09-01,0.4567
2020-08-31,0.4578
2020-08-28,0.4606
2020-08-27,0.4617
2020-08-26,0.4597
2020-08-25,0.4565
2020-08-24,0.4544
2020-08-21,0.4501
2020-08-20,0.448
2020-08-19,0.4505
2020-08-18,0.4516
2020-08-17,0.4512
2020-08-14,0.4513
2020-08-13,0.4532
2020-08-12,0.4516
2020-08-11,0.4505
2020-08-10,0.4488
2020-08-07,0.4483
2020-08-06,0.4484
2020-08-05,0.448
2020-08-04,0.4472
2020-08-03,0.4432
2020-07-31,0.4414
2020-07-30,0.4443
2020-07-29,0.4453
2020-07-28,0.4451
2020-07-27,0.4441
2020-07-24,0.4453
2020-07-22,0.4531
2020-07-21,0.4554
2020-07-20,0.4502
2020-07-17,0.4477
2020-07-16,0.4472
2020-07-15,0.4483
2020-07-14,0.4456
2020-07-13,0.4503
2020-07-10,0.4487
2020-07-09,0.4492
2020-07-08,0.4474
2020-07-07,0.447
2020-07-03,0.4432
2020-07-02,0.4402
2020-07-01,0.4366
2020-06-30,0.433
2020-06-29,0.4298
2020-06-26,0.4342
2020-06-25,0.4331
2020-06-23,0.4378
2020-06-22,0.4371
2020-06-19,0.4371
2020-06-18,0.4354
2020-06-17,0.4342
2020-06-16,0.4305
2020-06-15,0.4236
2020-06-12,0.4239
2020-06-11,0.4309
2020-06-10,0.4387
2020-06-09,0.4402
2020-06-08,0.4397
2020-06-05,0.4353
2020-06-04,0.4341
2020-06-03,0.4332
2020-06-02,0.4271
2020-06-01,0.4237
2020-05-29,0.4239
2020-05-28,0.4252
2020-05-27,0.4227
2020-05-26,0.4227
2020-05-25,0.4189
2020-05-22,0.4177
2020-05-21,0.4181
2020-05-20,0.4181
2020-05-19,0.4188
2020-05-18,0.4152
2020-05-15,0.41
2020-05-14,0.408
2020-05-13,0.4114
2020-05-12,0.4157
2020-05-11,0.4164
2020-05-08,0.4142
2020-05-07,0.4102
2020-05-06,0.4081
2020-05-05,0.4051
2020-05-04,0.4051
2020-04-30,0.415
2020-04-29,0.4127
2020-04-28,0.4087
2020-04-27,0.4052
2020-04-24,0.402
2020-04-23,0.4023
2020-04-22,0.3971
2020-04-21,0.3978
2020-04-20,0.4043
2020-04-17,0.402
2020-04-16,0.3952
2020-04-15,0.3953
2020-04-14,0.3959
2020-04-10,0.3931
2020-04-09,0.3927
2020-04-08,0.3866
2020-04-07,0.3864
2020-04-06,0.3728
2020-04-03,0.3672
2020-04-02,0.365
2020-04-01,0.3681
2020-03-31,0.3736
2020-03-30,0.3681
2020-03-27,0.3726
2020-03-26,0.3714
2020-03-25,0.3647
2020-03-24,0.3485
2020-03-23,0.344
2020-03-20,0.3546
2020-03-19,0.3458
2020-03-18,0.3514
2020-03-17,0.3513
2020-03-16,0.3646
2020-03-13,0.3672
2020-03-12,0.3775
2020-03-10,0.3964
2020-03-09,0.4058
2020-03-06,0.4261
2020-03-05,0.441
2020-03-04,0.4391
2020-03-03,0.4377
2020-03-02,0.4341
2020-02-28,0.4325
2020-02-27,0.4478
2020-02-26,0.458
2020-02-25,0.4646
2020-02-24,0.4743
2020-02-21,0.4853
2020-02-20,0.4895
2020-02-19,0.4897
2020-02-18,0.4874
2020-02-17,0.4888
2020-02-14,0.488
2020-02-13,0.4867
2020-02-12,0.4854
2020-02-11,0.4813
2020-02-10,0.4773
2020-02-07,0.4778
2020-02-06,0.4787
2020-02-05,0.4748
2020-02-04,0.4686
2020-02-03,0.4609
2020-01-31,0.4633
2020-01-30,0.4668
2020-01-29,0.4711
2020-01-28,0.4684
2020-01-27,0.4724
2020-01-24,0.4761
2020-01-23,0.4755
2020-01-22,0.4768
2020-01-21,0.4763
2020-01-20,0.4782
2020-01-17,0.476
2020-01-16,0.4732
2020-01-15,0.4727
2020-01-14,0.4729
2020-01-13,0.4718
2020-01-10,0.4712
2020-01-09,0.4688
2020-01-08,0.4645
2020-01-07,0.4633
2020-01-06,0.4626
2020-01-03,0.4652
2020-01-02,0.4633
2019-12-31,0.4618
2019-12-30,0.4643
2019-12-27,0.4653
2019-12-23,0.4644
2019-12-20,0.4628
2019-12-19,0.461
2019-12-18,0.4601
2019-12-17,0.4596
2019-12-16,0.4578
2019-12-13,0.4551
2019-12-12,0.4526
2019-12-11,0.45
2019-12-10,0.4495
2019-12-09,0.4509
2019-12-06,0.4491
2019-12-05,0.4463
2019-12-04,0.4457
2019-12-03,0.4454
2019-12-02,0.4497
2019-11-29,0.4526
2019-11-28,0.4536
2019-11-27,0.4529
2019-11-26,0.4516
2019-11-25,0.4493
2019-11-22,0.4452
2019-11-21,0.4452
2019-11-20,0.4473
2019-11-19,0.4483
2019-11-18,0.448
2019-11-15,0.4474
2019-11-14,0.4457
2019-11-13,0.4467
2019-11-12,0.4469
2019-11-11,0.4465
2019-11-08,0.4479
2019-11-07,0.447
2019-11-06,0.4457
2019-11-05,0.444
2019-11-04,0.4404
2019-10-31,0.4373
2019-10-30,0.4375
2019-10-29,0.438
2019-10-28,0.4373
2019-10-25,0.4347
2019-10-24,0.4333
2019-10-23,0.4316
2019-10-22,0.4312
2019-10-21,0.4299
2019-10-18,0.4302
2019-10-17,0.432
2019-10-16,0.4325
2019-10-15,0.4308
2019-10-14,0.4292
2019-10-11,0.4266
2019-10-10,0.4235
2019-10-09,0.4225
2019-10-08,0.4236
2019-10-07,0.4252
2019-10-04,0.4237
2019-10-03,0.4212
2019-10-02,0.4267
2019-10-01,0.4318
2019-09-30,0.4313
2019-09-27,0.4321
2019-09-26,0.4316
2019-09-25,0.4296
2019-09-24,0.4327
2019-09-23,0.4325
2019-09-20,0.4325
2019-09-19,0.4322
2019-09-18,0.4321
2019-09-17,0.4325
2019-09-16,0.4327
2019-09-13,0.4335
2019-09-12,0.4336
2019-09-11,0.4298
2019-09-10,0.4279
2019-09-09,0.4295
2019-09-06,0.4287
2019-09-05,0.4265
2019-09-04,0.4229
2019-09-03,0.423
2019-09-02,0.423
2019-08-30,0.4202
2019-08-29,0.4161
2019-08-28,0.413
2019-08-27,0.4126
2019-08-26,0.4124
2019-08-23,0.4162
2019-08-22,0.4182
2019-08-21,0.4177
2019-08-20,0.4171
2019-08-19,0.4157
2019-08-16,0.4103
2019-08-14,0.4104
2019-08-13,0.4105
2019-08-12,0.413
2019-08-09,0.4157
2019-08-08,0.4129
2019-08-07,0.4096
2019-08-06,0.4083
2019-08-05,0.4153
2019-08-02,0.4245
2019-08-01,0.4295
2019-07-31,0.4299
2019-07-30,0.4318
2019-07-29,0.4337
2019-07-26,0.4333
2019-07-25,0.4339
2019-07-24,0.4332
2019-07-23,0.4305
2019-07-22,0.4286
2019-07-19,0.4293
2019-07-18,0.4281
2019-07-17,0.4297
2019-07-16,0.4299
2019-07-15,0.4291
2019-07-12,0.4283
2019-07-11,0.4281
2019-07-10,0.4274
2019-07-09,0.4267
2019-07-08,0.4282
2019-07-05,0.4295
2019-07-04,0.4297
2019-07-03,0.428
2019-07-02,0.4263
2019-07-01,0.4235
2019-06-28,0.4198
2019-06-27,0.418
2019-06-26,0.4171
2019-06-25,0.4182
2019-06-21,0.4218
2019-06-20,0.4225
2019-06-19,0.4206
2019-06-18,0.4165
2019-06-17,0.4139
2019-06-14,0.4142
2019-06-13,0.4138
2019-06-12,0.4136
2019-06-11,0.4127
2019-06-10,0.4094
2019-06-07,0.4078
2019-06-06,0.407
2019-06-05,0.4062
2019-06-04,0.4038
2019-06-03,0.4039
2019-05-31,0.4047
2019-05-30,0.4052
2019-05-29,0.405
2019-05-28,0.4066
2019-05-27,0.4061
2019-05-24,0.4061
2019-05-23,0.4075
2019-05-22,0.41
2019-05-21,0.4086
2019-05-20,0.4085
2019-05-17,0.4113
2019-05-16,0.4112
2019-05-15,0.4083
2019-05-14,0.4066
2019-05-13,0.4092
2019-05-10,0.4135
2019-05-09,0.4152
2019-05-08,0.4172
2019-05-07,0.4203
2019-05-06,0.4229
2019-05-03,0.4245
2019-05-02,0.4241
2019-04-30,0.4252
2019-04-29,0.426
2019-04-26,0.4244
2019-04-25,0.4237
2019-04-24,0.4237
2019-04-23,0.4221
2019-04-19,0.4202
2019-04-18,0.4198
2019-04-17,0.4197
2019-04-16,0.4193
2019-04-15,0.4188
2019-04-12,0.4184
2019-04-11,0.419
2019-04-10,0.4186
2019-04-09,0.4187
2019-04-08,0.4191
2019-04-05,0.4186
2019-04-04,0.4179
2019-04-03,0.4177
2019-04-02,0.4159
2019-04-01,0.4131
2019-03-29,0.409
2019-03-28,0.4065
2019-03-27,0.4062
2019-03-26,0.4051
2019-03-25,0.4042
2019-03-22,0.4078
2019-03-21,0.4086
2019-03-20,0.4083
2019-03-19,0.4091
2019-03-18,0.4073
2019-03-15,0.4058
2019-03-14,0.4042
2019-03-13,0.4036
2019-03-12,0.4032
2019-03-08,0.398
2019-03-07,0.4012
2019-03-06,0.4034
2019-03-05,0.4032
2019-03-04,0.4029
2019-03-01,0.4011
2019-02-28,0.4008
2019-02-27,0.4021
2019-02-26,0.4027
2019-02-25,0.4029
2019-02-22,0.4005
2019-02-21,0.3999
2019-02-20,0.3999
2019-02-19,0.399
2019-02-18,0.3991
2019-02-15,0.3978
2019-02-14,0.3973
2019-02-13,0.3974
2019-02-12,0.3954
2019-02-11,0.3927
2019-02-08,0.3915
2019-02-07,0.393
2019-02-06,0.3937
2019-02-05,0.3928
2019-02-04,0.3903
2019-02-01,0.3895
2019-01-31,0.3882
2019-01-30,0.3858
2019-01-29,0.3843
2019-01-28,0.3857
2019-01-25,0.3863
2019-01-24,0.3835
2019-01-23,0.383
2019-01-22,0.3848
2019-01-21,0.3856
2019-01-18,0.3836
2019-01-17,0.3808
2019-01-16,0.3794
2019-01-15,0.3764
2019-01-14,0.3746
2019-01-11,0.3748
2019-01-10,0.3742
2019-01-09,0.3738
2019-01-08,0.3704
2019-01-07,0.3692
2019-01-04,0.3634
2019-01-03,0.3643
2019-01-02,0.3641
2018-12-31,0.3634
2018-12-28,0.3628
2018-12-27,0.3598
2018-12-21,0.3609
2018-12-20,0.3647
2018-12-19,0.369
2018-12-18,0.3699
2018-12-17,0.3744
2018-12-14,0.3777
2018-12-13,0.3791
2018-12-12,0.378
2018-12-11,0.3744
2018-12-10,0.3747
2018-12-07,0.3798
2018-12-06,0.3818
2018-12-05,0.387
2018-12-04,0.3919
2018-12-03,0.3923
2018-11-30,0.3878
2018-11-29,0.3889
2018-11-28,0.3859
2018-11-27,0.3824
2018-11-26,0.38
2018-11-23,0.3779
2018-11-22,0.378
2018-11-21,0.3768
2018-11-20,0.3774
2018-11-19,0.3827
2018-11-16,0.3848
2018-11-15,0.3835
2018-11-14,0.3843
2018-11-13,0.385
2018-11-12,0.3865
2018-11-09,0.3876
2018-11-08,0.3886
2018-11-07,0.3866
2018-11-06,0.385
2018-11-05,0.3844
2018-11-02,0.3824
2018-10-31,0.3766
2018-10-30,0.3715
2018-10-29,0.3727
2018-10-26,0.374
2018-10-25,0.3739
2018-10-24,0.3772
2018-10-23,0.3793
2018-10-22,0.3823
2018-10-19,0.3822
2018-10-18,0.3842
2018-10-17,0.3851
2018-10-16,0.381
2018-10-15,0.3792
2018-10-12,0.3781
2018-10-11,0.3791
2018-10-10,0.3912
2018-10-09,0.394
2018-10-08,0.3947
2018-10-05,0.3972
2018-10-04,0.4017
2018-10-03,0.4037
2018-10-02,0.404
2018-10-01,0.4046
2018-09-28,0.4035
2018-09-27,0.4013
2018-09-26,0.4001
2018-09-25,0.3999
2018-09-24,0.4006
2018-09-21,0.4009
2018-09-20,0.4
2018-09-19,0.3983
2018-09-18,0.3963
2018-09-17,0.3969
2018-09-14,0.3976
2018-09-13,0.3964
2018-09-12,0.396
2018-09-11,0.3959
2018-09-10,0.3966
2018-09-07,0.3957
2018-09-06,0.397
2018-09-05,0.4005
2018-09-04,0.4038
2018-09-03,0.4042
2018-08-31,0.4041
2018-08-30,0.406
2018-08-29,0.4057
2018-08-28,0.4056
2018-08-27,0.4043
2018-08-24,0.4025
2018-08-23,0.4027
2018-08-22,0.4034
2018-08-21,0.405
2018-08-20,0.4043
2018-08-17,0.4035
2018-08-16,0.4056
2018-08-14,0.4063
2018-08-13,0.4066
2018-08-10,0.4079
2018-08-09,0.4086
2018-08-08,0.4089
2018-08-07,0.4089
2018-08-06,0.4075
2018-08-03,0.4058
2018-08-02,0.404
2018-08-01,0.4049
2018-07-31,0.4044
2018-07-30,0.4071
2018-07-27,0.4093
2018-07-26,0.4086
2018-07-25,0.4061
2018-07-24,0.4039
2018-07-23,0.4027
2018-07-20,0.4036
2018-07-19,0.4044
2018-07-18,0.4038
2018-07-17,0.4016
2018-07-16,0.4026
2018-07-13,0.4033
2018-07-12,0.4003
2018-07-11,0.4
2018-07-10,0.401
2018-07-09,0.3985
2018-07-05,0.395
2018-07-04,0.3953
2018-07-03,0.3959
2018-07-02,0.3959
2018-06-29,0.3967
2018-06-28,0.3952
2018-06-27,0.3969
2018-06-26,0.3964
2018-06-25,0.4004
2018-06-22,0.4034
2018-06-21,0.4052
2018-06-20,0.4061
2018-06-19,0.4065
2018-06-18,0.4091
2018-06-15,0.41
2018-06-14,0.4081
2018-06-13,0.4081
2018-06-12,0.4072
2018-06-11,0.4071
2018-06-08,0.4062
2018-06-07,0.4077
2018-06-06,0.4082
2018-06-05,0.4083
2018-06-04,0.4067
2018-06-01,0.4036
2018-05-31,0.4036
2018-05-30,0.4038
2018-05-29,0.4059
2018-05-28,0.407
2018-05-25,0.4058
2018-05-24,0.4057
2018-05-23,0.4054
2018-05-22,0.4052
2018-05-21,0.4046
2018-05-18,0.4043
2018-05-17,0.4051
2018-05-16,0.4031
2018-05-15,0.4016
2018-05-14,0.4026
2018-05-11,0.4019
2018-05-10,0.3998
2018-05-09,0.3989
2018-05-08,0.3973
2018-05-07,0.3951
2018-05-04,0.3921
2018-05-03,0.3926
2018-05-02,0.3933
2018-04-30,0.3933
2018-04-27,0.3918
2018-04-26,0.3885
2018-04-25,0.3871
2018-04-24,0.3901
2018-04-23,0.3901
2018-04-20,0.3901
2018-04-19,0.3909
2018-04-18,0.3899
2018-04-17,0.3879
2018-04-16,0.3869
2018-04-13,0.3885
2018-04-12,0.3872
2018-04-11,0.3865
2018-04-10,0.3862
2018-04-09,0.3854
2018-04-06,0.3879
2018-04-05,0.3875
2018-04-04,0.3839
2018-04-03,0.3846
2018-03-30,0.3835
2018-03-29,0.383
2018-03-28,0.3826
2018-03-27,0.3847
2018-03-26,0.3825
2018-03-23,0.3857
2018-03-22,0.3924
2018-03-21,0.396
2018-03-20,0.3949
2018-03-19,0.3966
2018-03-16,0.3982
2018-03-15,0.3974
2018-03-14,0.397
2018-03-13,0.3996
2018-03-12,0.4004
2018-03-09,0.396
2018-03-08,0.3918
2018-03-07,0.3902
2018-03-06,0.3905
2018-03-05,0.3884
2018-03-02,0.3894
2018-03-01,0.3937
2018-02-28,0.3968
2018-02-27,0.399
2018-02-26,0.399
2018-02-23,0.3951
2018-02-22,0.3936
2018-02-21,0.3923
2018-02-20,0.3912
2018-02-19,0.3912
2018-02-15,0.3896
2018-02-14,0.3848
2018-02-13,0.3838
2018-02-12,0.3829
2018-02-09,0.3805
2018-02-08,0.3861
2018-02-07,0.3883
2018-02-06,0.3862
2018-02-05,0.3934
2018-02-02,0.4006
2018-02-01,0.4044
2018-01-31,0.4059
2018-01-30,0.4081
2018-01-29,0.4115
2018-01-26,0.4095
2018-01-25,0.4091
2018-01-24,0.4116
2018-01-23,0.4122
2018-01-22,0.4101
2018-01-19,0.4081
2018-01-18,0.407
2018-01-17,0.4058
2018-01-16,0.4059
2018-01-15,0.4066
2018-01-12,0.4074
2018-01-11,0.4075
2018-01-10,0.4091
2018-01-09,0.4099
2018-01-08,0.4077
2018-01-05,0.405
2018-01-04,0.4025
2018-01-03,0.4004
2018-01-02,0.3976
2017-12-29,0.3981
2017-12-28,0.3988
2017-12-27,0.399
2017-12-22,0.3986
2017-12-21,0.3972
2017-12-20,0.3978
2017-12-19,0.399
2017-12-18,0.3985
2017-12-15,0.3959
2017-12-14,0.3971
2017-12-13,0.3982
2017-12-12,0.3972
2017-12-11,0.3972
2017-12-08,0.395
2017-12-07,0.3923
2017-12-06,0.3922
2017-12-05,0.3931
2017-12-04,0.3934
2017-12-01,0.3931
2017-11-30,0.3948
2017-11-29,0.3958
2017-11-28,0.3933
2017-11-27,0.3926
2017-11-24,0.395
2017-11-23,0.3964
2017-11-22,0.3981
2017-11-21,0.3965
2017-11-20,0.3933
2017-11-17,0.3921
2017-11-16,0.3904
2017-11-15,0.389
2017-11-14,0.3932
2017-11-13,0.3946
2017-11-10,0.3968
2017-11-09,0.3985
2017-11-08,0.3994
2017-11-07,0.3999
2017-11-06,0.398
2017-11-03,0.3965
2017-11-02,0.3964
2017-10-31,0.3953
2017-10-30,0.3957
2017-10-27,0.393
2017-10-26,0.3893
2017-10-25,0.3894
2017-10-24,0.3899
2017-10-23,0.3904
2017-10-20,0.3885
2017-10-19,0.389
2017-10-18,0.3905
2017-10-17,0.3905
2017-10-16,0.3897
2017-10-13,0.3885
2017-10-12,0.3881
2017-10-11,0.3883
2017-10-10,0.3876
2017-10-09,0.3878
2017-10-06,0.3883
2017-10-05,0.3873
2017-10-04,0.3869
2017-10-03,0.3864
2017-10-02,0.3843
2017-09-29,0.3827
2017-09-28,0.383
2017-09-27,0.3825
2017-09-26,0.3808
2017-09-25,0.3803
2017-09-22,0.3805
2017-09-21,0.3806
2017-09-20,0.3799
2017-09-19,0.3801
2017-09-18,0.3801
2017-09-15,0.3801
2017-09-14,0.3804
2017-09-13,0.3794
2017-09-12,0.3781
2017-09-11,0.3748
2017-09-08,0.3732
2017-09-07,0.374
2017-09-06,0.3738
2017-09-05,0.3748
2017-09-04,0.3757
2017-09-01,0.3759
2017-08-31,0.3741
2017-08-30,0.3692
2017-08-29,0.3689
2017-08-28,0.373
2017-08-25,0.3751
2017-08-24,0.3747
2017-08-23,0.3748
2017-08-22,0.3738
2017-08-21,0.3724
2017-08-18,0.3729
2017-08-17,0.3761
2017-08-16,0.3757
2017-08-14,0.3718
2017-08-11,0.3709
2017-08-10,0.3752
2017-08-09,0.377
2017-08-08,0.3777
2017-08-07,0.377
2017-08-04,0.3746
2017-08-03,0.3748
2017-08-02,0.3761
2017-08-01,0.3768
2017-07-31,0.3769
2017-07-28,0.3783
2017-07-27,0.3805
2017-07-26,0.3801
2017-07-25,0.38
2017-07-24,0.3797
2017-07-21,0.3809
2017-07-20,0.3839
2017-07-19,0.3817
2017-07-18,0.382
2017-07-17,0.3834
2017-07-14,0.3829
2017-07-13,0.3815
2017-07-12,0.3784
2017-07-11,0.377
2017-07-10,0.3759
2017-07-07,0.3748
2017-07-05,0.3781
2017-07-04,0.3773
2017-07-03,0.3769
2017-06-30,0.3756
2017-06-29,0.3773
2017-06-28,0.3789
2017-06-27,0.3823
2017-06-26,0.3839
2017-06-23,0.3831
2017-06-22,0.3831
2017-06-21,0.3833
2017-06-20,0.3842
2017-06-19,0.3831
2017-06-16,0.3817
2017-06-15,0.3809
2017-06-14,0.3823
2017-06-13,0.3822
2017-06-12,0.3818
2017-06-09,0.3835
2017-06-08,0.3821
2017-06-07,0.3811
2017-06-06,0.3815
2017-06-05,0.3824
2017-06-02,0.3821
2017-06-01,0.3802
2017-05-31,0.3799
2017-05-30,0.3815
2017-05-29,0.3815
2017-05-26,0.3809
2017-05-25,0.3796
2017-05-24,0.3792
2017-05-23,0.3781
2017-05-22,0.3778
2017-05-19,0.3769
2017-05-18,0.3776
2017-05-17,0.3815
2017-05-16,0.3855
2017-05-15,0.3868
2017-05-12,0.3871
2017-05-11,0.3871
2017-05-10,0.3864
2017-05-09,0.3849
2017-05-08,0.383
2017-05-05,0.382
2017-05-04,0.3824
2017-05-03,0.3824
2017-05-02,0.3819
2017-04-28,0.3813
2017-04-27,0.3817
2017-04-26,0.3813
2017-04-25,0.3805
2017-04-24,0.3805
2017-04-21,0.3788
2017-04-20,0.3773
2017-04-19,0.3775
2017-04-18,0.379
2017-04-14,0.3807
2017-04-13,0.381
2017-04-12,0.3817
2017-04-11,0.3819
2017-04-10,0.3821
2017-04-07,0.3813
2017-04-06,0.3809
2017-04-05,0.3818
2017-04-04,0.3811
2017-04-03,0.3811
2017-03-31,0.3798
2017-03-30,0.3795
2017-03-29,0.3771
2017-03-28,0.3746
2017-03-27,0.3742
2017-03-24,0.3758
2017-03-23,0.3755
2017-03-22,0.3747
2017-03-21,0.3784
2017-03-20,0.38
2017-03-17,0.3799
2017-03-16,0.3805
2017-03-15,0.3787
2017-03-14,0.3779
2017-03-13,0.3774
2017-03-10,0.377
2017-03-09,0.3773
2017-03-08,0.3785
2017-03-07,0.3783
2017-03-06,0.3788
2017-03-03,0.38
2017-03-02,0.382
2017-03-01,0.3795
2017-02-28,0.3776
2017-02-27,0.3783
2017-02-24,0.3792
2017-02-23,0.382
2017-02-22,0.3821
2017-02-21,0.3797
2017-02-20,0.3772
2017-02-17,0.3762
2017-02-15,0.3777
2017-02-14,0.3756
2017-02-13,0.3746
2017-02-10,0.3722
2017-02-09,0.3701
2017-02-08,0.3688
2017-02-07,0.3681
2017-02-06,0.3679
2017-02-03,0.3658
2017-02-02,0.3646
2017-02-01,0.3643
2017-01-31,0.365
2017-01-30,0.3669
2017-01-27,0.3679
2017-01-26,0.368
2017-01-25,0.3662
2017-01-24,0.3637
2017-01-23,0.3634
2017-01-20,0.3643
2017-01-19,0.3641
2017-01-18,0.3638
2017-01-17,0.3649
2017-01-16,0.3654
2017-01-13,0.3653
2017-01-12,0.3675
2017-01-11,0.3672
2017-01-10,0.366
2017-01-09,0.3658
2017-01-06,0.3662
2017-01-05,0.3665
2017-01-04,0.3669
2017-01-03,0.3635
2017-01-02,0.3611
2016-12-30,0.3617
2016-12-29,0.3627
2016-12-28,0.3633
2016-12-27,0.3625
2016-12-23,0.3619
2016-12-22,0.3627
2016-12-21,0.3645
2016-12-20,0.3641
2016-12-19,0.3634
2016-12-16,0.3641
2016-12-15,0.3616
2016-12-14,0.3613
2016-12-13,0.3611
2016-12-12,0.3613
2016-12-09,0.3605
2016-12-08,0.3574
2016-12-07,0.3534
2016-12-06,0.3517
2016-12-05,0.3513
2016-12-02,0.3519
2016-12-01,0.3542
2016-11-30,0.3545
2016-11-29,0.354
2016-11-28,0.3547
2016-11-25,0.3548
2016-11-24,0.3544
2016-11-23,0.3541
2016-11-22,0.3529
2016-11-21,0.3515
2016-11-18,0.3506
2016-11-17,0.3498
2016-11-16,0.3483
2016-11-15,0.3464
2016-11-14,0.3451
2016-11-11,0.3451
2016-11-10,0.3468
2016-11-09,0.3437
2016-11-08,0.3432
2016-11-07,0.3399
2016-11-04,0.3372
2016-11-03,0.3383
2016-11-02,0.3418
2016-10-31,0.3471
2016-10-28,0.3483
2016-10-27,0.3489
2016-10-26,0.3504
2016-10-25,0.3525
2016-10-24,0.3522
2016-10-21,0.3505
2016-10-20,0.35
2016-10-19,0.3488
2016-10-18,0.3465
2016-10-17,0.3455
2016-10-14,0.3455
2016-10-13,0.3445
2016-10-12,0.3461
2016-10-11,0.3466
2016-10-10,0.3472
2016-10-07,0.3463
2016-10-06,0.3469
2016-10-05,0.3464
2016-10-04,0.3468
2016-10-03,0.3456
2016-09-30,0.3446
2016-09-29,0.3457
2016-09-28,0.3452
2016-09-27,0.3436
2016-09-26,0.3438
2016-09-23,0.3473
2016-09-22,0.3478
2016-09-21,0.3445
2016-09-20,0.3433
2016-09-19,0.3427
2016-09-16,0.3405
2016-09-15,0.3395
2016-09-14,0.339
2016-09-13,0.3408
2016-09-12,0.3408
2016-09-09,0.3457
2016-09-08,0.3481
2016-09-07,0.349
2016-09-06,0.3487
2016-09-05,0.3476
2016-09-02,0.3456
2016-09-01,0.3444
2016-08-31,0.3452
2016-08-30,0.3455
2016-08-29,0.3432
2016-08-26,0.3422
2016-08-25,0.3422
2016-08-24,0.3434
2016-08-23,0.3433
2016-08-22,0.3425
2016-08-19,0.3427
2016-08-18,0.3438
2016-08-17,0.3431
2016-08-16,0.3454
2016-08-12,0.3467
2016-08-11,0.3457
2016-08-10,0.3465
2016-08-09,0.3469
2016-08-08,0.3452
2016-08-05,0.3437
2016-08-04,0.34
2016-08-03,0.3387
2016-08-02,0.3406
2016-08-01,0.343
2016-07-29,0.3422
2016-07-28,0.3437
2016-07-27,0.3448
2016-07-26,0.344
2016-07-25,0.3439
2016-07-22,0.3433
2016-07-21,0.3433
2016-07-20,0.3426
2016-07-19,0.3408
2016-07-18,0.3402
2016-07-15,0.3394
2016-07-14,0.339
2016-07-13,0.3381
2016-07-12,0.3372
2016-07-11,0.3353
2016-07-08,0.3311
2016-07-07,0.3287
2016-07-05,0.328
2016-07-04,0.3312
2016-07-01,0.3306
2016-06-30,0.3283
2016-06-29,0.3245
2016-06-28,0.3204
2016-06-27,0.3207
2016-06-23,0.3291
2016-06-22,0.329
2016-06-21,0.3276
2016-06-20,0.3258
2016-06-17,0.3235
2016-06-16,0.3227
2016-06-15,0.3238
2016-06-14,0.3234
2016-06-13,0.3251
2016-06-10,0.3291
2016-06-09,0.3318
2016-06-08,0.332
2016-06-07,0.3315
2016-06-06,0.3303
2016-06-03,0.3307
2016-06-02,0.3315
2016-06-01,0.3313
2016-05-31,0.3324
2016-05-30,0.3321
2016-05-27,0.3312
2016-05-26,0.33
2016-05-25,0.329
2016-05-24,0.3251
2016-05-23,0.3229
2016-05-20,0.3223
2016-05-19,0.3209
2016-05-18,0.3212
2016-05-17,0.3211
2016-05-16,0.3205
2016-05-13,0.3204
2016-05-12,0.3202
2016-05-11,0.3215
2016-05-10,0.3209
2016-05-09,0.3196
2016-05-06,0.3179
2016-05-05,0.3188
2016-05-04,0.318
2016-05-03,0.3218
2016-05-02,0.3245
2016-04-29,0.3267
2016-04-28,0.3298
2016-04-27,0.3304
2016-04-26,0.3304
2016-04-25,0.3313
2016-04-22,0.3316
2016-04-21,0.332
2016-04-20,0.331
2016-04-19,0.3305
2016-04-18,0.3293
2016-04-15,0.3298
2016-04-14,0.3297
2016-04-13,0.3247
2016-04-12,0.3211
2016-04-11,0.32
2016-04-08,0.3191
2016-04-07,0.3197
2016-04-06,0.3193
2016-04-05,0.3192
2016-04-04,0.3221
2016-04-01,0.3216
2016-03-31,0.3241
2016-03-30,0.3252
2016-03-29,0.3228
2016-03-25,0.3236
2016-03-24,0.3237
2016-03-23,0.3256
2016-03-22,0.3252
2016-03-21,0.3245
2016-03-18,0.3232
2016-03-17,0.3224
2016-03-16,0.3226
2016-03-15,0.3227
2016-03-14,0.3247
2016-03-10,0.3209
2016-03-09,0.3204
2016-03-08,0.3217
2016-03-07,0.3237
2016-03-04,0.3236
2016-03-03,0.3233
2016-03-02,0.3227
2016-03-01,0.3183
2016-02-29,0.3145
2016-02-26,0.3134
2016-02-25,0.31
2016-02-24,0.3085
2016-02-23,0.3122
2016-02-22,0.3111
2016-02-19,0.3084
2016-02-18,0.3097
2016-02-17,0.3062
2016-02-15,0.2996
2016-02-12,0.2936
2016-02-11,0.295
2016-02-10,0.2993
2016-02-09,0.2985
2016-02-08,0.3019
2016-02-05,0.3074
2016-02-04,0.3091
2016-02-03,0.3106
2016-02-02,0.3159
2016-02-01,0.3185
2016-01-29,0.3154
2016-01-28,0.3129
2016-01-27,0.3149
2016-01-26,0.3137
2016-01-25,0.316
2016-01-22,0.3138
2016-01-21,0.3079
2016-01-20,0.3072
2016-01-19,0.3125
2016-01-18,0.3103
2016-01-15,0.3129
2016-01-14,0.3182
2016-01-13,0.3221
2016-01-12,0.3209
2016-01-11,0.3199
2016-01-08,0.3237
2016-01-07,0.328
2016-01-06,0.3357
2016-01-05,0.337
2016-01-04,0.3372
2015-12-31,0.3424
2015-12-30,0.3428
2015-12-29,0.3425
2015-12-28,0.341
2015-12-23,0.3425
2015-12-22,0.3378
2015-12-21,0.3383
2015-12-18,0.3409
2015-12-17,0.343
2015-12-16,0.3387
2015-12-15,0.335
2015-12-14,0.332
2015-12-11,0.3362
2015-12-10,0.3397
2015-12-09,0.3414
2015-12-08,0.3452
2015-12-07,0.3483
2015-12-04,0.3478
2015-12-03,0.3529
2015-12-02,0.359
2015-12-01,0.3584
2015-11-30,0.3574
2015-11-27,0.3579
2015-11-26,0.3589
2015-11-25,0.3576
2015-11-24,0.356
2015-11-23,0.3569
2015-11-20,0.3561
2015-11-19,0.3548
2015-11-18,0.3531
2015-11-17,0.3517
2015-11-16,0.3471
2015-11-13,0.3485
2015-11-12,0.3524
2015-11-11,0.3542
2015-11-10,0.3537
2015-11-09,0.354
2015-11-06,0.355
2015-11-05,0.3541
2015-11-04,0.3527
2015-11-03,0.3502
2015-11-02,0.3477
2015-10-30,0.3479
2015-10-29,0.3474
2015-10-28,0.3459
2015-10-27,0.3464
2015-10-26,0.3473
2015-10-23,0.3438
2015-10-22,0.3367
2015-10-21,0.3348
2015-10-20,0.3358
2015-10-19,0.3363
2015-10-16,0.3344
2015-10-15,0.3317
2015-10-14,0.3291
2015-10-13,0.3317
2015-10-12,0.3333
2015-10-09,0.3337
2015-10-08,0.3321
2015-10-07,0.3319
2015-10-06,0.3295
2015-10-05,0.3283
2015-10-02,0.3228
2015-10-01,0.3215
2015-09-30,0.3193
2015-09-29,0.3159
2015-09-28,0.3206
2015-09-25,0.3224
2015-09-24,0.3215
2015-09-23,0.3262
2015-09-22,0.3279
2015-09-21,0.3288
2015-09-18,0.3291
2015-09-17,0.3326
2015-09-16,0.3308
2015-09-15,0.3273
2015-09-14,0.3268
2015-09-11,0.3278
2015-09-10,0.3296
2015-09-09,0.3316
2015-09-08,0.3274
2015-09-07,0.3251
2015-09-04,0.3264
2015-09-03,0.329
2015-09-02,0.3247
2015-09-01,0.3266
2015-08-31,0.3316
2015-08-28,0.3321
2015-08-27,0.3281
2015-08-26,0.3177
2015-08-25,0.318
2015-08-24,0.3164
2015-08-21,0.3342
2015-08-20,0.3431
2015-08-19,0.3492
2015-08-18,0.3518
2015-08-17,0.3504
2015-08-14,0.3505
2015-08-13,0.3503
2015-08-12,0.3499
2015-08-11,0.3579
2015-08-10,0.3605
2015-08-07,0.3604
2015-08-06,0.3624
2015-08-05,0.364
2015-08-04,0.3613
2015-08-03,0.3615
2015-07-31,0.3613
2015-07-30,0.3612
2015-07-29,0.3593
2015-07-28,0.3566
2015-07-27,0.3571
2015-07-24,0.3641
2015-07-23,0.3679
2015-07-22,0.3701
2015-07-21,0.3719
2015-07-20,0.3728
2015-07-17,0.3728
2015-07-16,0.3696
2015-07-15,0.3666
2015-07-14,0.3653
2015-07-13,0.3621
2015-07-10,0.3578
2015-07-09,0.3558
2015-07-08,0.3551
2015-07-07,0.3591
2015-07-03,0.3623
2015-07-02,0.3633
2015-07-01,0.3626
2015-06-30,0.3602
2015-06-29,0.3616
2015-06-26,0.3661
2015-06-25,0.3676
2015-06-23,0.3655
2015-06-22,0.3634
2015-06-19,0.3606
2015-06-18,0.3603
2015-06-17,0.3611
2015-06-16,0.3605
2015-06-15,0.3608
2015-06-12,0.3638
2015-06-11,0.3634
2015-06-10,0.3612
2015-06-09,0.3604
2015-06-08,0.3634
2015-06-05,0.3643
2015-06-04,0.3662
2015-06-03,0.37
2015-06-02,0.3724
2015-06-01,0.3757
2015-05-29,0.3769
2015-05-28,0.3795
2015-05-27,0.3794
2015-05-26,0.3793
2015-05-25,0.3765
2015-05-22,0.3767
2015-05-21,0.3751
2015-05-20,0.3741
2015-05-19,0.3713
2015-05-18,0.3673
2015-05-15,0.3656
2015-05-14,0.3671
2015-05-13,0.3661
2015-05-12,0.3674
2015-05-11,0.3702
2015-05-08,0.3663
2015-05-07,0.3623
2015-05-06,0.3658
2015-05-05,0.3698
2015-05-04,0.3708
2015-04-30,0.372
2015-04-29,0.377
2015-04-28,0.3819
2015-04-27,0.3846
2015-04-24,0.384
2015-04-23,0.3838
2015-04-22,0.384
2015-04-21,0.3831
2015-04-20,0.3802
2015-04-17,0.382
2015-04-16,0.387
2015-04-15,0.3874
2015-04-14,0.3866
2015-04-13,0.3896
2015-04-10,0.3857
2015-04-09,0.3808
2015-04-08,0.3777
2015-04-07,0.3749
2015-04-03,0.3715
2015-04-02,0.3726
2015-04-01,0.3726
2015-03-31,0.3725
2015-03-30,0.3708
2015-03-27,0.3664
2015-03-26,0.3654
2015-03-25,0.3688
2015-03-24,0.3724
2015-03-23,0.3739
2015-03-20,0.3755
2015-03-19,0.3779
2015-03-18,0.3749
2015-03-17,0.3747
2015-03-16,0.3743
2015-03-13,0.3731
2015-03-12,0.3724
2015-03-10,0.366
2015-03-09,0.367
2015-03-06,0.3682
2015-03-05,0.3655
2015-03-04,0.3641
2015-03-03,0.3634
2015-03-02,0.3634
2015-02-27,0.3622
2015-02-26,0.3618
2015-02-25,0.3599
2015-02-24,0.3594
2015-02-23,0.3587
2015-02-20,0.3563
2015-02-19,0.3559
2015-02-18,0.355
2015-02-17,0.3541
2015-02-13,0.3549
2015-02-12,0.3519
2015-02-11,0.3514
2015-02-10,0.3509
2015-02-09,0.3486
2015-02-06,0.3508
2015-02-05,0.349
2015-02-04,0.3495
2015-02-03,0.348
2015-02-02,0.3466
2015-01-30,0.3484
2015-01-29,0.3485
2015-01-28,0.3516
2015-01-27,0.3528
2015-01-26,0.3552
2015-01-23,0.3516
2015-01-22,0.3452
2015-01-21,0.3411
2015-01-20,0.3393
2015-01-19,0.3385
2015-01-16,0.3367
2015-01-15,0.3352
2015-01-14,0.3328
2015-01-13,0.335
2015-01-12,0.3335
2015-01-09,0.3348
2015-01-08,0.3344
2015-01-07,0.3293
2015-01-06,0.327
2015-01-05,0.3305
2015-01-02,0.3309
2014-12-31,0.3301089
2014-12-30,0.32915315
2014-12-29,0.32941381
2014-12-23,0.32773401
2014-12-22,0.32695204
2014-12-19,0.32515639
2014-12-18,0.32055144
2014-12-17,0.31307924
2014-12-16,0.31293443
2014-12-15,0.31597544
2014-12-12,0.31892956
2014-12-11,0.32312905
2014-12-10,0.32559082
2014-12-09,0.32680723
2014-12-08,0.32958758
2014-12-05,0.33057229
2014-12-04,0.32897938
2014-12-03,0.32796571
2014-12-02,0.32686515
2014-12-01,0.32672034
2014-11-28,0.32848703
2014-11-27,0.32909523
2014-11-26,0.32857391
2014-11-25,0.32874768
2014-11-24,0.3272127
2014-11-21,0.32535913
2014-11-20,0.32231812
2014-11-19,0.32304217
2014-11-18,0.32234708
2014-11-17,0.32295528
2014-11-14,0.32330283
2014-11-13,0.32341867
2014-11-12,0.32382414
2014-11-11,0.32344764
2014-11-10,0.3238531
2014-11-07,0.32159407
2014-11-06,0.32162303
2014-11-05,0.32115964
2014-11-04,0.32113068
2014-11-03,0.32173888
2014-10-31,0.32081209
2014-10-30,0.31484592
2014-10-29,0.31357159
2014-10-28,0.31174699
2014-10-27,0.31116775
2014-10-24,0.31151529
2014-10-23,0.30974861
2014-10-22,0.30870598
2014-10-21,0.30641798
2014-10-20,0.30300046
2014-10-17,0.3009152
2014-10-16,0.29987257
2014-10-15,0.30187095
2014-10-14,0.30418791
2014-10-13,0.30514365
2014-10-10,0.30789504
2014-10-09,0.31348471
2014-10-08,0.31168906
2014-10-07,0.3156279
2014-10-06,0.31583063
2014-10-03,0.31429564
2014-10-02,0.31302132
2014-10-01,0.31542516
2014-09-30,0.31687326
2014-09-29,0.31626506
2014-09-26,0.31629402
2014-09-25,0.31693119
2014-09-24,0.31687326
2014-09-23,0.31655468
2014-09-22,0.3189006
2014-09-19,0.32101483
2014-09-18,0.31927711
2014-09-17,0.31846617
2014-09-16,0.3168443
2014-09-15,0.31762627
2014-09-12,0.31956673
2014-09-11,0.31962465
2014-09-10,0.32017493
2014-09-09,0.32156511
2014-09-08,0.32237604
2014-09-05,0.32014597
2014-09-04,0.32052247
2014-09-03,0.31910334
2014-09-02,0.31791589
2014-09-01,0.31751043
2014-08-29,0.31597544
2014-08-28,0.31606233
2014-08-27,0.31652572
2014-08-26,0.31580167
2014-08-25,0.31397706
2014-08-22,0.31316613
2014-08-21,0.31203661
2014-08-20,0.31142841
2014-08-19,0.31041474
2014-08-18,0.30867702
2014-08-14,0.30664968
2014-08-13,0.3054912
2014-08-12,0.30418791
2014-08-11,0.30329008
2014-08-08,0.30077039
2014-08-07,0.30253707
2014-08-06,0.30271084
2014-08-05,0.3044196
2014-08-04,0.30398517
2014-08-01,0.30340593
2014-07-31,0.30667864
2014-07-30,0.30919833
2014-07-29,0.30867702
2014-07-28,0.30818466
2014-07-25,0.30893767
2014-07-24,0.30980653
2014-07-23,0.30887975
2014-07-22,0.30719995
2014-07-21,0.30523054
2014-07-18,0.30468026
2014-07-17,0.30517261
2014-07-16,0.30552016
2014-07-15,0.30450649
2014-07-14,0.30412998
2014-07-11,0.30268188
2014-07-10,0.3029715
2014-07-09,0.3038114
2014-07-08,0.30523054
2014-07-07,0.3073158
2014-07-04,0.30772127
2014-07-03,0.30664968
2014-07-02,0.30552016
2014-07-01,0.30410102
2014-06-30,0.30282669
2014-06-27,0.30233434
2014-06-26,0.30227641
2014-06-25,0.30155236
2014-06-23,0.30271084
2014-06-20,0.30302943
2014-06-19,0.30363763
2014-06-18,0.30224745
2014-06-17,0.30247915
2014-06-16,0.30198679
2014-06-13,0.30221849
2014-06-12,0.30355074
2014-06-11,0.30343489
2014-06-10,0.30288462
2014-06-09,0.30126274
2014-06-06,0.3011469
2014-06-05,0.29981464
2014-06-04,0.2986272
2014-06-03,0.29833758
2014-06-02,0.29848239
2014-05-30,0.29854032
2014-05-29,0.29799004
2014-05-28,0.29770042
2014-05-27,0.29726599
2014-05-26,0.29648401
2014-05-23,0.29570204
2014-05-22,0.29410913
2014-05-21,0.29216867
2014-05-20,0.2916184
2014-05-19,0.29153151
2014-05-16,0.29063369
2014-05-15,0.2913867
2014-05-14,0.29237141
2014-05-13,0.29170528
2014-05-12,0.2897069
2014-05-09,0.28678174
2014-05-08,0.28626043
2014-05-07,0.28524676
2014-05-06,0.28686863
2014-05-05,0.28759268
2014-05-02,0.28808503
2014-04-30,0.28637627
2014-04-29,0.28655005
2014-04-28,0.28544949
2014-04-25,0.28689759
2014-04-24,0.28880908
2014-04-23,0.28918559
2014-04-22,0.28935936
2014-04-18,0.28669486
2014-04-17,0.28675278
2014-04-16,0.28542053
2014-04-15,0.28397243
2014-04-14,0.2839145
2014-04-11,0.2849861
2014-04-10,0.28898285
2014-04-09,0.28979379
2014-04-08,0.28840361
2014-04-07,0.28944625
2014-04-04,0.2913867
2014-04-03,0.29208179
2014-04-02,0.29234245
2014-04-01,0.29121293
2014-03-31,0.28906974
2014-03-28,0.28779541
2014-03-27,0.28550741
2014-03-26,0.28588392
2014-03-25,0.28455167
2014-03-24,0.28420412
2014-03-21,0.28542053
2014-03-20,0.28443582
2014-03-19,0.28542053
2014-03-18,0.28489921
2014-03-17,0.28321942
2014-03-14,0.28165547
2014-03-13,0.28446478
2014-03-12,0.28527572
2014-03-10,0.29234245
2014-03-07,0.29083642
2014-03-06,0.29153151
2014-03-05,0.29060473
2014-03-04,0.28915663
2014-03-03,0.28738994
2014-02-28,0.29101019
2014-02-27,0.28964898
2014-02-26,0.28953313
2014-02-25,0.28918559
2014-02-24,0.28898285
2014-02-21,0.2884905
2014-02-20,0.28666589
2014-02-19,0.28779541
2014-02-18,0.28796918
2014-02-17,0.28794022
2014-02-14,0.28738994
2014-02-13,0.28594184
2014-02-12,0.28623146
2014-02-11,0.28423309
2014-02-10,0.28307461
2014-02-07,0.28237952
2014-02-06,0.28020737
2014-02-05,0.27861446
2014-02-04,0.27907785
2014-02-03,0.2810183
2014-01-31,0.28200301
2014-01-30,0.28162651
2014-01-29,0.28145273
2014-01-28,0.28090246
2014-01-27,0.28038114
2014-01-24,0.28539157
2014-01-23,0.29014133
2014-01-22,0.29190802
2014-01-21,0.29135774
2014-01-20,0.29040199
2014-01-17,0.29074954
2014-01-16,0.29025718
2014-01-15,0.28967794
2014-01-14,0.28773749
2014-01-13,0.28904078
2014-01-10,0.2882588
2014-01-09,0.28854842
2014-01-08,0.28906974
2014-01-07,0.28834569
2014-01-06,0.28741891
2014-01-03,0.28779541
2014-01-02,0.2878823
2013-12-31,0.28883804
2013-12-30,0.28820088
2013-12-27,0.28828777
2013-12-23,0.2876506
2013-12-20,0.28565222
2013-12-19,0.28411724
2013-12-18,0.2818582
2013-12-17,0.28159754
2013-12-16,0.2814817
2013-12-13,0.28046803
2013-12-12,0.28113415
2013-12-11,0.283538
2013-12-10,0.28515987
2013-12-09,0.28594184
2013-12-06,0.28513091
2013-12-05,0.28527572
2013-12-04,0.28649212
2013-12-03,0.28733202
2013-12-02,0.28924351
2013-11-29,0.28941728
2013-11-28,0.2890987
2013-11-27,0.28883804
2013-11-26,0.28814296
2013-11-25,0.28950417
2013-11-22,0.28906974
2013-11-21,0.28744787
2013-11-20,0.2882588
2013-11-19,0.28915663
2013-11-18,0.29037303
2013-11-15,0.28892493
2013-11-14,0.2876506
2013-11-13,0.28599977
2013-11-12,0.28698448
2013-11-11,0.28712929
2013-11-08,0.28573911
2013-11-07,0.28733202
2013-11-06,0.2878823
2013-11-05,0.28808503
2013-11-04,0.28623146
2013-10-31,0.28576807
2013-10-30,0.28597081
2013-10-29,0.28469648
2013-10-28,0.28405931
2013-10-25,0.2841462
2013-10-24,0.28452271
2013-10-23,0.28547845
2013-10-22,0.28640524
2013-10-21,0.28599977
2013-10-18,0.28614458
2013-10-17,0.28466752
2013-10-16,0.28333526
2013-10-15,0.28333526
2013-10-14,0.28171339
2013-10-11,0.28177132
2013-10-10,0.27887512
2013-10-09,0.27632646
2013-10-08,0.27791937
2013-10-07,0.27838276
2013-10-04,0.27893304
2013-10-03,0.27985982
2013-10-02,0.2791937
2013-10-01,0.27962813
2013-09-30,0.27873031
2013-09-27,0.28000463
2013-09-26,0.28069972
2013-09-25,0.28043906
2013-09-24,0.28043906
2013-09-23,0.28061284
2013-09-20,0.28197405
2013-09-19,0.28423309
2013-09-18,0.28159754
2013-09-17,0.28023633
2013-09-16,0.28116311
2013-09-13,0.27922266
2013-09-12,0.27997567
2013-09-11,0.27985982
2013-09-10,0.27959917
2013-09-09,0.27731117
2013-09-06,0.27537071
2013-09-05,0.27447289
2013-09-04,0.27296687
2013-09-03,0.27204008
2013-09-02,0.27166358
2013-08-30,0.26972312
2013-08-29,0.26839087
2013-08-28,0.26630561
2013-08-23,0.27151877
2013-08-22,0.26923077
2013-08-21,0.27012859
2013-08-20,0.27082368
2013-08-19,0.27334337
2013-08-16,0.27542864
2013-08-14,0.27791937
2013-08-13,0.27742702
2013-08-12,0.27563137
2013-08-09,0.27528383
2013-08-08,0.27487836
2013-08-07,0.27453082
2013-08-06,0.27597892
2013-08-05,0.27760079
2013-08-02,0.27644231
2013-08-01,0.2754576
2013-07-31,0.27383573
2013-07-30,0.27427016
2013-07-29,0.27438601
2013-07-26,0.2754576
2013-07-25,0.27531279
2013-07-24,0.27626854
2013-07-23,0.27638438
2013-07-22,0.27548656
2013-07-19,0.27537071
2013-07-18,0.27577618
2013-07-17,0.27508109
2013-07-16,0.27531279
2013-07-15,0.27551552
2013-07-12,0.27487836
2013-07-11,0.27574722
2013-07-10,0.27308272
2013-07-09,0.27305375
2013-07-08,0.27091057
2013-07-05,0.27024444
2013-07-04,0.26957831
2013-07-03,0.26702966
2013-07-02,0.2696652
2013-07-01,0.26908596
2013-06-28,0.26839087
2013-06-27,0.26671108
2013-06-26,0.26361214
2013-06-25,0.259905
2013-06-21,0.26245366
2013-06-20,0.26439411
2013-06-19,0.26957831
2013-06-18,0.26969416
2013-06-17,0.26954935
2013-06-14,0.26836191
2013-06-13,0.26688485
2013-06-12,0.26957831
2013-06-11,0.27105538
2013-06-10,0.27282206
2013-06-07,0.27325649
2013-06-06,0.27311168
2013-06-05,0.27580514
2013-06-04,0.2783538
2013-06-03,0.2775139
2013-05-31,0.28116311
2013-05-30,0.28264018
2013-05-29,0.28321942
2013-05-28,0.28495714
2013-05-24,0.283538
2013-05-23,0.283538
2013-05-22,0.28811399
2013-05-21,0.28799815
2013-05-20,0.28710032
2013-05-17,0.28686863
2013-05-16,0.2864342
2013-05-15,0.28533364
2013-05-14,0.28359592
2013-05-13,0.2824664
2013-05-10,0.28165547
2013-05-09,0.2810183
2013-05-08,0.28096038
2013-05-07,0.27974398
2013-05-06,0.27855653
2013-05-03,0.27705051
2013-05-02,0.27621061
2013-04-30,0.27615269
2013-04-29,0.27539968
2013-04-26,0.27490732
2013-04-25,0.27548656
2013-04-24,0.27366196
2013-04-23,0.27166358
2013-04-22,0.27030236
2013-04-19,0.26928869
2013-04-18,0.26763786
2013-04-17,0.2698969
2013-04-16,0.27004171
2013-04-15,0.27180839
2013-04-12,0.27363299
2013-04-11,0.27392261
2013-04-10,0.27244555
2013-04-09,0.27047614
2013-04-08,0.27067887
2013-04-05,0.27160565
2013-04-04,0.27470459
2013-04-03,0.27600788
2013-04-02,0.27693466
2013-03-29,0.27658712
2013-03-28,0.27635542
2013-03-27,0.27574722
2013-03-26,0.27360403
2013-03-25,0.27415431
2013-03-22,0.2727931
2013-03-21,0.27427016
2013-03-20,0.27366196
2013-03-19,0.27403846
2013-03-18,0.27331441
2013-03-15,0.27502317
2013-03-14,0.27421223
2013-03-13,0.27455978
2013-03-12,0.2742412
2013-03-08,0.2752259
2013-03-07,0.27343026
2013-03-06,0.27395158
2013-03-05,0.2725614
2013-03-04,0.26995482
2013-03-01,0.26978105
2013-02-28,0.26992586
2013-02-27,0.26815918
2013-02-26,0.26590014
2013-02-25,0.26801437
2013-02-22,0.26662419
2013-02-21,0.26517609
2013-02-20,0.26813021
2013-02-19,0.2670007
2013-02-18,0.2661608
2013-02-15,0.2665373
2013-02-14,0.26566844
2013-02-13,0.26572637
2013-02-12,0.26485751
2013-02-11,0.26482854
2013-02-08,0.26384384
2013-02-07,0.26259847
2013-02-06,0.26309082
2013-02-05,0.26132414
2013-02-04,0.26227989
2013-02-01,0.26236677
2013-01-31,0.26274328
2013-01-30,0.26422034
2013-01-29,0.26410449
2013-01-28,0.26416242
2013-01-25,0.26485751
2013-01-24,0.26506024
2013-01-23,0.26511816
2013-01-22,0.26474166
2013-01-21,0.26453892
2013-01-18,0.26477062
2013-01-17,0.26367006
2013-01-16,0.2630329
2013-01-15,0.26291705
2013-01-14,0.26390176
2013-01-11,0.26534986
2013-01-10,0.26647938
2013-01-09,0.26584222
2013-01-08,0.26587118
2013-01-07,0.2670007
2013-01-04,0.26607391
2013-01-03,0.26488647
2013-01-02,0.26288809
2012-12-31,0.25819625
2012-12-28,0.25831209
2012-12-27,0.25819625
2012-12-21,0.25883341
2012-12-20,0.25970227
2012-12-19,0.2603684
2012-12-18,0.25915199
2012-12-17,0.25834106
2012-12-14,0.25894926
2012-12-13,0.2603684
2012-12-12,0.26138207
2012-12-11,0.26115037
2012-12-10,0.26028151
2012-12-07,0.25813832
2012-12-06,0.25741427
2012-12-05,0.2566323
2012-12-04,0.25660334
2012-12-03,0.25726946
2012-11-30,0.2578487
2012-11-29,0.25750116
2012-11-28,0.25503939
2012-11-27,0.25590825
2012-11-26,0.25585032
2012-11-23,0.25573448
2012-11-22,0.25570551
2012-11-21,0.25486562
2012-11-20,0.25451807
2012-11-19,0.25301205
2012-11-16,0.25170876
2012-11-15,0.25208526
2012-11-14,0.25492354
2012-11-13,0.25532901
2012-11-12,0.25553174
2012-11-09,0.25558967
2012-11-08,0.25593721
2012-11-07,0.25880445
2012-11-06,0.25897822
2012-11-05,0.25744323
2012-11-02,0.2574722
2012-10-31,0.25538693
2012-10-30,0.2555607
2012-10-29,0.25503939
2012-10-26,0.25472081
2012-10-25,0.25506835
2012-10-24,0.25446015
2012-10-23,0.25492354
2012-10-22,0.25619787
2012-10-19,0.25712465
2012-10-18,0.25825417
2012-10-17,0.25842794
2012-10-16,0.25813832
2012-10-15,0.25683503
2012-10-12,0.25753012
2012-10-11,0.25758804
2012-10-10,0.2566323
2012-10-09,0.25787766
2012-10-08,0.25834106
2012-10-05,0.2601367
2012-10-04,0.25944161
2012-10-03,0.25947057
2012-10-02,0.259905
2012-10-01,0.2589203
2012-09-28,0.25877549
2012-09-27,0.25834106
2012-09-26,0.25805144
2012-09-25,0.25967331
2012-09-24,0.25932576
2012-09-21,0.25993397
2012-09-20,0.25865964
2012-09-19,0.25865964
2012-09-18,0.25813832
2012-09-17,0.25932576
2012-09-14,0.25999189
2012-09-13,0.25758804
2012-09-12,0.25813832
2012-09-11,0.25744323
2012-09-10,0.25871756
2012-09-07,0.25857275
2012-09-06,0.25721154
2012-09-05,0.25535797
2012-09-04,0.25596617
2012-09-03,0.2570088
2012-08-31,0.25582136
2012-08-30,0.25587929
2012-08-29,0.25715361
2012-08-28,0.25729842
2012-08-27,0.25741427
2012-08-24,0.25709569
2012-08-23,0.25857275
2012-08-22,0.25961538
2012-08-21,0.26071594
2012-08-20,0.26045528
2012-08-17,0.26129518
2012-08-16,0.25967331
2012-08-14,0.26007878
2012-08-13,0.25973123
2012-08-10,0.25920992
2012-08-09,0.25923888
2012-08-08,0.25816728
2012-08-07,0.25787766
2012-08-06,0.25842794
2012-08-03,0.25613994
2012-08-02,0.25498146
2012-08-01,0.2560241
2012-07-31,0.25660334
2012-07-30,0.25619787
2012-07-27,0.25443119
2012-07-26,0.25278035
2012-07-25,0.25150602
2012-07-24,0.2526645
2012-07-23,0.25182461
2012-07-20,0.25477873
2012-07-19,0.25524212
2012-07-18,0.25341752
2012-07-17,0.25321478
2012-07-16,0.25324374
2012-07-13,0.25182461
2012-07-12,0.25040547
2012-07-11,0.25153499
2012-07-10,0.25231696
2012-07-09,0.2502317
2012-07-05,0.25202734
2012-07-04,0.25170876
2012-07-03,0.25055028
2012-07-02,0.24881256
2012-06-29,0.24698795
2012-06-28,0.24455514
2012-06-27,0.24469995
2012-06-26,0.24351251
2012-06-25,0.24388902
2012-06-22,0.24409175
2012-06-21,0.24603221
2012-06-20,0.24736446
2012-06-19,0.24562674
2012-06-18,0.24469995
2012-06-15,0.24377317
2012-06-14,0.2427595
2012-06-13,0.24377317
2012-06-12,0.24246988
2012-06-11,0.24435241
2012-06-08,0.24287535
2012-06-07,0.24383109
2012-06-06,0.24165894
2012-06-05,0.2398633
2012-06-04,0.24018188
2012-06-01,0.24220922
2012-05-31,0.24386006
2012-05-30,0.24438137
2012-05-29,0.24441033
2012-05-28,0.24351251
2012-05-25,0.24322289
2012-05-24,0.24244092
2012-05-23,0.24134036
2012-05-22,0.24267261
2012-05-21,0.2413114
2012-05-18,0.24145621
2012-05-17,0.24429449
2012-05-16,0.24394694
2012-05-15,0.24568466
2012-05-14,0.24620598
2012-05-11,0.24768304
2012-05-10,0.24739342
2012-05-09,0.24745134
2012-05-08,0.24849398
2012-05-07,0.24884152
2012-05-04,0.25017377
2012-05-03,0.25176668
2012-05-02,0.25162187
2012-04-30,0.25185357
2012-04-27,0.25112952
2012-04-26,0.25031858
2012-04-25,0.24965246
2012-04-24,0.24846501
2012-04-23,0.24907322
2012-04-20,0.25127433
2012-04-19,0.25196942
2012-04-18,0.25208526
2012-04-17,0.25159291
2012-04-16,0.25005792
2012-04-13,0.25127433
2012-04-12,0.25055028
2012-04-11,0.24953661
2012-04-10,0.25147706
2012-04-06,0.25269347
2012-04-05,0.25234592
2012-04-04,0.25231696
2012-04-03,0.25408364
2012-04-02,0.25286724
2012-03-30,0.25223007
2012-03-29,0.25162187
2012-03-28,0.25298309
2012-03-27,0.254576
2012-03-26,0.25304101
2012-03-23,0.25211423
2012-03-22,0.25257762
2012-03-21,0.25376506
2012-03-20,0.25443119
2012-03-19,0.25582136
2012-03-16,0.25616891
2012-03-15,0.25590825
2012-03-14,0.25515524
2012-03-13,0.25344648
2012-03-12,0.25147706
2012-03-09,0.25185357
2012-03-08,0.25052132
2012-03-07,0.24820436
2012-03-06,0.24895737
2012-03-05,0.25118744
2012-03-02,0.25211423
2012-03-01,0.25002896
2012-02-29,0.25028962
2012-02-28,0.2491601
2012-02-27,0.24858086
2012-02-24,0.25008689
2012-02-23,0.2497683
2012-02-22,0.25037651
2012-02-21,0.25139018
2012-02-20,0.25199838
2012-02-17,0.25127433
2012-02-15,0.25046339
2012-02-14,0.24866775
2012-02-13,0.2483202
2012-02-10,0.24759615
2012-02-09,0.24869671
2012-02-08,0.24930491
2012-02-07,0.24872567
2012-02-06,0.24872567
2012-02-03,0.24756719
2012-02-02,0.24704588
2012-02-01,0.24435241
2012-01-31,0.24333874
2012-01-30,0.24302016
2012-01-27,0.24394694
2012-01-26,0.24423656
2012-01-25,0.24325185
2012-01-24,0.24357044
2012-01-23,0.24377317
2012-01-20,0.2439759
2012-01-19,0.24371525
2012-01-18,0.24249884
2012-01-17,0.2425278
2012-01-16,0.24012396
2012-01-13,0.24105074
2012-01-12,0.24067424
2012-01-11,0.24050046
2012-01-10,0.23983434
2012-01-09,0.23777804
2012-01-06,0.23714087
2012-01-05,0.23664852
2012-01-04,0.23685125
2012-01-03,0.23609824
2012-01-02,0.23444741
2011-12-30,0.23334685
2011-12-29,0.23224629
2011-12-28,0.23230422
2011-12-27,0.23305723
2011-12-23,0.23273865
2011-12-22,0.23131951
2011-12-21,0.23071131
2011-12-20,0.22920528
2011-12-19,0.22798888
2011-12-16,0.22894462
2011-12-15,0.22833642
2011-12-14,0.22859708
2011-12-13,0.23036376
2011-12-12,0.23079819
2011-12-09,0.23149328
2011-12-08,0.23259384
2011-12-07,0.23459222
2011-12-06,0.23438948
2011-12-05,0.2346791
2011-12-02,0.23372335
2011-12-01,0.23308619
2011-11-30,0.22975556
2011-11-29,0.22668559
2011-11-28,0.2243107
2011-11-25,0.22092215
2011-11-24,0.22135658
2011-11-23,0.22213855
2011-11-22,0.22422382
2011-11-21,0.22636701
2011-11-18,0.23027688
2011-11-17,0.23276761
2011-11-16,0.23479495
2011-11-15,0.23456325
2011-11-14,0.23583758
2011-11-11,0.23560589
2011-11-10,0.233231
2011-11-09,0.23549004
2011-11-08,0.23711191
2011-11-07,0.23604032
2011-11-05,0.23632994
2011-11-04,0.2367354
2011-11-03,0.23537419
2011-11-02,0.23268072
2011-10-28,0.23908133
2011-10-27,0.23769115
2011-10-26,0.23340477
2011-10-25,0.23392609
2011-10-24,0.23372335
2011-10-21,0.23079819
2011-10-20,0.22914736
2011-10-19,0.23146432
2011-10-18,0.2297266
2011-10-17,0.23207252
2011-10-14,0.23140639
2011-10-13,0.23105885
2011-10-12,0.23050857
2011-10-11,0.22885774
2011-10-10,0.22706209
2011-10-07,0.22570088
2011-10-06,0.22364458
2011-10-05,0.21970575
2011-10-04,0.21718605
2011-10-03,0.22124073
2011-09-30,0.22361562
2011-09-29,0.22572984
2011-09-28,0.22671455
2011-09-27,0.22697521
2011-09-26,0.22158828
2011-09-23,0.22129866
2011-09-22,0.22361562
2011-09-21,0.23091404
2011-09-20,0.23169601
2011-09-19,0.23045065
2011-09-16,0.23325996
2011-09-15,0.23140639
2011-09-14,0.22923424
2011-09-13,0.22885774
2011-09-12,0.22758341
2011-09-09,0.23068234
2011-09-08,0.2323911
2011-09-07,0.2305665
2011-09-06,0.22717794
2011-09-05,0.22810473
2011-09-02,0.23198563
2011-09-01,0.23430259
2011-08-31,0.23305723
2011-08-30,0.22992933
2011-08-29,0.22822057
2011-08-26,0.2251506
2011-08-25,0.22677247
2011-08-24,0.22654078
2011-08-23,0.22474513
2011-08-22,0.22358665
2011-08-19,0.22376043
2011-08-18,0.22833642
2011-08-17,0.23291242
2011-08-16,0.23288346
2011-08-12,0.23160913
2011-08-11,0.2268304
2011-08-10,0.22790199
2011-08-09,0.22674351
2011-08-08,0.23114574
2011-08-05,0.23656163
2011-08-04,0.24307808
2011-08-03,0.2471038
2011-08-02,0.25028962
2011-08-01,0.25393883
2011-07-29,0.25388091
2011-07-28,0.25425741
2011-07-27,0.25567655
2011-07-26,0.25715361
2011-07-25,0.25738531
2011-07-22,0.25779078
2011-07-21,0.25648749
2011-07-20,0.25637164
2011-07-19,0.25503939
2011-07-18,0.25431534
2011-07-15,0.25541589
2011-07-14,0.25657437
2011-07-13,0.25738531
2011-07-12,0.25599513
2011-07-11,0.25779078
2011-07-08,0.25970227
2011-07-07,0.25926784
2011-07-05,0.25790663
2011-07-04,0.25755908
2011-07-01,0.2560241
2011-06-30,0.25503939
2011-06-29,0.25362025
2011-06-28,0.25162187
2011-06-27,0.25043443
2011-06-23,0.25104263
2011-06-22,0.2520563
2011-06-21,0.25211423
2011-06-20,0.25063716
2011-06-17,0.25147706
2011-06-16,0.2512164
2011-06-15,0.25295412
2011-06-14,0.25359129
2011-06-13,0.25272243
2011-06-10,0.25251969
2011-06-09,0.25240385
2011-06-08,0.25217215
2011-06-07,0.2535044
2011-06-06,0.25474977
2011-06-03,0.25611098
2011-06-02,0.25825417
2011-06-01,0.2595285
2011-05-31,0.26007878
2011-05-30,0.25877549
2011-05-27,0.25886237
2011-05-26,0.25828313
2011-05-25,0.25732739
2011-05-24,0.25770389
2011-05-23,0.25671918
2011-05-20,0.25958642
2011-05-19,0.25961538
2011-05-18,0.2589203
2011-05-17,0.2586886
2011-05-16,0.25938369
2011-05-13,0.26109245
2011-05-12,0.26019462
2011-05-11,0.262193
2011-05-10,0.26120829
2011-05-09,0.25949954
2011-05-06,0.25764597
2011-05-05,0.25645853
2011-05-04,0.25796455
2011-05-03,0.25947057
2011-05-02,0.26077386
2011-04-29,0.26022359
2011-04-28,0.26060009
2011-04-27,0.26080283
2011-04-26,0.26048424
2011-04-22,0.25987604
2011-04-21,0.26071594
2011-04-20,0.26016566
2011-04-19,0.2572405
2011-04-18,0.2570088
2011-04-15,0.25819625
2011-04-14,0.25790663
2011-04-13,0.25857275
2011-04-12,0.25796455
2011-04-11,0.26057113
2011-04-08,0.2615848
2011-04-07,0.26167169
2011-04-06,0.26225093
2011-04-05,0.26175857
2011-04-04,0.26175857
2011-04-01,0.26060009
2011-03-31,0.25926784
2011-03-30,0.25897822
2011-03-29,0.25703777
2011-03-28,0.25669022
2011-03-25,0.25721154
2011-03-24,0.2557924
2011-03-23,0.25356233
2011-03-22,0.25338855
2011-03-21,0.25318582
2011-03-18,0.25124537
2011-03-17,0.25002896
2011-03-16,0.25043443
2011-03-15,0.25043443
2011-03-14,0.25509731
2011-03-10,0.25732739
2011-03-09,0.25932576
2011-03-08,0.25865964
2011-03-07,0.25874652
2011-03-04,0.25958642
2011-03-03,0.25935473
2011-03-02,0.25825417
2011-03-01,0.26004981
2011-02-28,0.25918095
2011-02-25,0.25831209
2011-02-24,0.25680607
2011-02-23,0.25906511
2011-02-22,0.26057113
2011-02-21,0.26268536
2011-02-19,0.2638728
2011-02-18,0.26398865
2011-02-17,0.26378591
2011-02-15,0.26300394
2011-02-14,0.2628012
2011-02-11,0.26057113
2011-02-10,0.26002085
2011-02-09,0.26141103
2011-02-08,0.2628012
2011-02-07,0.26262743
2011-02-04,0.26103452
2011-02-03,0.26039736
2011-02-02,0.26039736
2011-02-01,0.26007878
2011-01-31,0.25837002
2011-01-28,0.26007878
2011-01-27,0.26103452
2011-01-26,0.2607449
2011-01-25,0.26025255
2011-01-24,0.26039736
2011-01-21,0.26143999
2011-01-20,0.2618165
2011-01-19,0.26503128
2011-01-18,0.26575533
2011-01-17,0.26485751
2011-01-14,0.26584222
2011-01-13,0.26749305
2011-01-12,0.2682171
2011-01-11,0.26691381
2011-01-10,0.26517609
2011-01-07,0.26584222
2011-01-06,0.26569741
2011-01-05,0.26433619
2011-01-04,0.264481
2011-01-03,0.26369903
2010-12-31,0.26262743
2010-12-30,0.26372799
2010-12-29,0.26378591
2010-12-28,0.26311979
2010-12-27,0.26323563
2010-12-23,0.26407553
2010-12-22,0.26343837
2010-12-21,0.26265639
2010-12-20,0.26054217
2010-12-17,0.26045528
2010-12-16,0.25967331
2010-12-15,0.25944161
2010-12-14,0.26126622
2010-12-13,0.2609766
2010-12-10,0.26031047
2010-12-09,0.26054217
2010-12-08,0.26016566
2010-12-07,0.26051321
2010-12-06,0.26022359
2010-12-03,0.259905
2010-12-02,0.25961538
2010-12-01,0.25753012
2010-11-30,0.25489458
2010-11-29,0.25558967
2010-11-26,0.2557924
2010-11-25,0.25631372
2010-11-24,0.25437326
2010-11-23,0.25341752
2010-11-22,0.2555607
2010-11-19,0.25585032
2010-11-18,0.25570551
2010-11-17,0.2535044
2010-11-16,0.25503939
2010-11-15,0.25645853
2010-11-12,0.25631372
2010-11-11,0.25761701
2010-11-10,0.25761701
2010-11-09,0.25750116
2010-11-08,0.2560241
2010-11-05,0.25544486
2010-11-04,0.25463392
2010-11-03,0.25385195
2010-11-02,0.25359129
2010-10-29,0.25211423
2010-10-28,0.25220111
2010-10-27,0.2514481
2010-10-26,0.25156395
2010-10-25,0.25231696
2010-10-22,0.2512164
2010-10-21,0.25196942
2010-10-20,0.25046339
2010-10-19,0.2512164
2010-10-18,0.25049235
2010-10-15,0.25063716
2010-10-14,0.25147706
2010-10-13,0.25118744
2010-10-12,0.24892841
2010-10-11,0.24921803
2010-10-08,0.24759615
2010-10-07,0.24849398
2010-10-06,0.24950765
2010-10-05,0.24762512
2010-10-04,0.24791474
2010-10-01,0.24803058
2010-09-30,0.24800162
2010-09-29,0.24860982
2010-09-28,0.2479437
2010-09-27,0.2491601
2010-09-24,0.24756719
2010-09-23,0.24716172
2010-09-22,0.24918906
2010-09-21,0.2502317
2010-09-20,0.24924699
2010-09-17,0.24904425
2010-09-16,0.24875463
2010-09-15,0.25020273
2010-09-14,0.25075301
2010-09-13,0.25081094
2010-09-10,0.24950765
2010-09-09,0.24887048
2010-09-08,0.2471038
2010-09-07,0.2464956
2010-09-06,0.2471038
2010-09-03,0.24580051
2010-09-02,0.24525023
2010-09-01,0.24348355
2010-08-31,0.24122451
2010-08-30,0.24229611
2010-08-27,0.24044254
2010-08-26,0.24105074
2010-08-25,0.2407032
2010-08-24,0.24203545
2010-08-23,0.24307808
2010-08-20,0.24278846
2010-08-19,0.24432345
2010-08-18,0.24435241
2010-08-17,0.2435994
2010-08-16,0.24229611
2010-08-13,0.24232507
2010-08-12,0.24081905
2010-08-11,0.24203545
2010-08-10,0.24322289
2010-08-09,0.2439759
2010-08-06,0.24403383
2010-08-05,0.24429449
2010-08-04,0.24386006
2010-08-03,0.24414968
2010-08-02,0.24325185
2010-07-30,0.24177479
2010-07-29,0.2421513
2010-07-28,0.24200649
2010-07-27,0.24235403
2010-07-26,0.24180375
2010-07-23,0.24171687
2010-07-22,0.23928406
2010-07-21,0.2381835
2010-07-20,0.23627201
2010-07-19,0.23641682
2010-07-16,0.23937095
2010-07-15,0.24084801
2010-07-14,0.24206441
2010-07-13,0.24090593
2010-07-12,0.23960264
2010-07-10,0.23867586
2010-07-09,0.23899444
2010-07-08,0.23792285
2010-07-07,0.23522938
2010-07-02,0.23456325
2010-07-01,0.23618513
2010-06-30,0.23798077
2010-06-29,0.23957368
2010-06-28,0.24212234
2010-06-23,0.24516335
2010-06-22,0.2458874
2010-06-21,0.24637975
2010-06-19,0.24403383
2010-06-18,0.24455514
2010-06-17,0.24403383
2010-06-16,0.24414968
2010-06-15,0.24290431
2010-06-14,0.24302016
2010-06-11,0.24142725
2010-06-10,0.23939991
2010-06-09,0.23829935
2010-06-08,0.23803869
2010-06-07,0.23838624
2010-06-04,0.24067424
2010-06-03,0.2410797
2010-06-02,0.23751738
2010-06-01,0.23800973
2010-05-31,0.2390234
2010-05-28,0.23911029
2010-05-27,0.23586654
2010-05-26,0.23375232
2010-05-25,0.23007414
2010-05-24,0.23189875
2010-05-21,0.23215941
2010-05-20,0.23685125
2010-05-19,0.23992122
2010-05-18,0.24310704
2010-05-17,0.24113763
2010-05-14,0.24287535
2010-05-13,0.24348355
2010-05-12,0.2425278
2010-05-11,0.23980538
2010-05-10,0.23919717
2010-05-07,0.23641682
2010-05-06,0.24038462
2010-05-05,0.24186168
2010-05-04,0.24452618
2010-05-03,0.24516335
2010-04-30,0.24629286
2010-04-29,0.24513438
2010-04-28,0.2442076
2010-04-27,0.24742238
2010-04-26,0.24933387
2010-04-23,0.24693003
2010-04-22,0.24658248
2010-04-21,0.24739342
2010-04-20,0.24606117
2010-04-19,0.24469995
2010-04-16,0.2471038
2010-04-15,0.24730653
2010-04-14,0.24675626
2010-04-13,0.24582947
2010-04-12,0.24736446
2010-04-09,0.24745134
2010-04-08,0.24637975
2010-04-07,0.24724861
2010-04-06,0.24536608
2010-04-02,0.24417864
2010-04-01,0.24426552
2010-03-31,0.24244092
2010-03-30,0.24333874
2010-03-29,0.24273054
2010-03-26,0.24273054
2010-03-25,0.24209337
2010-03-24,0.24165894
2010-03-23,0.24055839
2010-03-22,0.23954472
2010-03-20,0.2407032
2010-03-19,0.24055839
2010-03-18,0.23977641
2010-03-17,0.23995019
2010-03-16,0.2381835
2010-03-15,0.23847312
2010-03-10,0.23861793
2010-03-09,0.23751738
2010-03-08,0.23795181
2010-03-05,0.2361272
2010-03-04,0.23520042
2010-03-03,0.23540315
2010-03-02,0.23447637
2010-03-01,0.23244903
2010-02-26,0.23131951
2010-02-25,0.23076923
2010-02-24,0.23039272
2010-02-23,0.23137743
2010-02-22,0.23224629
2010-02-20,0.23181186
2010-02-19,0.2315512
2010-02-18,0.23053753
2010-02-17,0.23088508
2010-02-12,0.22793095
2010-02-11,0.22729379
2010-02-10,0.22668559
2010-02-09,0.22633804
2010-02-08,0.22558503
2010-02-05,0.22558503
2010-02-04,0.22822057
2010-02-03,0.23007414
2010-02-02,0.22914736
2010-02-01,0.22781511
2010-01-29,0.22781511
2010-01-28,0.22784407
2010-01-27,0.22723587
2010-01-26,0.22761237
2010-01-25,0.22859708
2010-01-22,0.22995829
2010-01-21,0.23210148
2010-01-20,0.23259384
2010-01-19,0.23244903
2010-01-18,0.23189875
2010-01-15,0.23189875
2010-01-14,0.23210148
2010-01-13,0.23097196
2010-01-12,0.23192771
2010-01-11,0.23325996
2010-01-08,0.23270968
2010-01-07,0.23270968
2010-01-06,0.23204356
2010-01-05,0.23213044
2010-01-04,0.22981348
2009-12-31,0.22917632
2009-12-30,0.22862604
2009-12-29,0.22879981
2009-12-28,0.22848123
2009-12-24,0.22810473
2009-12-23,0.2276703
2009-12-22,0.22714898
2009-12-21,0.22593258
2009-12-18,0.22546918
2009-12-17,0.22584569
2009-12-16,0.22601946
2009-12-15,0.22523749
2009-12-14,0.22483202
2009-12-11,0.22402108
2009-12-10,0.22303638
2009-12-09,0.22245714
2009-12-08,0.22347081
2009-12-07,0.22358665
2009-12-04,0.22364458
2009-12-03,0.22376043
2009-12-02,0.22323911
2009-12-01,0.22135658
2009-11-30,0.22089319
2009-11-27,0.22016914
2009-11-26,0.22208063
2009-11-25,0.22315222
2009-11-24,0.22257298
2009-11-23,0.22263091
2009-11-20,0.22219648
2009-11-19,0.22318119
2009-11-18,0.22399212
2009-11-17,0.22367354
2009-11-16,0.22361562
2009-11-13,0.22202271
2009-11-12,0.22196478
2009-11-11,0.22242817
2009-11-10,0.2216462
2009-11-09,0.22060357
2009-11-06,0.21950301
2009-11-05,0.21863415
2009-11-04,0.21822868
2009-11-03,0.21666474
2009-11-02,0.21692539
2009-10-30,0.21924235
2009-10-29,0.21779425
2009-10-28,0.21906858
2009-10-27,0.2204298
2009-10-26,0.22213855
2009-10-23,0.22303638
2009-10-22,0.22205167
2009-10-21,0.22265987
2009-10-20,0.22358665
2009-10-19,0.22300741
2009-10-16,0.22251506
2009-10-15,0.22289157
2009-10-14,0.2224861
2009-10-13,0.22135658
2009-10-12,0.22126969
2009-10-09,0.22045876
2009-10-08,0.21973471
2009-10-07,0.21788114
2009-10-06,0.21623031
2009-10-05,0.21504286
2009-10-02,0.21527456
2009-10-01,0.21718605
2009-09-30,0.2173019
2009-09-29,0.21712813
2009-09-28,0.21539041
2009-09-25,0.21530352
2009-09-24,0.21634615
2009-09-23,0.21744671
2009-09-22,0.21704124
2009-09-21,0.21654889
2009-09-18,0.21678058
2009-09-17,0.21747567
2009-09-16,0.21634615
2009-09-15,0.21484013
2009-09-14,0.21376854
2009-09-11,0.21446362
2009-09-10,0.21359476
2009-09-09,0.21342099
2009-09-08,0.21289968
2009-09-07,0.21240732
2009-09-04,0.21049583
2009-09-03,0.20948216
2009-09-02,0.20846849
2009-09-01,0.21084337
2009-08-31,0.21110403
2009-08-28,0.21217563
2009-08-27,0.21182808
2009-08-26,0.21240732
2009-08-25,0.21261006
2009-08-24,0.21249421
2009-08-21,0.20980074
2009-08-20,0.20898981
2009-08-19,0.20710728
2009-08-18,0.20702039
2009-08-17,0.20731001
2009-08-14,0.21026413
2009-08-13,0.21037998
2009-08-12,0.20896084
2009-08-11,0.20985867
2009-08-10,0.20948216
2009-08-07,0.20881603
2009-08-06,0.20896084
2009-08-05,0.20870019
2009-08-04,0.20977178
2009-08-03,0.20939527
2009-07-31,0.20852641
2009-07-30,0.20690454
2009-07-29,0.20528267
2009-07-28,0.206557
2009-07-27,0.20609361
2009-07-24,0.20479032
2009-07-23,0.20325533
2009-07-22,0.20218373
2009-07-21,0.2022127
2009-07-20,0.20088044
2009-07-17,0.19928753
2009-07-16,0.19856348
2009-07-15,0.19688369
2009-07-14,0.19505908
2009-07-13,0.19251043
2009-07-10,0.19358202
2009-07-09,0.19398749
2009-07-08,0.19363994
2009-07-07,0.19517493
2009-07-03,0.19647822
2009-07-02,0.19699954
2009-07-01,0.19723123
2009-06-30,0.19754981
2009-06-29,0.19723123
2009-06-26,0.19720227
2009-06-25,0.19644926
2009-06-23,0.19531974
2009-06-22,0.19659407
2009-06-19,0.19760774
2009-06-18,0.19653614
2009-06-17,0.19757878
2009-06-16,0.19937442
2009-06-15,0.19980885
2009-06-12,0.20154657
2009-06-11,0.20111214
2009-06-10,0.20157553
2009-06-09,0.20027224
2009-06-08,0.19928753
2009-06-05,0.20038809
2009-06-04,0.19882414
2009-06-03,0.20125695
2009-06-02,0.20111214
2009-06-01,0.19699954
2009-05-29,0.19697057
2009-05-28,0.19560936
2009-05-27,0.19517493
2009-05-26,0.19358202
2009-05-25,0.19395853
2009-05-22,0.19468258
2009-05-21,0.19644926
2009-05-20,0.19708642
2009-05-19,0.19670992
2009-05-18,0.19314759
2009-05-15,0.19158364
2009-05-14,0.19022243
2009-05-13,0.19224977
2009-05-12,0.1930607
2009-05-11,0.19433503
2009-05-08,0.19523285
2009-05-07,0.19514597
2009-05-06,0.19363994
2009-05-05,0.19210496
2009-05-04,0.18929564
2009-04-30,0.18883225
2009-04-29,0.1868918
2009-04-28,0.18515408
2009-04-27,0.18590709
2009-04-24,0.18654425
2009-04-23,0.18602294
2009-04-22,0.18538577
2009-04-21,0.18445899
2009-04-20,0.18596501
2009-04-17,0.18651529
2009-04-16,0.18550162
2009-04-15,0.18414041
2009-04-14,0.18500927
2009-04-10,0.18277919
2009-04-09,0.18327155
2009-04-08,0.18034639
2009-04-07,0.18037535
2009-04-06,0.18219995
2009-04-03,0.1800278
2009-04-02,0.17910102
2009-04-01,0.17571247
2009-03-31,0.17472776
2009-03-30,0.17382994
2009-03-27,0.17623378
2009-03-26,0.17666821
2009-03-25,0.17545181
2009-03-24,0.17519115
2009-03-23,0.17348239
2009-03-20,0.17258457
2009-03-19,0.17414852
2009-03-18,0.17359824
2009-03-17,0.17345343
2009-03-16,0.1727873
2009-03-13,0.17249768
2009-03-12,0.17055723
2009-03-10,0.16936979
2009-03-09,0.16728452
2009-03-06,0.16826923
2009-03-05,0.16983318
2009-03-04,0.16908017
2009-03-03,0.168443
2009-03-02,0.17038346
2009-02-27,0.17180259
2009-02-26,0.17197637
2009-02-25,0.17246872
2009-02-24,0.1709627
2009-02-23,0.17354032
2009-02-20,0.17420644
2009-02-19,0.17574143
2009-02-18,0.17577039
2009-02-17,0.17655236
2009-02-13,0.17912998
2009-02-12,0.17846386
2009-02-11,0.17924583
2009-02-10,0.18107044
2009-02-09,0.18133109
2009-02-06,0.17947753
2009-02-05,0.1773633
2009-02-04,0.17724745
2009-02-03,0.17649444
2009-02-02,0.17600209
2009-01-30,0.17687095
2009-01-29,0.17689991
2009-01-28,0.17611793
2009-01-27,0.17640755
2009-01-26,0.17585728
2009-01-23,0.17426437
2009-01-22,0.17556766
2009-01-21,0.17490153
2009-01-20,0.17536492
2009-01-19,0.17661029
2009-01-16,0.1765234
2009-01-15,0.17527804
2009-01-14,0.17750811
2009-01-13,0.17823216
2009-01-12,0.1788114
2009-01-09,0.18052016
2009-01-08,0.18031742
2009-01-07,0.18356117
2009-01-06,0.18248957
2009-01-05,0.18017261
2008-12-31,0.17634963
2008-12-23,0.17536492
2008-12-22,0.17548077
2008-12-19,0.17577039
2008-12-18,0.17724745
2008-12-17,0.17860867
2008-12-16,0.17814527
2008-12-15,0.17860867
2008-12-12,0.17878244
2008-12-11,0.18133109
2008-12-10,0.18127317
2008-12-09,0.18028846
2008-12-08,0.17869555
2008-12-05,0.17831905
2008-12-04,0.17944856
2008-12-03,0.17901413
2008-12-02,0.1790431
2008-12-01,0.17976715
2008-11-28,0.18127317
2008-11-27,0.18153383
2008-11-26,0.1802595
2008-11-25,0.18092563
2008-11-24,0.17855074
2008-11-21,0.17730538
2008-11-20,0.1773633
2008-11-19,0.18037535
2008-11-18,0.1817076
2008-11-17,0.18347428
2008-11-14,0.18637048
2008-11-13,0.18382183
2008-11-12,0.18550162
2008-11-11,0.18883225
2008-11-10,0.19204703
2008-11-07,0.18920876
2008-11-06,0.19106233
2008-11-05,0.19633341
2008-11-04,0.19459569
2008-10-31,0.1883399
2008-10-30,0.1881082
2008-10-29,0.18385079
2008-10-28,0.17970922
2008-10-27,0.17947753
2008-10-24,0.18179449
2008-10-23,0.18535681
2008-10-22,0.18946942
2008-10-21,0.19300278
2008-10-20,0.19152572
2008-10-17,0.18891914
2008-10-16,0.18944045
2008-10-15,0.19627549
2008-10-14,0.19902688
2008-10-13,0.19381372
2008-10-10,0.19178638
2008-10-09,0.19876622
2008-10-08,0.19911376
2008-10-07,0.2063253
2008-10-06,0.20841057
2008-10-03,0.2152456
2008-10-02,0.21770737
2008-10-01,0.2179101
2008-09-30,0.2158538
2008-09-29,0.21889481
2008-09-26,0.22242817
2008-09-25,0.22358665
2008-09-24,0.22338392
2008-09-23,0.22581673
2008-09-22,0.23018999
2008-09-19,0.22471617
2008-09-18,0.21909754
2008-09-17,0.22144347
2008-09-16,0.22361562
2008-09-15,0.2303348
2008-09-12,0.2320146
2008-09-11,0.22975556
2008-09-10,0.23184082
2008-09-09,0.23453429
2008-09-08,0.23624305
2008-09-05,0.23354958
2008-09-04,0.23722776
2008-09-03,0.23939991
2008-09-02,0.24113763
2008-09-01,0.24122451
2008-08-29,0.24186168
2008-08-28,0.24194856
2008-08-27,0.24058735
2008-08-26,0.23995019
2008-08-25,0.24081905
2008-08-22,0.24113763
2008-08-21,0.2407032
2008-08-20,0.24099282
2008-08-19,0.23997915
2008-08-18,0.24177479
2008-08-14,0.24162998
2008-08-13,0.24113763
2008-08-12,0.24160102
2008-08-11,0.24087697
2008-08-08,0.23957368
2008-08-07,0.24052943
2008-08-06,0.23992122
2008-08-05,0.23870482
2008-08-04,0.24079008
2008-08-01,0.24244092
2008-07-31,0.24365732
2008-07-30,0.24160102
2008-07-29,0.2392551
2008-07-28,0.24006603
2008-07-25,0.24067424
2008-07-24,0.24244092
2008-07-23,0.24273054
2008-07-22,0.24284639
2008-07-21,0.24296223
2008-07-18,0.24194856
2008-07-17,0.24249884
2008-07-16,0.24018188
2008-07-15,0.24177479
2008-07-14,0.24435241
2008-07-11,0.24455514
2008-07-10,0.24516335
2008-07-09,0.24646664
2008-07-08,0.24591636
2008-07-04,0.2464956
2008-07-03,0.24727757
2008-07-02,0.24962349
2008-07-01,0.25049235
2008-06-30,0.25176668
2008-06-28,0.25191149
2008-06-27,0.25225904
2008-06-26,0.25440222
2008-06-25,0.25532901
2008-06-20,0.2574722
2008-06-19,0.25912303
2008-06-18,0.25981812
2008-06-17,0.26077386
2008-06-16,0.25947057
2008-06-13,0.25822521
2008-06-12,0.25787766
2008-06-11,0.25790663
2008-06-10,0.25776182
2008-06-09,0.26002085
2008-06-06,0.26230885
2008-06-05,0.26141103
2008-06-04,0.26112141
2008-06-03,0.26311979
2008-06-02,0.26384384
2008-05-30,0.26332252
2008-05-29,0.26187442
2008-05-28,0.26031047
2008-05-27,0.25932576
2008-05-26,0.25999189
2008-05-23,0.26054217
2008-05-22,0.26222196
2008-05-21,0.26343837
2008-05-20,0.26410449
2008-05-19,0.26601599
2008-05-16,0.2642493
2008-05-15,0.26288809
2008-05-14,0.26213508
2008-05-13,0.26167169
2008-05-12,0.26048424
2008-05-10,0.26039736
2008-05-09,0.26086075
2008-05-08,0.26010774
2008-05-07,0.26033943
2008-05-06,0.25877549
2008-04-30,0.25573448
2008-04-29,0.25553174
2008-04-28,0.25582136
2008-04-25,0.25408364
2008-04-24,0.25356233
2008-04-23,0.25428638
2008-04-22,0.25425741
2008-04-21,0.25414157
2008-04-18,0.2526645
2008-04-17,0.252288
2008-04-16,0.2502317
2008-04-15,0.24913114
2008-04-14,0.24829124
2008-04-11,0.25008689
2008-04-10,0.25031858
2008-04-09,0.25046339
2008-04-08,0.25115848
2008-04-07,0.25162187
2008-04-04,0.24973934
2008-04-03,0.24971038
2008-04-02,0.24808851
2008-04-01,0.24507646
2008-03-31,0.24435241
2008-03-28,0.2450475
2008-03-27,0.24559778
2008-03-26,0.24527919
2008-03-21,0.24076112
2008-03-20,0.23977641
2008-03-19,0.24287535
2008-03-18,0.24160102
2008-03-17,0.24362836
2008-03-15,0.24742238
2008-03-14,0.24753823
2008-03-13,0.24843605
2008-03-12,0.25130329
2008-03-07,0.2526645
2008-03-06,0.25628475
2008-03-05,0.25460496
2008-03-04,0.25469184
2008-03-03,0.2557924
2008-02-29,0.25915199
2008-02-28,0.26207715
2008-02-27,0.26430723
2008-02-26,0.26309082
2008-02-25,0.26141103
2008-02-22,0.26120829
2008-02-21,0.26227989
2008-02-20,0.2603684
2008-02-19,0.26199027
2008-02-15,0.25987604
2008-02-14,0.26167169
2008-02-13,0.25984708
2008-02-12,0.25822521
2008-02-11,0.25738531
2008-02-08,0.25657437
2008-02-07,0.25596617
2008-02-06,0.25695088
2008-02-05,0.25903614
2008-02-04,0.26048424
2008-02-01,0.25729842
2008-01-31,0.25474977
2008-01-30,0.25611098
2008-01-29,0.25697984
2008-01-28,0.25486562
2008-01-25,0.25799351
2008-01-24,0.25341752
2008-01-23,0.25124537
2008-01-22,0.25104263
2008-01-21,0.25648749
2008-01-18,0.26170065
2008-01-17,0.26251158
2008-01-16,0.26888323
2008-01-15,0.26888323
2008-01-14,0.2711133
2008-01-11,0.27247451
2008-01-10,0.27285102
2008-01-09,0.27337234
2008-01-08,0.27421223
2008-01-07,0.27343026
2008-01-04,0.27560241
2008-01-03,0.27652919
2008-01-02,0.27823795
2007-12-29,0.27841172
2007-12-28,0.27907785
2007-12-27,0.28006256
2007-12-22,0.27676089
2007-12-21,0.27693466
2007-12-20,0.27455978
2007-12-19,0.27516798
2007-12-18,0.27681881
2007-12-17,0.27780352
2007-12-14,0.27925162
2007-12-13,0.2798019
2007-12-12,0.28075765
2007-12-11,0.28165547
2007-12-10,0.2818582
2007-12-07,0.28156858
2007-12-06,0.28000463
2007-12-05,0.27948332
2007-12-04,0.27844069
2007-12-03,0.27890408
2007-11-30,0.27829588
2007-11-29,0.27734013
2007-11-28,0.27499421
2007-11-27,0.27241659
2007-11-26,0.27345922
2007-11-23,0.27334337
2007-11-22,0.27250348
2007-11-21,0.27395158
2007-11-20,0.27794833
2007-11-19,0.27852757
2007-11-16,0.28006256
2007-11-15,0.2810183
2007-11-14,0.28348007
2007-11-13,0.28061284
2007-11-12,0.27971501
2007-11-10,0.28507298
2007-11-09,0.28550741
2007-11-08,0.28921455
2007-11-07,0.29127085
2007-11-06,0.29202386
2007-11-05,0.2916184
2007-10-31,0.29775834
2007-10-30,0.29547034
2007-10-29,0.29671571
2007-10-26,0.29413809
2007-10-25,0.29228452
2007-10-24,0.29066265
2007-10-23,0.29083642
2007-10-22,0.28738994
2007-10-19,0.29043095
2007-10-18,0.29051784
2007-10-17,0.29185009
2007-10-16,0.29092331
2007-10-15,0.28982275
2007-10-12,0.28973587
2007-10-11,0.28973587
2007-10-10,0.28973587
2007-10-09,0.2897069
2007-10-08,0.2897069
2007-10-05,0.28962002
2007-10-04,0.28962002
2007-10-03,0.28962002
2007-10-02,0.28962002
2007-10-01,0.28962002
