isin,name,ticker,security_type
AT0000652011,ERSTE GROUP BANK AG,EBO,Common Stock
AT0000908504,VIENNA INSURANCE GROUP AG,VIG,Common Stock
AT0000A001X2,REPUBLIC OF AUSTRIA,RAGB 3.5 09/15/21,Govt
AT0000A0N9A0,REPUBLIC OF AUSTRIA,RAGB 3.65 04/20/22,Govt
AT0000A34CN3,BANCA COMERCIALA ROMANA,BCRBK V7.625 05/19/27 EMTN,Corp
AT0000A377W8,SLOVENSKA SPORITELNA AS,SLOSPO V5.375 10/04/28 EMTN,Corp
AT0000A3KDQ3,KOMMUNALKREDIT AUSTRIA A,KA 4.25 04/01/31 EMTN,Corp
AT0000A3MUC3,AUSTRIAN T-BILL,RATB 0 03/26/26 182D,Govt
AT0000A3QMW9,BANCA COMERCIALA ROMANA,BCRBK V4 11/25/31 EMTN,Corp
AT0000A3RVH9,REPUBLIC OF AUSTRIA,RAGB 3.2 02/20/36,Govt
BE0000318270,BELGIUM KINGDOM,BGB 3.75 09/28/20 58,Govt
BE0000321308,BELGIUM KINGDOM,BGB 4.25 09/28/21 61,Govt
BE0000325341,BELGIUM KINGDOM,BGB 4.25 09/28/22 65,Govt
BE0000328378,BELGIUM KINGDOM,BGB 2.25 06/22/23 68,Govt
BE0000337460,BELGIUM KINGDOM,BGB 1 06/22/26 77,Govt
BE0000339482,BELGIUM KINGDOM,BGB 0.2 10/22/23 79,Govt
BE0000363722,BELGIUM KINGDOM,BGB 3.1 06/22/35 103,Govt
BE0002939206,FLUVIUS SYSTEM OP,FLUVIU 3.875 05/09/33,Corp
BE0003717312,SOFINA,SFNXF,Common Stock
BE0003797140,GROUPE BRUXELLES LAMBERT NV,GBLBF,Common Stock
BMG0450A1053,ARCH CAPITAL GROUP LTD,ACGL,Common Stock
BMG2004J1036,CARNIVAL CORP LTD,CCL,Common Stock
BMG670131058,OAKLEY CAPITAL INVESTMENTS,OCIGBX,Mutual Fund
CA0084741085,AGNICO EAGLE MINES LTD,AEM,Common Stock
CA0641491075,BANK OF NOVA SCOTIA,BNS,Common Stock
CA1247651088,CAE INC,CAE,Common Stock
CA1249003098,CCL INDUSTRIES INC - CL B,CCL/B,Common Stock
CA12532H1047,CGI INC,GIB/A,Common Stock
CA1363751027,CANADIAN NATL RAILWAY CO,CNR,Common Stock
CA1366812024,CANADIAN TIRE CORP-CLASS A,CTC/A,Common Stock
CA1367178326,CANADIAN UTILITIES LTD-A,CU,Common Stock
CA3039011026,FAIRFAX FINANCIAL HLDGS LTD,FFH,Common Stock
CA36168Q1046,GFL ENVIRONMENTAL INC-SUB VT,GFL,Common Stock
CA39138C1068,GREAT-WEST LIFECO INC,GWO,Common Stock
CA4488112083,HYDRO ONE LTD,H,Common Stock
CA45823T1066,INTACT FINANCIAL CORP,IFCZF,Common Stock
CA67077M1086,NUTRIEN LTD,NTR,Common Stock
CA6979001089,PAN AMERICAN SILVER CORP,PAAS,Common Stock
CA7392391016,POWER CORP OF CANADA,POW,Common Stock
CA7800871021,ROYAL BANK OF CANADA,RY,Common Stock
CA8029121057,SAPUTO INC,SAP,Common Stock
CA8667961053,SUN LIFE FINANCIAL INC,LIE,Common Stock
CA87262K1057,TMX GROUP LTD,X,Common Stock
CA8911021050,TOROMONT INDUSTRIES LTD,TIH,Common Stock
CA8911605092,TORONTO-DOMINION BANK,TD,Common Stock
CA92938W2022,WSP GLOBAL INC,WSPOF,Common Stock
CA94106B1013,WASTE CONNECTIONS INC,WCN,Common Stock
CH0010645932,GIVAUDAN-REG,GVDBF,Common Stock
CH0011075394,ZURICH INSURANCE GROUP AG,ZFSVF,Common Stock
CH0012005267,NOVARTIS AG-REG,NVSEF,Common Stock
CH0012032048,ROCHE HOLDING AG-BON DE JOUI,ROC1,Common Stock
CH0012221716,ABB LTD-REG,ABJ,Common Stock
CH0018294154,PSP SWISS PROPERTY AG-REG,PSPN,Common Stock
CH0025238863,KUEHNE + NAGEL INTL AG-REG,KNIA,Common Stock
CH0038863350,NESTLE SA-REG,NESR,Common Stock
CH0044328745,CHUBB LTD,AEX,Common Stock
CH0114405324,GARMIN LTD,GRMN,Common Stock
CH0210483332,CIE FINANCIERE RICHEMO-A REG,RITN,Common Stock
CH0244767585,UBS GROUP AG-REG,UBSG,Common Stock
CH1216478797,DSM-FIRMENICH AG,DSFIR,Common Stock
CH1300646267,BUNGE GLOBAL SA,BG,Common Stock
CH1499059983,ROCHE HOLDING AG,RHHVF,Common Stock
CZ0001004469,CZECH REPUBLIC,CZGB 1 06/26/26 95,Govt
DE0001030708,BUNDESREPUB. DEUTSCHLAND,DBR 0 08/15/30 G,Govt
DE0001030732,BUNDESREPUB. DEUTSCHLAND,DBR 0 08/15/31 G,Govt
DE0001102317,BUNDESREPUB. DEUTSCHLAND,DBR 1.5 05/15/23,Govt
DE0001102333,BUNDESREPUB. DEUTSCHLAND,DBR 1.75 02/15/24,Govt
DE0001102341,BUNDESREPUB. DEUTSCHLAND,DBR 2.5 08/15/46,Govt
DE0001102358,BUNDESREPUB. DEUTSCHLAND,DBR 1.5 05/15/24,Govt
DE0001102366,BUNDESREPUB. DEUTSCHLAND,DBR 1 08/15/24,Govt
DE0001102374,BUNDESREPUB. DEUTSCHLAND,DBR 0.5 02/15/25,Govt
DE0001102457,BUNDESREPUB. DEUTSCHLAND,DBR 0.25 08/15/28,Govt
DE0001102598,BUNDESREPUB. DEUTSCHLAND,DBR 1 05/15/38,Govt
DE0001102606,BUNDESREPUB. DEUTSCHLAND,DBR 1.7 08/15/32,Govt
DE0001102614,BUNDESREPUB. DEUTSCHLAND,DBR 1.8 08/15/53 TWIN,Govt
DE0001102622,BUNDESREPUB. DEUTSCHLAND,DBR 2.1 11/15/29,Govt
DE0001104842,BUNDESSCHATZANWEISUNGEN,BKO 0 06/16/23,Govt
DE0001135457,BUNDESREPUB. DEUTSCHLAND,DBR 2.25 09/04/21,Govt
DE0001135473,BUNDESREPUB. DEUTSCHLAND,DBR 1.75 07/04/22,Govt
DE0001135499,BUNDESREPUB. DEUTSCHLAND,DBR 1.5 09/04/22,Govt
DE0001141810,BUNDESOBLIGATION,OBL 0 04/11/25 181,Govt
DE0001141836,BUNDESOBLIGATION,OBL 0 04/10/26 183,Govt
DE0002635307,ISHARES STOXXE600 DE EUR DIS,SXXPIEX,Mutual Fund
DE0005552004,DHL AG,DHL,Common Stock
DE0005557508,DEUTSCHE TELEKOM AG-REG,DTE,Common Stock
DE0005810055,DEUTSCHE BOERSE AG,DB1,Common Stock
DE0006231004,INFINEON TECHNOLOGIES AG,IFX,Common Stock
DE0006289481,ISHR GVT GERMANY 2.5-5.5 DE,RXP2EX,Mutual Fund
DE0007030009,RHEINMETALL AG,RHM,Common Stock
DE0007100000,MERCEDES-BENZ GROUP AG,MBG,Common Stock
DE0007164600,SAP SE,SAP,Common Stock
DE0007236101,SIEMENS AG-REG,SIE,Common Stock
DE0007664039,VOLKSWAGEN AG-PREF,VOW3,Preference
DE0008404005,ALLIANZ SE-REG,ALV,Common Stock
DE0008430026,MUENCHENER RUECKVER AG-REG,MUV2,Common Stock
DE000A0D8QZ7,ISHARES STOXXEURSMALL200 DE,SCXPEX,Mutual Fund
DE000A0H08F7,ISHR EUR600 CNSTRN&MTRLS DE,SXOPEX,Mutual Fund
DE000A0Q4RZ9,ISHR EB.REXX GV DE 0-1Y EURD,EBMME,Mutual Fund
DE000BASF111,BASF SE,BAS,Common Stock
DE000BLB6JJ0,BAYERISCHE LANDESBANK,BYLAN 0.125 02/10/28 EMTN,Corp
DE000BU0E014,GERMAN TREASURY BILL,BUBILL 0 01/17/24,Govt
DE000BU0E022,GERMAN TREASURY BILL,BUBILL 0 02/21/24,Govt
DE000BU0E055,GERMAN TREASURY BILL,BUBILL 0 05/15/24 364D,Govt
DE000BU0E063,GERMAN TREASURY BILL,BUBILL 0 06/19/24,Govt
DE000BU0E071,GERMAN TREASURY BILL,BUBILL 0 07/17/24 364D,Govt
DE000BU0E089,GERMAN TREASURY BILL,BUBILL 0 08/21/24 364D,Govt
DE000BU0E097,GERMAN TREASURY BILL,BUBILL 0 09/18/24 364D,Govt
DE000BU0E105,GERMAN TREASURY BILL,BUBILL 0 10/16/24 364D,Govt
DE000BU0E139,GERMAN TREASURY BILL,BUBILL 0 01/15/25 364D,Govt
DE000BU0E147,GERMAN TREASURY BILL,BUBILL 0 02/19/25 364D,Govt
DE000BU0E162,GERMAN TREASURY BILL,BUBILL 0 04/16/25 364D,Govt
DE000BU0E196,GERMAN TREASURY BILL,BUBILL 0 07/16/25 364D,Govt
DE000BU0E220,GERMAN TREASURY BILL,BUBILL 0 10/15/25 364D,Govt
DE000BU2Z007,BUNDESREPUB. DEUTSCHLAND,DBR 2.3 02/15/33 TWIN,Govt
DE000BU2Z015,BUNDESREPUB. DEUTSCHLAND,DBR 2.6 08/15/33,Govt
DE000BU2Z023,BUNDESREPUB. DEUTSCHLAND,DBR 2.2 02/15/34,Govt
DE000BU2Z049,BUNDESREPUB. DEUTSCHLAND,DBR 2.5 02/15/35 TWIN,Govt
DE000BU3Z005,BUNDESREPUB. DEUTSCHLAND,DBR 2.3 02/15/33 G,Govt
DE000CBK1001,COMMERZBANK AG,CBK,Common Stock
DE000ENER6Y0,SIEMENS ENERGY AG,ENR,Common Stock
DE000ETFL581,DEKA MSI WOR CLI CHA ESG-EUR,D6RP,Mutual Fund
DE000EVNK013,EVONIK INDUSTRIES AG,EVK,Common Stock
DE000PAH0038,PORSCHE AUTOMOBIL HLDG-PRF,PAH3,Preference
DK0030406152,IDAVANG,IDAVAN F 12/13/21,Corp
DK0030472618,IDAVANG,IDAVAN F 11/11/25,Corp
DK0061539921,VESTAS WIND SYSTEMS A/S,VWS,Common Stock
DK0062498333,NOVO NORDISK A/S-B,NO,Common Stock
EE0000003499,APOLLO GROUP OU,APOLGR 7 03/20/31 EMTN,Corp
EE0000004109,ESTONIA GOVT BOND,ESTGB 3.5 05/14/36 10Y,Govt
EE1300001548,ESTONIA TREASURY BILL,ESTB 0 09/27/24 12M,Govt
EE1300001563,ESTONIA GOVT BOND,ESTGB 3.3 09/16/26,Govt
EE3100004466,TALLINK GRUPP AS,TAL1T,Common Stock
EE3100007857,COOP PANK AS,CPA1T,Common Stock
EE3100021635,TALLINNA SADAM AS,TSM1T,Common Stock
EE3100097411,,,
EE3100102203,LHV GROUP AS,LHV1T,Common Stock
EE3100125238,,,
EE3100127242,EFTEN REAL ESTATE FUND III,EFT1T,Mutual Fund
EE3100137985,ENEFIT GREEN AS,EGR1TEUR,Common Stock
EE3300111467,BALTIC HORIZON FUND,BALHOR 4.25 05/08/23,Corp
EE3500001583,,,
EE3500110244,BALTIC HORIZON FUND,NHCBHFFT,Mutual Fund
EE3815097417,,,
ES00000128S2,SPAIN I/L BOND,SPGBEI 0.65 11/30/27,Govt
ES0105046017,AENA SME SA,AENA,Common Stock
ES0113211835,BANCO BILBAO VIZCAYA ARGENTA,BOY,Common Stock
ES0113900J37,BANCO SANTANDER SA,BSD2,Common Stock
ES0140609019,CAIXABANK SA,CIXPF,Common Stock
ES0144580Y14,IBERDROLA SA,IBE,Common Stock
EU000A1G0EL5,EFSF,EFSF 0 01/20/31,Govt
EU000A3K4C42,EUROPEAN UNION,EU 0.4 02/04/37 UFA,Govt
EU000A3K4D41,EUROPEAN UNION,EU 3.25 07/04/34 UFA,Govt
EU000A4EA8Y7,EUROPEAN UNION,EU 3.75 10/12/45 UFA,Govt
EU000A4ED0K0,EUROPEAN UNION,EU 2.75 12/13/32 UFA,Govt
FI0009000681,NOKIA OYJ,NOKIA,Common Stock
FI4000020961,FINNISH GOVERNMENT,RFGB 3.5 04/15/21,Govt
FI4000297767,NORDEA BANK ABP,NDA,Common Stock
FI4000391529,FINNISH GOVERNMENT,RFGB 0 09/15/24 5Y,Govt
FI4000523238,FINNISH GOVERNMENT,RFGB 1.5 09/15/32 10Y,Govt
FI4000549621,FINNISH T-BILL,RFTB 0 02/13/24 334D,Govt
FI4000557525,FINNISH GOVERNMENT,RFGB 2.875 04/15/29 6Y,Govt
FI4000571104,FINNISH GOVERNMENT,RFGB 3 09/15/34 10Y,Govt
FR0000052292,HERMES INTERNATIONAL,RMS,Common Stock
FR0000120073,AIR LIQUIDE SA,AIL,Common Stock
FR0000120321,L'OREAL,OR,Common Stock
FR0000120578,SANOFI,SAN,Common Stock
FR0000120628,AXA SA,CS,Common Stock
FR0000120644,DANONE,BN,Common Stock
FR0000121014,LVMH MOET HENNESSY LOUIS VUI,MC,Common Stock
FR0000121667,ESSILORLUXOTTICA,ESL,Common Stock
FR0000121972,SCHNEIDER ELECTRIC SE,SU,Common Stock
FR0000125007,COMPAGNIE DE SAINT GOBAIN,SGO,Common Stock
FR0000125486,VINCI SA,DG,Common Stock
FR0000131104,BNP PARIBAS,BNP,Common Stock
FR0000133308,ORANGE,ORA,Common Stock
FR0000971293,HSBC EURO GVT BOND FUND-C,HSBEURC,Mutual Fund
FR0010070060,FRANCE (GOVT OF),FRTR 4.75 04/25/35 OAT,Govt
FR0010192997,FRANCE (GOVT OF),FRTR 3.75 04/25/21,Govt
FR0010208488,ENGIE,ENGI,Common Stock
FR0010261198,AM MSCI EUROPE UCITS ETF ACC,LYY5,Mutual Fund
FR0010307819,LEGRAND SA,LRP,Common Stock
FR0010315770,AM MSCI WORLD SP II ETF DIST,WLD,Mutual Fund
FR0010340141,ADP,ADP,Common Stock
FR0010429068,AM MSCI EM SP II ETF EUR ACC,LYXLEM,Mutual Fund
FR0010533075,GETLINK SE,GET,Common Stock
FR0010754168,AMUNDI ETF GOVT BOND EURO BR,C33GR,Mutual Fund
FR0010773192,FRANCE (GOVT OF),FRTR 4.5 04/25/41 OAT,Govt
FR0010949651,FRANCE (GOVT OF),FRTR 2.5 10/25/20,Govt
FR0011059088,FRANCE (GOVT OF),FRTR 3.25 10/25/21,Govt
FR0011196856,FRANCE (GOVT OF),FRTR 3 04/25/22,Govt
FR0011337880,FRANCE (GOVT OF),FRTR 2.25 10/25/22,Govt
FR0011363423,LYXOR MSCI USA-C-EUR,USAC,Mutual Fund
FR0011427848,FRANCE (GOVT OF),FRTR 0.25 07/25/24 OATe,Govt
FR0012435121,ELIS SA,ELIS,Common Stock
FR0012517027,FRANCE (GOVT OF),FRTR 0.5 05/25/25 OAT,Govt
FR0012993103,FRANCE (GOVT OF),FRTR 1.5 05/25/31 OAT,Govt
FR0013154044,FRANCE (GOVT OF),FRTR 1.25 05/25/36 OAT,Govt
FR0013283686,FRANCE (GOVT OF),FRTR 0 03/25/23,Govt
FR0013344751,FRANCE (GOVT OF),FRTR 0 03/25/24,Govt
FR0013451507,FRANCE (GOVT OF),FRTR 0 11/25/29 OAT,Govt
FR0013512233,KLEPIERRE SA,LIFP 2 05/12/29 EMTN,Corp
FR0013515806,FRANCE (GOVT OF),FRTR 0.5 05/25/40 OAT,Govt
FR0014001N46,FRANCE (GOVT OF),FRTR 0 02/25/24,Govt
FR0014003513,FRANCE (GOVT OF),FRTR 0 02/25/27 OAT,Govt
FR0014007L00,FRANCE (GOVT OF),FRTR 0 05/25/32 OAT,Govt
FR0014009O62,FRANCE (GOVT OF),FRTR 1.25 05/25/38 OAT,Govt
FR001400AJ45,MICHELIN (CGDE),ML,Common Stock
FR001400BKZ3,FRANCE (GOVT OF),FRTR 2 11/25/32 OAT,Govt
FR001400HI98,FRANCE (GOVT OF),FRTR 2.75 02/25/29 OAT,Govt
FR001400L834,FRANCE (GOVT OF),FRTR 3.5 11/25/33 OAT,Govt
FR001400M2G2,TELEPERFORMANCE,RCFFP 5.75 11/22/31 EMTN,Corp
FR001400NDQ2,KLEPIERRE SA,LIFP 3.875 09/23/33 EMTN,Corp
FR001400QMF9,FRANCE (GOVT OF),FRTR 3 11/25/34 OAT,Govt
FR001400U2E7,WORLDLINE SA/FRANCE,WLNFP 5.25 11/27/29 EMTN,Corp
FR001400ZEB6,LVMH MOET HENNESSY VUITT,MCFP 3 03/07/32 EMTN,Corp
FR001400ZED2,LVMH MOET HENNESSY VUITT,MCFP 2.625 03/07/29 EMTN,Corp
FR0014010A08,WORLDLINE SA/FRANCE,WLNFP 5.5 06/10/30 EMTn,Corp
FR0014010MQ4,SANOFI SA,SANFP 2.625 06/23/29 EMTn,Corp
FR0014010MR2,SANOFI SA,SANFP 3 06/23/32 EMTn,Corp
FR0014012II5,FRANCE (GOVT OF),FRTR 3.5 11/25/35 OAT,Govt
FR0014018LM8,TELEPERFORMANCE,RCFFP 5.375 01/28/35 EMTN,Corp
FR0127176396,FRENCH DISCOUNT T-BILL,BTF 0 06/14/23,Govt
FR0127462903,FRENCH DISCOUNT T-BILL,BTF 0 11/01/23,Govt
FR0127921338,FRENCH DISCOUNT T-BILL,BTF 0 09/04/24 51W,Govt
FR0128071034,FRENCH DISCOUNT T-BILL,BTF 0 05/02/24 23W,Govt
FR0128227685,FRENCH DISCOUNT T-BILL,BTF 0 04/04/24,Govt
FR0128227743,FRENCH DISCOUNT T-BILL,BTF 0 06/05/24 13W,Govt
FR0128227768,FRENCH DISCOUNT T-BILL,BTF 0 07/24/24 27W,Govt
FR0128227784,FRENCH DISCOUNT T-BILL,BTF 0 09/18/24 27,Govt
FR0128379494,FRENCH DISCOUNT T-BILL,BTF 0 05/21/25 52W,Govt
FR0128379502,FRENCH DISCOUNT T-BILL,BTF 0 06/18/25 52W,Govt
FR0128537141,FRENCH DISCOUNT T-BILL,BTF 0 11/06/24 13W,Govt
FR0128537182,FRENCH DISCOUNT T-BILL,BTF 0 01/15/25 28W,Govt
FR0128537216,FRENCH DISCOUNT T-BILL,BTF 0 04/09/25 28W,Govt
FR0128838465,FRENCH DISCOUNT T-BILL,BTF 0 07/30/25 28W,Govt
FR0128838473,FRENCH DISCOUNT T-BILL,BTF 0 08/27/25 28W,Govt
FR0128838515,FRENCH DISCOUNT T-BILL,BTF 0 03/25/26 52W,Govt
FR0128983923,FRENCH DISCOUNT T-BILL,BTF 0 09/03/25 14W,Govt
FR0128983956,FRENCH DISCOUNT T-BILL,BTF 0 10/22/25 28W,Govt
FR0128983964,FRENCH DISCOUNT T-BILL,BTF 0 11/19/25 28W,Govt
FR0129287241,FRENCH DISCOUNT T-BILL,BTF 0 02/18/26 14W,Govt
FR0129287308,FRENCH DISCOUNT T-BILL,BTF 0 07/01/26 28W,Govt
FR0129287340,FRENCH DISCOUNT T-BILL,BTF 0 12/30/26 51W,Govt
FR0129570646,FRENCH DISCOUNT T-BILL,BTF 0 06/16/27 52W,Govt
GB0000536739,ASHTEAD GROUP PLC,AHTGBP,Common Stock
GB0001826634,DIPLOMA PLC,DPLM,Common Stock
GB0004052071,HALMA PLC,HLMA,Common Stock
GB0005405286,HSBC HOLDINGS PLC,5,Common Stock
GB0007188757,RIO TINTO PLC,RIO1,Common Stock
GB0008706128,LLOYDS BANKING GROUP PLC,LLOY,Common Stock
GB0009895292,ASTRAZENECA PLC,AZN,Common Stock
GB0030474687,PATRIA PRIVATE EQUITY TRUST,PPET,Mutual Fund
GB0030913577,BT GROUP PLC,BT/A,Common Stock
GB0031348658,BARCLAYS PLC,BARC,Common Stock
GB00B019KW72,SAINSBURY (J) PLC,SBRY,Common Stock
GB00B082RF11,RENTOKIL INITIAL PLC,RTO,Common Stock
GB00B10RZP78,UNILEVER PLC,ULVRUSD,Common Stock
GB00B1KJJ408,WHITBREAD PLC,WTB,Common Stock
GB00B2B0DG97,RELX PLC,RDEB,Common Stock
GB00BD6K4575,COMPASS GROUP PLC,CPG,Common Stock
GB00BDR05C01,NATIONAL GRID PLC,NG/,Common Stock
GB00BGXQNP29,STANDARD LIFE PLC,SDLF,Common Stock
GB00BH4HKS39,VODAFONE GROUP PLC,VOD,Common Stock
GB00BJ0LT190,HGCAPITAL TRUST PLC,HGT,Mutual Fund
GB00BKFB1C65,M&G PLC,MNG,Common Stock
GB00BLGZ9862,TESCO PLC,TSCO,Common Stock
GB00BN7SWP63,GSK PLC,GSK,Common Stock
GB00BP37WF17,PANTHEON INTERNATIONAL PLC,PIN,Mutual Fund
GB00BP9LHF23,SCHRODERS PLC,SDRL,Common Stock
GB00BPQY8M80,AVIVA PLC,GU81,Common Stock
GB00BSZBP530,RECKITT BENCKISER GROUP PLC,3RB0,Common Stock
GB00BVZK7T90,UNILEVER PLC,ULVR,Common Stock
GB00BYW0PQ60,LAND SECURITIES GROUP PLC,LAND,REIT
GG00B979FD04,GLOBALWORTH REAL ESTATE INVE,GWI,Common Stock
HRADRSPA0009,ADRIS GRUPA DD-PREF,ADRS2,Preference
IE0002W8NB38,ISHARES MSCI USA SWAP USD A,MUSD,Mutual Fund
IE0003XJA0J9,AMUNDI PRME ALL CTRY WLD ACC,WEBN,Mutual Fund
IE0004MFRED4,X S&P 500 EW SCO&SCR 1C,XZEW,Mutual Fund
IE0006IP4XZ8,AMUNDI MSCI USA ESG BROAD,USAC,Mutual Fund
IE0007472990,VANGUARD-EUR GV BND IDX-EURA,VANEUGB,Mutual Fund
IE0007987708,VANGUARD EURO STK-EUR ACC,VANEINI,Mutual Fund
IE0009DRDY20,AM PRIME GLOBAL UCITS ETF C,F50A,Mutual Fund
IE0009QS7W62,ISHARES MSCI HLTH CARE-USD A,WHCA,Mutual Fund
IE000APK27S2,ISH GL AG BD ES SR UC-EU HD,AEGE,Mutual Fund
IE000BI8OT95,AM CORE MSCI WORLD U ETF ACC,MWRD,Mutual Fund
IE000CL68Z69,AMUNDI MSCI WORLD CLIMATE PA,PABW,Mutual Fund
IE000F6G1DE0,ISHARES EURO CORP 1-5YR,IE1A,Mutual Fund
IE000G2LIHG9,ISHARE MSCI USA SCR UCITS-EH,SAUA,Mutual Fund
IE000H1H16W5,ISHARES MSCI WORLD VALUE FAC,CBUI,Mutual Fund
IE000H92C4B8,ISHARES EUR HGHYLD CORPB ESG,HYPE,Mutual Fund
IE000I9HGDZ3,X MSCI WORLD SCRND 1C,XWSC,Mutual Fund
IE000IVNQZ81,TE CONNECTIVITY PLC,TEL,Common Stock
IE000J0LN0R5,AM S&P W ENERGY SCREENED D,WEL5,Mutual Fund
IE000JEL63K7,FD HR CLIM CHANGE HY-DEURACC,FECHDEA,Mutual Fund
IE000KDUZ5O6,ISHARE EU CB ESG SRI IIE-IEE,ISCBIIE,Mutual Fund
IE000KXCEXR3,AMUNDI S&P 500 SCR UCITS ACC,S500,Mutual Fund
IE000LAP5Z18,AMUNDI S&P 500 EQ WG EUE-UEU,WELE,Mutual Fund
IE000O5FBC47,AMUNDI S&P 500 CLIMATE NET Z,ZPA5,Mutual Fund
IE000Q8N7WY1,ROBECO 3D GLOBAL EQUITY ACC,3DGL,Mutual Fund
IE000QWCYQT0,AMD MSCI WLD SCRD ETF,WLSC,Mutual Fund
IE000R85HL30,AMUNDI MSCI NORTH AMER SRI,WEBD,Mutual Fund
IE000S9YS762,LINDE PLC,LIN,Common Stock
IE000T9EOCL3,ISHARES MSCI WORLD SMALL CAP,EWSA,Mutual Fund
IE000TG1LGI4,UBS ETF MSCI WORLD SELECTION,WDESG,Mutual Fund
IE000UQND7H4,HSBC MSCI WLD ETF USD ACC,HMWA,Mutual Fund
IE000Y77LGG9,AMUNDI MSCI WORLD SRI PA,XAM0,Mutual Fund
IE0031080868,ISHARES EU GV BD I(IE)-IEURA,BARGVBD,Mutual Fund
IE0031786696,VANGUARD-EMR MK ST IN-EUR AC,VANEMEI,Mutual Fund
IE0032126645,VANGUARD US 500 STK ID-EURHA,VANUIEI,Mutual Fund
IE0032568770,PIMCO-EMRG MKT-INS E HED ACC,PIMEIEA,Mutual Fund
IE0032876397,PIMCO-GBL INV GRADE-IEHD-ACC,PIMGIIA,Mutual Fund
IE00B04GQR24,VANGUARD-EURO I LK IN-EU ACC,VANEZON,Mutual Fund
IE00B0M63623,ISHARES MSCI TAIWAN,ITWN,Mutual Fund
IE00B1FZS681,ISHARES EURO GOVT 3-5Y,IBGX,Mutual Fund
IE00B1XNHC34,ISHAR GL CL EN TR UCI ETF-US,INRG,Mutual Fund
IE00B2NSVP60,PIMCO GIS-EURO CREDIT-INS AC,PIMEUBD,Mutual Fund
IE00B2R34Y72,PIMCO GIS-GL HI YD-E H IS AC,PIMGHYH,Mutual Fund
IE00B3D07F16,ISHARE EMKT-IF-I-AEUR,BGIEIAE,Mutual Fund
IE00B3DBRP41,PP  IN SRV-JH GLB SL STRL-AE,JHGLSIE,Mutual Fund
IE00B3DJ5M15,FD HR GL EMER MKT-F EUR ACC,HGMEFEA,Mutual Fund
IE00B3DKXQ41,ISH EU AG BD ESG SR UCITS-EU,EUN4,Mutual Fund
IE00B3F81R35,ISHARES CORE EURO CORP BOND,EUN5,Mutual Fund
IE00B3FPH103,,,
IE00B3VVMM84,VANG FTSE EM USDD,VDEM,Mutual Fund
IE00B3VWM098,ISH MS USA SCCE ESG UCITS-US,CSUSS,Mutual Fund
IE00B3WJKG14,ISHARES S&P 500 IT SECTOR,IUIT,Mutual Fund
IE00B3XXRP09,VANG S&P500 USDD,VUSA,Mutual Fund
IE00B3YLTY66,SP MS ALL CO WI MKT UC ET-AC,SPYI,Mutual Fund
IE00B4BNMY34,ACCENTURE PLC-CL A,CSA,Common Stock
IE00B4K48X80,ISHARES CORE MSCI EUROPE ACC,IMAE,Mutual Fund
IE00B4L5Y983,ISHARES CORE MSCI WORLD,IWDA,Mutual Fund
IE00B4L5YX21,ISHARES CORE MSCI JAPAN,IJPA,Mutual Fund
IE00B4L60045,ISHARES EURO CORP 1-5YR,SE15,Mutual Fund
IE00B4WXJJ64,ISHARES CORE EURO GOVT BOND,SEGA,Mutual Fund
IE00B52MJY50,ISHARES CORE MSCI PACIF X-JP,SXR1,Mutual Fund
IE00B52VJ196,ISHARES MSCI EUROPE SRI,IESG,Mutual Fund
IE00B53HP851,ISHARES CORE FTSE 100 ACC,CSUKX,Mutual Fund
IE00B5BMR087,ISHARES CORE S&P 500,CSSPX,Mutual Fund
IE00B5M4WH52,ISHARES JPM EM LCL GOV BND,SEML,Mutual Fund
IE00B5SSQT16,HSBC MSCI EMERGING MARKETS U,HMEM,Mutual Fund
IE00B60SX170,INVESCO MSCI USA,SMSUS,Mutual Fund
IE00B60SX394,INVESCO MSCI WORLD,SMSWLD,Mutual Fund
IE00B62WCL09,ISHR DEV WRLD IDX-INS ACEUR,BGIWEIA,Mutual Fund
IE00B67T5G21,ISHARES EU INV G CP BD-INEA,BRIGIEA,Mutual Fund
IE00B6R52259,IS MSCI ALL CNTRY WRD ETF-UA,ISAC,Mutual Fund
IE00B6RVWW34,ISHR JAPAN INDEX-INST ACC E,BGIJPEA,Mutual Fund
IE00B6X95T99,IRELAND GOVERNMENT BOND,IRISH 3.4 03/18/24,Govt
IE00B6YX4K42,BARINGS EUROLOAN A EUR ACC,BABEAEA,Mutual Fund
IE00B6YX5M31,SS SPD BE HYB UCIT ETF-USD I,SYBJ,Mutual Fund
IE00B78CT216,ISHR NRTH AMER IDX-INS ACEUR,BGINAEA,Mutual Fund
IE00B78JSG98,UBS ETF MSCI USA VALUE,UBU5,Mutual Fund
IE00B8KGV557,ISHARES EDGE MSCI EM MIN VOL,EMMV,Mutual Fund
IE00B8KQN827,EATON CORP PLC,ETN,Common Stock
IE00B945VV12,VANG FTSE EUR EURD,VEUR,Mutual Fund
IE00B95PGT31,VANG FTSE JPN USDD,VDJP,Mutual Fund
IE00B9M6RS56,ISHARES JPM USD EM BND EUR-H,EMBE,Mutual Fund
IE00B9M6SJ31,ISHARES GLB CORP BD EUR-H,IBCQ,Mutual Fund
IE00BCRY6557,ISHARES EURO ULTRASHORT BOND,ERNE,Mutual Fund
IE00BD0PCJ82,NB EM MR DBT-HRD CUR FD-I3EA,NBEDI3A,Mutual Fund
IE00BD1F4M44,ISHARES EDGE MSCI USA VALUE,IUVL,Mutual Fund
IE00BD4TXV59,UBS ETF MSCI WORLD USD A-ACC,UETW,Mutual Fund
IE00BD5BKF38,NB EM MRK DBT-LOC CUR FD-IEI,NBEIAUH,Mutual Fund
IE00BDQZMX67,UBS-MSCI ACW UNV UCTS-A US I,AWESG,Mutual Fund
IE00BDR55471,UBS ETF ACWI SRI USD ACC,AWSRIA,Mutual Fund
IE00BF16M727,FIRST TRUST CYBERSECURITY,CIBR,Mutual Fund
IE00BF1QPL78,SS SPDR BGAB UCITS ETF-EUR H,SPFE,Mutual Fund
IE00BF4G6Z54,JPM GL EM REI ACT UCITS ETF,JREM,Mutual Fund
IE00BF4RFH31,ISHARES MSCI WLD SMALL CAP,WSML,Mutual Fund
IE00BFG1TM61,ISHARES DEV WLD SCR IDX-IEUR,BDWTEIA,Mutual Fund
IE00BFMNPS42,X MSCI USA ESG 1C,XZMU,Mutual Fund
IE00BFNM3D14,ISHARES MSCI EUROPE SCREENED,SAEU,Mutual Fund
IE00BFNM3G45,ISHARES MSCI USA SCREENED UC,SASU,Mutual Fund
IE00BFNM3J75,ISHARES MSCI WORLD SCREENED,SAWD,Mutual Fund
IE00BFNM3P36,ISHARES MSCI EM IMI SCREENED,SAEM,Mutual Fund
IE00BFXR5Q31,L&G US EQUITY UCITS ETF,LGUS,Mutual Fund
IE00BFXR5S54,L&G GLOBAL EQUITY UCITS ETF,LGGL,Mutual Fund
IE00BFXR5T61,L&G JAPAN EQUITY UCITS ETF,LGJP,Mutual Fund
IE00BFY0GT14,SS SPDR MSCI WORLD UC-USD AC,SPPW,Mutual Fund
IE00BFY85B09,,,
IE00BFZPF439,INVES USD AT1 CB UCITS-EURHI,XAT1,Mutual Fund
IE00BG36TC12,X MSCI JAPAN ESG 1C,XZMJ,Mutual Fund
IE00BGHQ0G80,X MSCI ACWI SCRND 1C,XMAW,Mutual Fund
IE00BGYWT403,VANG EURCPBD EURA,VECA,Mutual Fund
IE00BH4GPZ28,SS SPDR S&P 5 LD UCIT ETF-UA,SPPY,Mutual Fund
IE00BHZPJ239,ISH MS EM E EN CTB U ETF-USA,EDM2,Mutual Fund
IE00BHZPJ452,ISHARE MSCI JPN EN CTB-USAC,EDMJ,Mutual Fund
IE00BHZPJ569,ISH MSCI WRLD CTB EHD ESG-UA,EDMW,Mutual Fund
IE00BHZPJ783,ISHARES MS EUR EE CTB UCI-UA,EDM6,Mutual Fund
IE00BHZPJ890,ISHARES MSCI USA ESG ENHANCE,EEDS,Mutual Fund
IE00BHZPJ908,ISHARE MSCI ENH CTB UCITS-UA,EDMU,Mutual Fund
IE00BHZRR030,FRK FTSE KOREA UCITS ETF,FLXK,Mutual Fund
IE00BJ0KDQ92,X MSCI WORLD 1C,XDWD,Mutual Fund
IE00BJ0KDR00,X MSCI USA UCITS ETF,XD9U,Mutual Fund
IE00BJ38QD84,SS SPDR RUSSELL 2000 US SMAL,ZPRR,Mutual Fund
IE00BJ5JNY98,ISH MS WR IN TE SE AD-USDINC,WITS,Mutual Fund
IE00BJ5JNZ06,ISHA MSCI WRD HC SAD UETF-UI,WHCS,Mutual Fund
IE00BJ5JPH63,ISHARES JPM USD EM BND EUR-H,3SUD,Mutual Fund
IE00BJ7JJT40,NUBGR EM MK DB-HD CU FD-I2EA,NBEEUI2,Mutual Fund
IE00BJ7VWB39,,,
IE00BJBYDP94,CSIF USA ESG LEADERS,USESGEUR,Mutual Fund
IE00BJBYDQ02,CSIF WORLD ESG LEADERS,WDESIZ,Mutual Fund
IE00BJK55C48,ISHARES EUR HIGH YIELD CORP,EHYA,Mutual Fund
IE00BJQRDK83,INVESCO MSCI WORLD UNIVERSAL,ESGW,Mutual Fund
IE00BJQRDM08,INVESCO MSCI USA UNIVERSAL S,ESGU,Mutual Fund
IE00BJZ2DC62,X MSCI USA SCRND 1C,XRSM,Mutual Fund
IE00BJZ2DD79,X RUSSELL 2000 1C,XRS2,Mutual Fund
IE00BK1PV551,X MSCI WORLD 1D,XDWL,Mutual Fund
IE00BK9ZQ967,TRANE TECHNOLOGIES PLC,TT,Common Stock
IE00BKM4GZ66,ISHARES CORE EM IMI ACC,EMIM,Mutual Fund
IE00BKVD2N49,SEAGATE TECHNOLOGY HOLDINGS,STXN,Common Stock
IE00BKVL7331,ISH MSCI USA MIN VAD UETF-UA,MVEA,Mutual Fund
IE00BKVL7778,ISHARES EMSCI WM VO AD UC-US,MVEW,Mutual Fund
IE00BKWQ0M75,SS SPDR MSCI EUROPE SM CP-EA,SMC,Mutual Fund
IE00BKY59K37,HSBC DEV WORLD SCD EQ ETF,HSWD,Mutual Fund
IE00BL25JM42,X MSCI WORLD VALUE 1C,XDEV,Mutual Fund
IE00BL25JN58,X MSCI WORLD MIN VOL 1C,XDEB,Mutual Fund
IE00BL5BFR67,NEUBERGER BER GLO SUS EQ-I5E,NEGSEIE,Mutual Fund
IE00BM67HK77,X MSCI WORLD HEALTH CARE,XDWH,Mutual Fund
IE00BM67HM91,X MSCI WORLD ENERGY 1C,XDW0,Mutual Fund
IE00BM67HN09,X MSCI WORLD CONS STAP 1C,XDWS,Mutual Fund
IE00BM67HQ30,X MSCI WORLD UTILITIES 1C,XDWU,Mutual Fund
IE00BM67HR47,X MSCI WORLD COM SERV 1C,XWTS,Mutual Fund
IE00BM67HS53,X MSCI WORLD MATERIALS 1C,XDWM,Mutual Fund
IE00BM67HT60,X MSCI WORLD INFO TECH 1C,XDWT,Mutual Fund
IE00BMC38736,VANECK SEMICONDUCTOR ETF,SMH,Mutual Fund
IE00BMDPBZ72,FRANKLIN SP500 PA UCITS ETF,FLX5,Mutual Fund
IE00BMG6Z448,ISHARES MSCI EM XCHINA,EXCH,Mutual Fund
IE00BMP3HN93,UBS ETF UK IMI SRI A,UKSR,Mutual Fund
IE00BMTX1Y45,ISHARES S&P500 SWAP UCITS,I500,Mutual Fund
IE00BMXC7V63,ISHARES S&P500 PARIS-ALGND A,UPAB,Mutual Fund
IE00BN4Q1675,UBS ETF EM PAB USD ACC,EMPA,Mutual Fund
IE00BP2C1V62,HSBC MSCI WORLD CLIMATE PARI,HPAW,Mutual Fund
IE00BP3QZ825,ISHR EDGE MSCI WRLD MOMENTUM,IWMO,Mutual Fund
IE00BP3QZB59,ISHARES EDGE MSCI WRLD VALUE,IWVL,Mutual Fund
IE00BTJRMP35,X MSCI EM 1C,XMME,Mutual Fund
IE00BTN1Y115,MEDTRONIC PLC,MDT,Common Stock
IE00BX7RR706,UBSETF FACTOR USA PV H EUR A,UPVLD,Mutual Fund
IE00BXQ9CQ11,NB EM MR DBT-HRD CUR FD-I2EA,NBEEI4A,Mutual Fund
IE00BY7QL619,JOHNSON CONTROLS INTERNATION,JCI,Common Stock
IE00BYVJRP78,ISHARES MSCI EM SRI UCITS,SUSM,Mutual Fund
IE00BYVJRR92,ISHARES SUST MSCI USA SRI,SUAS,Mutual Fund
IE00BYX2JD69,ISHARES MSCI WORLD SRI-EUR-A,SUSW,Mutual Fund
IE00BYX8XC17,ISHARES MSCI JAPAN SRI USD-A,SUJP,Mutual Fund
IE00BYYW2V44,SS SPDR S&P 500 UCIT ETF-EUH,SPPE,Mutual Fund
IE00BYZK4552,ISHARES AUTOMATION&ROBOTIC-A,RBOT,Mutual Fund
IE00BYZTVT56,ISHARES EUR COR BD ESG SR-ED,SUOE,Mutual Fund
IE00BZ02LR44,X MSCI WORLD ESG 1C,XZW0,Mutual Fund
IE00BZ163H91,VANG EURGVBD EURD,VETY,Mutual Fund
IE00BZ163L38,VANG USDEMGVB USDD,VEMT,Mutual Fund
IT0000072618,INTESA SANPAOLO,IES,Common Stock
IT0003128367,ENEL SPA,ENEL,Common Stock
IT0003796171,POSTE ITALIANE SPA,PST,Common Stock
IT0004176001,PRYSMIAN SPA,PRY,Common Stock
IT0005239360,UNICREDIT SPA,CRIN,Common Stock
JE00BN574F90,WIZZ AIR HOLDINGS PLC,WIZZ,Common Stock
LT0000100372,ROKISKIO SURIS,RSU1L,Common Stock
LT0000102030,AB GRIGEO,GRG1L,Common Stock
LT0000102253,ARTEA BANKAS AB,ROE1L,Common Stock
LT0000102337,APRANGA PVA,APG1L,Common Stock
LT0000115768,AB IGNITIS GRUPE,IGN1L,Common Stock
LT0000123911,TELIA LIETUVA AB,TEL1L,Common Stock
LT0000127466,AUGA GROUP AB,AUG1L,Common Stock
LT0000127508,VILKYSKIU PIENINE,VLP1L,Common Stock
LT0000128092,AKOLA GROUP AB,AKO1L,Common Stock
LT0000128621,INTER RAO LIETUVA AB,IRL,Common Stock
LT0000131419,,,
LT0000131872,NOVATURAS AB,NTU,Common Stock
LT0000133258,LITHUANIA GOVERNMNT BOND,LITHGB 2.7 08/05/28 3YR,Govt
LT0000134413,CIVINITY AB,CIVINI 10 07/17/29,Corp
LT0000134439,ATSINAUIJINANCIOS ENERGE,ATSENE 8 12/13/27 EMTN,Corp
LT0000135436,VALSTYBES INVESTICINIS,VLSTIK 3.119 09/24/29 EMTN,Corp
LT0000135840,ATSINAUIJINANCIOS ENERGE,ATSENE 8.5 12/04/26 EMTN,Corp
LT0000136244,ARTEA EMERGING MARKETS EX-I,ARTEMBI,Mutual Fund
LT0000404980,MAXIMA GRUPE UAB,MAXGPE 0 03/17/22 EMTN,Corp
LT0000405664,VALSTYBES INVESTICINIS,VLSTIK 0 09/22/25 EMTN,Corp
LT0000405771,SIAULIU BANKAS,SABLLH V1.047 10/07/25 EMTN,Corp
LT0000405938,UZDAROJO TIPO INFORMUOTI,ATSENE 5 06/15/26,Corp
LT0000406258,VALSTYBES INVESTICINIS,VLSTIK 0.65 03/08/25 EMTN,Corp
LT0000406431,,,
LT0000406530,EPSO-G UAB,EPSUAB 3.117 06/08/27,Corp
LT0000406613,VALSTYBES INVESTICINIS,VLSTIK 2.826 06/30/27 EMTN,Corp
LT0000407561,PARTNERYSTES PJT KT UAB,EIKA 15 04/28/26,Corp
LT0000407751,ARTEA BANKAS AB,SABLLH V10.75 06/22/33,Corp
LT0000408940,,,
LT0000409229,INVALDA INVL AB,IVLLLH 7 06/14/27 EMTN,Corp
LT0000607061,LITHUANIA GOVERNMNT BOND,LITHGB 3.7 10/25/19 7Y,Govt
LT0000607087,LITHUANIA GOVERNMNT BOND,LITHGB 3.4 10/03/20 7Y,Govt
LT0000610057,LITHUANIA GOVERNMNT BOND,LITHGB 5.5 05/17/22 10Y,Govt
LT0000610065,LITHUANIA GOVERNMNT BOND,LITHGB 4.1 02/28/23 10Y,Govt
LT0000610073,LITHUANIA GOVERNMNT BOND,LITHGB 1.1 04/26/27 10Y,Govt
LT0000610081,LITHUANIA GOVERNMNT BOND,LITHGB 0.2 08/28/29 10Y,Govt
LT0000610305,LITHUANIA GOVERNMNT BOND,LITHGB 1.2 05/03/28 10Y,Govt
LT0000612012,LITHUANIA GOVERNMNT BOND,LITHGB 0.3 02/12/32 12Y,Govt
LT0000630048,LITHUANIA GOVERNMNT BOND,LITHGB 0 03/29/20 3Y.,Govt
LT0000630055,LITHUANIA GOVERNMNT BOND,LITHGB 0 01/31/21 3Y,Govt
LT0000630063,LITHUANIA GOVERNMNT BOND,LITHGB 0.1 03/20/22 3Y,Govt
LT0000630071,LITHUANIA GOVERNMNT BOND,LITHGB 0.1 04/01/23 3Y,Govt
LT0000630089,LITHUANIA GOVERNMNT BOND,LITHGB 0 06/02/24 4Y,Govt
LT0000630097,LITHUANIA GOVERNMNT BOND,LITHGB 1.3 08/04/25 3Y,Govt
LT0000630105,LITHUANIA GOVERNMNT BOND,LITHGB 3.9 08/02/26 3Y,Govt
LT0000650012,LITHUANIA GOVERNMNT BOND,LITHGB 0.7 05/27/20 5Y,Govt
LT0000650020,LITHUANIA GOVERNMNT BOND,LITHGB 0.3 05/04/21 5Y,Govt
LT0000650038,LITHUANIA GOVERNMNT BOND,LITHGB 0.3 09/27/22 5Y,Govt
LT0000650046,LITHUANIA GOVERNMNT BOND,LITHGB 0.4 08/16/23 5Y,Govt
LT0000650053,LITHUANIA GOVERNMNT BOND,LITHGB 0.4 04/17/24 5Y,Govt
LT0000650061,LITHUANIA GOVERNMNT BOND,LITHGB 0 01/22/26 5.5Y,Govt
LT0000650079,LITHUANIA GOVERNMNT BOND,LITHGB 0 06/02/26 5Y,Govt
LT0000650087,LITHUANIA GOVERNMNT BOND,LITHGB 2.3 07/13/27 5Y,Govt
LT0000670010,LITHUANIA GOVERNMNT BOND,LITHGB 0.6 06/29/23 7 Y,Govt
LT0000670028,LITHUANIA GOVERNMNT BOND,LITHGB 0.7 08/23/24 7Y,Govt
LT0000670036,LITHUANIA GOVERNMNT BOND,LITHGB 0.8 11/21/25 7Y,Govt
LT0000670044,LITHUANIA GOVERNMNT BOND,LITHGB 0.1 11/27/26 10Y,Govt
LT0000670051,LITHUANIA GOVERNMNT BOND,LITHGB 0 03/03/28 7Y,Govt
LT0000670069,LITHUANIA GOVERNMNT BOND,LITHGB 2.4 12/15/29 7Y,Govt
LT1000607010,LITHUANIA GOVERNMNT BOND,LITHGB 2.1 08/28/21 7YR,Govt
LT1000610014,LITHUANIA GOVERNMNT BOND,LITHGB 2.1 11/06/24 10Y,Govt
LTIF00000435,INVL-RUSSIA TOP 20 FUND,FINRTEUR,Mutual Fund
LTIF00000443,INVL NEW EUROPE TOP 20-A,FINETEUR,Mutual Fund
LTIF00000468,ARTEA PAN-EUROPEAN AND BALTI,FINEEBA,Mutual Fund
LTIF00000666,ARTEA EMERGING MARKETS EX-DI,INVLGEM,Mutual Fund
LTIF00000898,,,
LU0106234999,SCHRODER INTL EURO SHT T-CAC,SCHESCA,Mutual Fund
LU0106235459,SCHRODER INTL EURO EQT-C ACC,SCHEUCA,Mutual Fund
LU0106235889,SCHRODER INTL EURO BOND-C AC,SCHEBAA,Mutual Fund
LU0106236184,SCHRODER INTL-EUR GV BD-C AC,SCHIBCA,Mutual Fund
LU0113258742,SCHRODER INTL EURO CORP-CAC,SCHEHIC,Mutual Fund
LU0122113094,SEB GLBL OPPRTY FD-C EUR AC,SEBGCRA,Mutual Fund
LU0130102931,NIFLI-HRIS OKMK US VEF-IA US,CDCOLCI,Mutual Fund
LU0136043634,SCHRODER INTL EURO LIQ-C ACC,SISFELC,Mutual Fund
LU0160772918,AVIVA INV-EUROPN EQ-IE,PRIGRI1,Mutual Fund
LU0160787940,,,
LU0180781394,SCHRODER INTL GL INF LKD-C-A,SCHGRRC,Mutual Fund
LU0191250769,GS GBL SUST EQ-I CAP EUR,INGSGIC,Mutual Fund
LU0209325462,ROBECO EMERGING MKT EQY-IEUR,ROBEMRI,Mutual Fund
LU0210246277,ROBECO EURO CRDT BND-IE,ROECRBI,Mutual Fund
LU0219424644,MFS MER-GLOBAL EQUITY-I1 EUR,MFGEIE1,Mutual Fund
LU0227757233,ROBECO HIGH YLD BD-IHE,RGCGMNI,Mutual Fund
LU0229519557,,,
LU0229519714,NORDEA 1-ASIA X JPN EQ-BIUSD,FAEVFBI,Mutual Fund
LU0229520647,,,
LU0234688595,GS GL CREDIT HD IA H,GSCHIAE,Mutual Fund
LU0236738356,SCHRODER INTL JPN EQTY EH-C,SCHJPHC,Mutual Fund
LU0239950693,,,
LU0248167883,SCHRODER INTL GL EQ ALP-CE A,SCHGECE,Mutual Fund
LU0248173857,SCHRODER INT EME ASIA-CE-ACC,SCHEICA,Mutual Fund
LU0248183658,SISF-ASIAN OPPORT-CEA,SCHPFCE,Mutual Fund
LU0248185604,SCHRODER INTL US LARG CP CEA,SCHUSCE,Mutual Fund
LU0271484684,SCHRODER INTL US LG CAP EH-C,SCHLCHC,Mutual Fund
LU0274208692,X MSCI WORLD SWAP 1C,XMWO,Mutual Fund
LU0274210672,X MSCI USA SWAP 1C,XMUS,Mutual Fund
LU0278085062,VONTOBEL-EUROPEAN EQUITY-I,VONEUJC,Mutual Fund
LU0278087357,VONTOBEL-GREEN BOND-I,VONEBDJ,Mutual Fund
LU0279459969,SCHRODER INT-GL EM M OP-CE-A,SCGMOCE,Mutual Fund
LU0290355717,X EUROZONE GOVT BOND 1C,XGLE,Mutual Fund
LU0290356871,X EURZ GOVT BOND 1-3 1C,DBXP,Mutual Fund
LU0290356954,X EURZ GOVT BOND 3-5 1C,X35E,Mutual Fund
LU0309381191,TRIOD SCV I-GLO EQ IMPA-IACC,TRVEFIC,Mutual Fund
LU0322252338,X MSCI PAC EX JP 1C,DXS6,Mutual Fund
LU0322253906,X MSCI EUROPE SMALL CAP 1C,XXSC,Mutual Fund
LU0328475792,X STOXX EUROPE 600 1C,XSX6,Mutual Fund
LU0334663407,SCHRODER ITL US SM & M-CEH-A,SCUSIHC,Mutual Fund
LU0335102843,NORDEA I SIC-NORDIC BI-EUR,NORNEBI,Mutual Fund
LU0355583906,JPMORGAN F-EU GOVER BOND-CEA,JPMGBAC,Mutual Fund
LU0368557038,VONTOBEL-US EQUITY - HI,VONUVHI,Mutual Fund
LU0372814920,,,
LU0389150375,SEB FD 3-SB GBL AC EX LX-CUA,SEBEGIC,Mutual Fund
LU0389810994,AM MS EM ES LED SEL-IEC,CAIDXIC,Mutual Fund
LU0389812008,AMD MSCI NA ESG BR TR-IE EUR,CAINAIA,Mutual Fund
LU0415415800,VONTOBEL - COMMODITY-I USD,VONBCIU,Mutual Fund
LU0446734872,UBS ETF MSCI CANADA USD,CANCDA,Mutual Fund
LU0476289540,X MSCI CANADA SCRND 1C,D5BH,Mutual Fund
LU0476540926,NORDEA I SIC-GLOBAL PFL-BIEU,NORGPBI,Mutual Fund
LU0476541221,NORDEA I SIC-GLOBAL P BP-EUR,NORGLPE,Mutual Fund
LU0484968812,X EUR CORP SRI PAB 1D,XB4F,Mutual Fund
LU0489337690,X FTSE EUROPE REAL ESTATE 1C,D5BK,Mutual Fund
LU0511055591,SCHRODER INTL USD LIQ-CE ACC,SCUSDCE,Mutual Fund
LU0557291233,SCHRODER GLOB SUST GRTH-EHCA,SGDWEHC,Mutual Fund
LU0568620131,AMUNDI-CASH EUR-I2 EUR C,SOGMEBC,Mutual Fund
LU0602539271,NORDE 1 SICA-ES STAR EF-BI,NEMSBIE,Mutual Fund
LU0629460089,UBS MSCI USA SCL RB UCIT ETF,UIMP,Mutual Fund
LU0643975161,X GERMANY GOV BOND 1C,X03G,Mutual Fund
LU0659579733,X MSCI WORLD SWAP 4C EUR,XWEH,Mutual Fund
LU0690964092,X GLOBAL GOV BOND 1D EUR,XGVD,Mutual Fund
LU0772925276,NORDEA 1 EMERG MKT BOND-BIE,NEMBBIE,Mutual Fund
LU0772948997,NORDEA 1-ASIA X JPN EQ-BIEUR,NOAFBIE,Mutual Fund
LU0772957550,NO1-NRTH AMER SUS STR EQ-BIE,NNAABIE,Mutual Fund
LU0788520111,ALLIANZ BEST STYLES GLB E-I,ALBSGEI,Mutual Fund
LU0828818087,JAN HND HRZN EUR HY BO-I2EUR,HEHYIZE,Mutual Fund
LU0836512706,BLACKROCK GIF I EU EQ IN-A2E,BGIEEA2,Mutual Fund
LU0908500753,AMUNDI CORE STOXX EUROPE 600,MEUDEUR,Mutual Fund
LU0914729453,MIROVA GBL SUSTAINABLE EQ-IE,MGSEIAE,Mutual Fund
LU0915370448,,,
LU0942970798,X ESG GLOBAL AGGR BND 5C EUR,XBAE,Mutual Fund
LU0950381748,BNP EASY EPRA EZ C,EEA,Mutual Fund
LU0950672807,UBSETF MSCI CANADA CAD A-ACC,CANA,Mutual Fund
LU0950674332,UBS ETF MSCI WORLD SRI USD A,SEAC,Mutual Fund
LU0957651143,SEB FUND 1 - GLB FCS FND-ICE,SKAEICE,Mutual Fund
LU0975280396,NORD1 SIC-GLB OPP FND-BI-EUR,NGLBPPI,Mutual Fund
LU0982019712,ALLIANZ-BEST STYLE US EQ-WT,ALLBSWT,Mutual Fund
LU0985319473,NRD 1 SIC-GLB SUST SEF-BI-EU,NOGEBIE,Mutual Fund
LU0992624949,CARMIGNAC-SECURT-FW EUR ACC,CARPSFE,Mutual Fund
LU0992631217,CARMIGNAC PORT FLX BD-FEURA,CARCFEA,Mutual Fund
LU0995119822,SCHRODER IN-EURO CR CO-C EUR,SIECCCE,Mutual Fund
LU0996177720,AMND SP 50 SCRND INDX-IE EUR,AIUSIEC,Mutual Fund
LU0996178371,AMND SP 50 SCRND INDX-IHE EU,AIUIHEC,Mutual Fund
LU0996179858,AMUND MS JPN ESG BT INX-IEEA,AIEJIEC,Mutual Fund
LU0996180351,AMND MS JPN ESG BT INX-IHEEA,AIEIHEC,Mutual Fund
LU0996181599,AMUNDI FUNDS INX MSCI-IE-C,AMWDIEC,Mutual Fund
LU1019963526,ALLIANZ BST STL ERP EQUITY-I,ALBSEEQ,Mutual Fund
LU1019964417,ALLIANZ BST STL ERP EQTY-WT,ALBSEWT,Mutual Fund
LU1046231665,SCHRODER INTL JPN EQ-C ACC,SCJPEQC,Mutual Fund
LU1049757047,AMD MSCI NA ESG BR TR-IE EUR,AMIIHEC,Mutual Fund
LU1079841273,OSSIAM SHILLER BRLY CAPE EUR,CAPU,Mutual Fund
LU1088021974,KJK BALKAN DISCOVERY-A 6/14,KJKBKDA,Mutual Fund
LU1096671539,RBC LUX - GLB EQ FOC-O USD,RBCGLFO,Mutual Fund
LU1109942653,X EUR HY CORP BOND 1D,XHYG,Mutual Fund
LU1109943388,X EUR HY CORP BOND 1C,XHYA,Mutual Fund
LU1171709931,VONTOBEL-GLOBAL EQUITY-AIEU,VGEAIEU,Mutual Fund
LU1223083160,SCHRODER ISF-GL GOLD-C A EUR,SCHGCAE,Mutual Fund
LU1242369327,X MSCI EUROPE 1D,XIEE,Mutual Fund
LU1246890583,,,
LU1246890740,,,
LU1274822847,,,
LU1291091228,BNP P FTSE EPRA/NAREIT EURP,EEP1EUR,Mutual Fund
LU1291092549,BNP E JPM ESG EMBI GL-IH EUR,BNJTIHE,Mutual Fund
LU1291099718,BNP EASY MSCI EUROPE ESG,EEUE,Mutual Fund
LU1291102447,BNP EASY MSCI JAPAN ESG,EJAP,Mutual Fund
LU1291106356,BNP EASY MSCI PACEX ESG,EPEJ,Mutual Fund
LU1293074800,SISF-EURO CR CNV SHT DRN-CAE,SCECCAE,Mutual Fund
LU1311290925,ALLNZ-BEST STYLE US EQ-IT,ALLBEIT,Mutual Fund
LU1312078915,SEB ASET SETIN FD-IC EUR AC,SEBAICE,Mutual Fund
LU1328851503,AMD FTSE EPRA NAREIT GLOB-IE,AMEWIEC,Mutual Fund
LU1367089452,,,
LU1367089619,,,
LU1373035663,BLACKROCK GIF I EMMK GV-I2HE,BGEMI2H,Mutual Fund
LU1408525894,ROBECO SUS GL ST EQ FD-ILEUR,ROBGSIL,Mutual Fund
LU1434524259,CANDRIAM SUS EQTY EM MK-ZC,CSEEMIC,Mutual Fund
LU1434527781,CANDRIAM SUS EQY WORLD-CDEUR,CSEWICE,Mutual Fund
LU1437015735,AM CORE MSCI EUROPE ETF ACC,CEU2,Mutual Fund
LU1437016972,AMUNDI INDEX MSCI WORLD DR,MWRDEUR,Mutual Fund
LU1437017350,AM CR MSCI EMRG MRKT ETF ACC,AEME,Mutual Fund
LU1437018168,AMUNDI EUR CORPORATE BOND ES,ECRP,Mutual Fund
LU1437020909,AMU MSCI WOR ESG BRO TRAN-IE,AIEGLIA,Mutual Fund
LU1448083474,,,
LU1448083714,,,
LU1547515137,BNPP ESY JP EM GD CM-UE H EA,EMBH,Mutual Fund
LU1570390598,,,
LU1570391646,,,
LU1615092217,BNP EASY MSCI WORLD SRI D,EMWE,Mutual Fund
LU1645746287,ALLIANZ BST STYL GL E-WT,ALBSGWT,Mutual Fund
LU1648399829,NORDEA 2 SICAV-BE PEGDEF-BIE,N2GEBIE,Mutual Fund
LU1650487413,AM EURO GOV BOND 1-3Y-ETF A,MTA,Mutual Fund
LU1650488494,AM EURO GOV BOND 3-5Y-ETF A,MTB,Mutual Fund
LU1655103643,OSSIAM BLOOMBERG JAPAN PAB N,OP5E,Mutual Fund
LU1659681669,BNP EASY MSCI USA SRI D,EKUS,Mutual Fund
LU1664635726,VONTOBE US EQUITY-I,VONUSEI,Mutual Fund
LU1673108939,AROUNDTOWN SA,AT1,Common Stock
LU1681039480,AMUNDI FTSE EPRA EUR RL EST,EPRE,Mutual Fund
LU1681040223,AMUNDI STOXX EUROPE 600 ESG,C6E,Mutual Fund
LU1681042609,AMUNDI MSCI EU ESG BROAD,CEU,Mutual Fund
LU1681044480,AMUNDI MSCI EM ASIA UCITS ET,AASI,Mutual Fund
LU1681045024,AMUNDI MSCI EM LATIN AME ETF,ALAT,Mutual Fund
LU1681045370,AM MSCI EMS SWAP ETF EUR ACC,AEEM,Mutual Fund
LU1681046261,AMUNDI EURO GOV TILT GRN BON,CB3G,Mutual Fund
LU1681048804,AM S&P 500 SWAP ETF EUR ACC,500,Mutual Fund
LU1686832194,AMUNDI EUR GOV BOND 25+Y ACC,MTH,Mutual Fund
LU1706108732,NOR 1 SI-EUR SUS STARS EQ-BE,NOESBIE,Mutual Fund
LU1711526407,SEB FD 3-SB GBL AC EX LX-ICE,SE3ICEU,Mutual Fund
LU1753045928,BNP PAR EASY MSCI JAP SRI-UI,SRIJ,Mutual Fund
LU1780616741,,,
LU1780616824,,,
LU1781541179,LYXOR CORE MSCI WORLD DR,LCUWEUR,Mutual Fund
LU1792117779,LYXOR MSCI WLD ESG LEAD EXTR,LESWEUR,Mutual Fund
LU1829219127,AM EUR CO BD CPA ETF A,CRP,Mutual Fund
LU1829219390,AM EURO STOXX BANKS-ETF ACC,BNKE,Mutual Fund
LU1829221024,AM CR NASDAQ-100 SWP ETF ACC,UST,Mutual Fund
LU1834983477,AMUNDI EURSTX600 BANKS,BNK,Mutual Fund
LU1840779810,,,
LU1840780156,,,
LU1859445493,BNP PAR EA-MSCI EUR MI TE-TI,BMEURTI,Mutual Fund
LU1861133145,AMD MSCI WD SRI CLM PA A-IEA,AMWLDIE,Mutual Fund
LU1861134382,AMUNDI MSCI WORLD SRI PAB,2366334D,Mutual Fund
LU1861136247,AMUNDI MSCI USA SRI PAB,USRIEUR,Mutual Fund
LU1861137484,AMUNDI MSCI EUROPE SRI P-A,EUSRI,Mutual Fund
LU1861137724,AM MSCI EG MK SR CLPA AL-IEA,AMEMKIE,Mutual Fund
LU1861138961,AM I MSCI EM M SRI CPA,EMSRI,Mutual Fund
LU1882474585,AMUNDI-EUR GOVT BD RES-I2EUA,AEGBI2E,Mutual Fund
LU1883304872,AMUNDI EUROLAND EQY-I2EURC,AEEI2EC,Mutual Fund
LU1883312545,AMUNDI FD EUR EQ INC SE-I2EA,AETII2E,Mutual Fund
LU1883315480,AMUNDI EUR EQ VALUE-I2 EUR C,AEEVI2E,Mutual Fund
LU1883833946,AMUNDI FD GL EQUITY-I2 EUR C,APGEI2E,Mutual Fund
LU1883855246,AMUNDI-US EQ FNDM GROW-I2EUR,APUFI2E,Mutual Fund
LU1894685046,AMUNDI F US EQ R VAL-I2EURC,APURI21,Mutual Fund
LU1931975152,AM PRIM EURO GOV BD ETF DIST,PR1R,Mutual Fund
LU1959500916,BNP US SMALL CAP-IHEA,PAUSIHE,Mutual Fund
LU1987117642,SCHRODER INTL GLB EQTY-C EUR,SISGECE,Mutual Fund
LU1987118020,SCHRODER ISF SUST MF EQTY-CE,SISSMCE,Mutual Fund
LU2008763182,BPE-JPM ESG EMU GO B IG-TIEA,BBBTIEA,Mutual Fund
LU2009877999,FAIR OAKS AAA CLO FUND-MEURA,FOHGCME,Mutual Fund
LU2035667513,UBS L E GLB SUSTN USD-I A2 A,UBSGSA2,Mutual Fund
LU2037748774,AM EUR CORP BOND 0-3 C,ECRP3,Mutual Fund
LU2089238203,AMUNDI PRIME GLOBAL UCITS C,PRAW,Mutual Fund
LU2092914360,,,
LU2130768844,AMUNDI MSCI EUR CPA BROAD,LWCE,Mutual Fund
LU2152928433,N1- ASIN STB STR EQ-I EUR AC,NO1ABIE,Mutual Fund
LU2195226068,AM S&P EZONE CPA AM-ETF A,EPAB,Mutual Fund
LU2198664299,MR ST INV-CLSU EU CRP BD F-Z,MOECBZE,Mutual Fund
LU2198882362,LYXOR NET ZERO 2050 S&P W CL,EABGEUR,Mutual Fund
LU2198883410,LYXOR NET ZERO 2050 S&P 500,ZPA5EUR,Mutual Fund
LU2228214792,ART-ARTA EMRG EUR BD-IEURACC,INVLEEB,Mutual Fund
LU2244387457,BNP PARIB EASY JPM TILTED-UC,GEMU,Mutual Fund
LU2345046655,AM MSCI EX CHINA ESG SELECT,EMXG,Mutual Fund
LU2413667317,BNP PARIBAS FUNDS US GRW-IEA,BNFUGIC,Mutual Fund
LU2418734716,MSIF GLBL OPPORTUNITY-ZEUR,MOFGOZE,Mutual Fund
LU2422547757,,,
LU2482281057,,,
LU2526491159,SISF GLB SUS GROW-C,SCHSGSC,Mutual Fund
LU2531807738,AMU PRM EU GOV BN 0-1Y-IEEUR,AMPEBIE,Mutual Fund
LU2573966905,AM CORE MSCI EMS SP ETF DIST,CBMEM,Mutual Fund
LU2582359670,BNP PARIBAS FUNDS US GRW-IEA,BNUGIEC,Mutual Fund
LU2732984955,AMUNDI-US EQ FNDM GROW-J2EUR,AMPNFJE,Mutual Fund
LU2853083306,SEB MONTR BOLT GL EQ-UC1USDA,SEMBUC1,Mutual Fund
LU2870272577,D-X MSCI US SCRD UCITS ETF,DXUS,Mutual Fund
LU2870272908,D-X MSCI WRLD SCRN UCITS ETF,DXWO,Mutual Fund
LU2889894270,UBS LUX BD-EUR COR EUR-IA3AC,UBESIA3,Mutual Fund
LU3011731216,TROWE PRICE-GLB FC GR E-IEUR,TRGFGIE,Mutual Fund
LV0000104271,PN PROJECT AS,PNPROJ 10 06/04/27 DMTN,Corp
LV0000104487,RIGAS UDENS SIA,RIGUDN 4 06/04/30 EMTN,Corp
LV0000104669,ALTUM ATTISTIBAS FINANSU,ALTUMG 3.576 05/30/30 EMTN,Govt
LV0000570125,LATVIA GOVERNMENT BOND,LATVGB 1.875 11/21/19 5Y,Govt
LV0000570141,LATVIA GOVERNMENT BOND,LATVGB 0.375 01/27/22,Govt
LV0000570158,LATVIA GOVERNMENT BOND,LATVGB 0.25 05/12/23 5Y,Govt
LV0000570166,LATVIA GOVERNMENT BOND,LATVGB 0.5 11/02/23 5Y,Govt
LV0000570174,LATVIA GOVERNMENT BOND,LATVGB 0 01/31/25 5Y,Govt
LV0000580041,LATVIA GOVERNMENT BOND,LATVGB 6.625 02/04/21 10YR,Govt
LV0000580058,LATVIA GOVERNMENT BOND,LATVGB 5.25 10/27/22,Govt
LV0000801165,LATVENERGO AS,LATVEN 2.8 05/22/20,Corp
LV0000801777,LATVENERGO AS,LATVEN 1.9 06/10/22 EMTN,Corp
LV0000802353,ALTUM ATTISTIBAS FINANSU,ALTUMG 1.3 10/17/24 EMTN,Govt
LV0000802460,LATVENERGO AS,LATVEN 0.5 05/17/28 EMTN,Corp
LV0000802528,AUGSTSPRIEGUMA TIKLS,AUGSTS 0.5 01/20/27,Corp
LV0000802684,LATVENERGO AS,LATVEN 4.952 02/22/29 EMTN,Corp
LV0000803054,SC CITADELE BANKA,CITADE 8 04/05/34 EMTN,Corp
LV0000804334,SC CITADELE BANKA,CITADE V5 10/14/26 DMTN,Corp
LV0000870095,ALTUM ATTISTIBAS FINANSU,ALTUMG 0.443 10/08/26 EMTN,Govt
LV0000870129,LATVENERGO AS,LATVEN 2.42 05/05/27 EMTN,Corp
LV0000880037,ALTUM ATTISTIBAS FINANSU,ALTUMG 1.3 03/07/25 EMTN,Govt
LV0000880102,SC CITADELE BANKA,CITADE 5 12/13/31 EMTN,Corp
NL0000008977,HEINEKEN HOLDING NV,HEIO,Common Stock
NL0000226223,STMICROELECTRONICS NV,STMPA,Common Stock
NL0000395903,WOLTERS KLUWER,WKL,Common Stock
NL0000687663,AERCAP HOLDINGS NV,R1D,Common Stock
NL0009538784,NXP SEMICONDUCTORS NV,NXPI,Common Stock
NL0010060257,NETHERLANDS GOVERNMENT,NETHER 2.25 07/15/22,Govt
NL0010273215,ASML HOLDING NV,ASML,Common Stock
NL0010773842,NN GROUP NV,NN,Common Stock
NL0010832176,ARGENX SE,ARGX,Common Stock
NL0011585146,FERRARI NV,RACE,Common Stock
NL0011821202,ING GROEP NV,INGA,Common Stock
NL0012059018,EXOR NV,14742EUR,Common Stock
NL0012969182,ADYEN NV,ADYEN,Common Stock
NL0013654783,PROSUS NV,PRX,Common Stock
NL0015000AU7,PEPCO GROUP NV,PCO,Common Stock
NL0015002MS2,MAGNUM ICE CREAM CO NV/THE,MICC,Common Stock
NL0015002Q04,DUTCH TREASURY CERT,DTB 0 03/30/26,Govt
NO0003054108,MOWI ASA,MOWI,Common Stock
NO0003733800,ORKLA ASA,ORK,Common Stock
NO0005052605,NORSK HYDRO ASA,NHY,Common Stock
NO0010063308,TELENOR ASA,TEL,Common Stock
NO0010161896,DNB BANK ASA,DNB,Common Stock
NO0010208051,YARA INTERNATIONAL ASA,YAR,Common Stock
NO0010582521,GJENSIDIGE FORSIKRING ASA,GJF,Common Stock
NO0013252452,LIFEFITGROUP MIDCO,LFFTGM F 08/29/29,Corp
NO0013470559,CONTSHIPS LOGISTICS CORP,CRTSHP 9 02/11/30,Corp
NO0013536151,KONGSBERG GRUPPEN ASA,KOG,Common Stock
NO0013738609,BOSTON BIDCO NL BV,BBNBV F 03/31/30,Corp
PA1436583006,CARNIVAL CORP,CCL1USD,Common Stock
PLBNFTS00018,BENEFIT SYSTEMS SA,BFT,Common Stock
PLGPW0000017,WARSAW STOCK EXCHANGE,GPW,Common Stock
PLGTC0000037,GLOBE TRADE CENTRE SA,GTC,Common Stock
PLGTC0000334,,,
PLINTCS00010,INTER CARS SA,CAR,Common Stock
PLKNOPL00014,KINO POLSKA TV SA,KPL,Common Stock
PLLPP0000011,LPP SA,LPP,Common Stock
PLPEKAO00016,BANK PEKAO SA,PEO,Common Stock
PTEDP0AM0009,EDP SA,EDP,Common Stock
PTJMT0AE0001,JERONIMO MARTINS,JMT,Common Stock
RO52R88LRB29,,,
ROFPTAACNOR5,SC FONDUL PROPRIETATEA SA,FP,Mutual Fund
ROSNPPACNOR9,OMV PETROM SA,SNP,Common Stock
ROTLVAACNOR1,BANCA TRANSILVANIA SA,TLV,Common Stock
SE0000537680,SWEDBANK ROBUR GLB TRENDS-AS,SWESVGB,Mutual Fund
SE0000539439,SWEDBANK ROBUR SMALL CAP GLO,SWGLBFD,Mutual Fund
SE0001003864,,,
SE0001912924,SWEDBANK ROBUR GLO EMER MA-A,SWBRICT,Mutual Fund
SE0007100599,SVENSKA HANDELSBANKEN-A SHS,SHBA,Common Stock
SE0010831792,EUROPEAN LINGERIE GR,EULNGR 0 06/30/21,Corp
SE0013121522,SWEDBANK ROBUR ACC EDGE SWED,SWERAES,Mutual Fund
SE0013719788,EASTNINE AB,EASTSS F 07/08/24 DmTn,Corp
SE0013876950,SWEDBANK ROBUR ACC ED EMK-C,SWEDEE1,Mutual Fund
SE0014429353,ACCESS EDGE GLOBAL-SEK,SWEDAAG,Mutual Fund
SE0015811963,INVESTOR AB-B SHS,INVEB,Common Stock
SE0017133978,SWEDBANK ROBR GLBL TRENDS-JS,SWEDSK1,Mutual Fund
SE0017486889,ATLAS COPCO AB-A SHS,ATCOA,Common Stock
SE0019892050,SEB HYBRID CAPITAL-R EUR,SEBVVGD,Mutual Fund
SE0021921665,CIBUS REAL ESTATE AB PUB,CIBNRE F 04/02/28 dMTN,Corp
SI0002103149,REPUBLIKA SLOVENIJA,SLOREP 4.375 01/18/21 RS69,Govt
SI0002103842,REPUBLIKA SLOVENIJA,SLOREP 1.1875 03/14/29 RS81,Govt
SI0002104196,REPUBLIKA SLOVENIJA,SLOREP 0.125 07/01/31 RS88,Govt
SI0002105052,REPUBLIKA SLOVENIJA,SLOREP 3.125 07/02/35 RS97,Govt
SI0021117344,NOVA LJUBLJANSKA BANKA DD,NLBR,Common Stock
SI0031101346,LUKA KOPER,LKPG,Common Stock
SI0031102120,KRKA,KRKG,Common Stock
SI0031102153,PETROL DD LJUBLJANA,PETG,Common Stock
SK4000017158,SLOVAKIA GOVERNMENT BOND,SLOVGB 0.25 05/14/25 238,Govt
SK4000017166,SLOVAKIA GOVERNMENT BOND,SLOVGB 1 05/14/32 239,Govt
SK4000018925,TATRA BANKA AS,TATSK V0.5 04/23/28 EMTN,Corp
SK4000018958,SLOVAKIA GOVERNMENT BOND,SLOVGB 0.375 04/21/36 242,Govt
SK4000022547,SLOVAKIA GOVERNMENT BOND,SLOVGB 4 02/23/43 246,Govt
SK4000024865,SLOVAKIA GOVERNMENT BOND,SLOVGB 3.75 03/06/34 250,Govt
SK4120015173,SLOVAKIA GOVERNMENT BOND,SLOVGB 0.75 04/09/30 236,Govt
US00206R1023,AT&T INC,T,Common Stock
US0028241000,ABBOTT LABORATORIES,ABT,Common Stock
US00287Y1091,ABBVIE INC,ABBV,Common Stock
US00724F1012,ADOBE INC,ADBE,Common Stock
US0079031078,ADVANCED MICRO DEVICES,AMD,Common Stock
US0091581068,AIR PRODUCTS & CHEMICALS INC,APD,Common Stock
US0200021014,ALLSTATE CORP,ALS,Common Stock
US02079K1079,ALPHABET INC-CL C,GOOG,Common Stock
US02079K3059,ALPHABET INC-CL A,GOOGL,Common Stock
US0231351067,AMAZON.COM INC,AMZN,Common Stock
US0258161092,AMERICAN EXPRESS CO,AXP,Common Stock
US0268747849,AMERICAN INTERNATIONAL GROUP,AIG,Common Stock
US0304201033,AMERICAN WATER WORKS CO INC,AWC,Common Stock
US03076C1062,AMERIPRISE FINANCIAL INC,A4S,Common Stock
US0311621009,AMGEN INC,AMGN,Common Stock
US0320951017,AMPHENOL CORP-CL A,APH,Common Stock
US0326541051,ANALOG DEVICES INC,ADI,Common Stock
US03769M1062,APOLLO GLOBAL MANAGEMENT INC,APO,Common Stock
US0378331005,APPLE INC,AAPL,Common Stock
US0382221051,APPLIED MATERIALS INC,AMAT,Common Stock
US03831W1080,APPLOVIN CORP-CLASS A,APP,Common Stock
US0394831020,ARCHER-DANIELS-MIDLAND CO,ADM,Common Stock
US0404132054,ARISTA NETWORKS INC,ANET,Common Stock
US0527691069,AUTODESK INC,ADSK,Common Stock
US0605051046,BANK OF AMERICA CORP,BAC,Common Stock
US0640581007,BANK OF NEW YORK MELLON CORP,BNY,Common Stock
US0846707026,BERKSHIRE HATHAWAY INC-CL B,BRK/B,Common Stock
US09290D1019,BLACKROCK INC,BLK,Common Stock
US0937121079,BLOOM ENERGY CORP- A,BE,Common Stock
US09857L1089,BOOKING HOLDINGS INC,BKNG,Common Stock
US1011371077,BOSTON SCIENTIFIC CORP,BSX,Common Stock
US1101221083,BRISTOL-MYERS SQUIBB CO,BMY,Common Stock
US11135F1012,BROADCOM INC,AVGO,Common Stock
US1252691001,CF INDUSTRIES HOLDINGS INC,CF,Common Stock
US12541W2098,C.H. ROBINSON WORLDWIDE INC,CHRW,Common Stock
US12572Q1058,CME GROUP INC,CME,Common Stock
US1266501006,CVS HEALTH CORP,CVS,Common Stock
US1273871087,CADENCE DESIGN SYS INC,CDNS,Common Stock
US14040H1059,CAPITAL ONE FINANCIAL CORP,COF,Common Stock
US14149Y1082,CARDINAL HEALTH INC,CAH,Common Stock
US1491231015,CATERPILLAR INC,CAT,Common Stock
US17275R1023,CISCO SYSTEMS INC,CSCO,Common Stock
US1729081059,CINTAS CORP,CIT,Common Stock
US1729674242,CITIGROUP INC,TRVC,Common Stock
US1746101054,CITIZENS FINANCIAL GROUP,CFG,Common Stock
US18915M1071,CLOUDFLARE INC - CLASS A,NET,Common Stock
US1912161007,COCA-COLA CO/THE,KO,Common Stock
US19260Q1076,COINBASE GLOBAL INC -CLASS A,COIN,Common Stock
US1941621039,COLGATE-PALMOLIVE CO,CL,Common Stock
US20030N1019,COMCAST CORP-CLASS A,CMCSA,Common Stock
US21037T1097,CONSTELLATION ENERGY,CEG,Common Stock
US2193501051,CORNING INC,GLW,Common Stock
US22052L1044,CORTEVA INC,CTVA,Common Stock
US22160K1051,COSTCO WHOLESALE CORP,COST,Common Stock
US22788C1053,CROWDSTRIKE HOLDINGS INC - A,CRWD,Common Stock
US2315611010,CURTISS-WRIGHT CORP,CW,Common Stock
US2358511028,DANAHER CORP,DHR,Common Stock
US2371941053,DARDEN RESTAURANTS INC,DRI,Common Stock
US2441991054,DEERE & CO,DE,Common Stock
US24703L2025,DELL TECHNOLOGIES -C,DELL,Common Stock
US2546871060,WALT DISNEY CO/THE,DIS,Common Stock
US2566771059,DOLLAR GENERAL CORP,DG,Common Stock
US2600031080,DOVER CORP,DOV,Common Stock
US2605571031,DOW INC,DOW,Common Stock
US26614N2018,DUPONT DE NEMOURS INC,DD,Common Stock
US2788651006,ECOLAB INC,ECL,Common Stock
US279158AS81,ECOPETROL SA,ECOPET 8.875 01/13/33,Corp
US2810201077,EDISON INTERNATIONAL,EIX,Common Stock
US29084Q1004,EMCOR GROUP INC,EME,Common Stock
US2910111044,EMERSON ELECTRIC CO,EMR,Common Stock
US29760G1031,ETALON GROUP-GDR REG S,ETLN1,Depositary Receipt
US30161N1019,EXELON CORP,PEO,Common Stock
US3021301094,EXPEDITORS INTL WASH INC,EXPD,Common Stock
US30303M1027,META PLATFORMS INC-CLASS A,META,Common Stock
US31428X1063,FEDEX CORP,FDX,Common Stock
US3143521058,FEDEX FREIGHT HOLDING CO,FDXF,Common Stock
US3364331070,FIRST SOLAR INC,FSLR,Common Stock
US34959E1091,FORTINET INC,FTNT,Common Stock
US35137L1052,FOX CORP - CLASS A,FOXA,Common Stock
US36828A1016,GE VERNOVA INC,GEV,Common Stock
US3696043013,GENERAL ELECTRIC,GE,Common Stock
US3755581036,GILEAD SCIENCES INC,GILD,Common Stock
US38141G1040,GOLDMAN SACHS GROUP INC,GS,Common Stock
US3848021040,WW GRAINGER INC,GWW,Common Stock
US4370761029,HOME DEPOT INC,HD,Common Stock
US4432011082,HOWMET AEROSPACE INC,HWM,Common Stock
US445545AE60,HUNGARY,REPHUN 6.375 03/29/21,Govt
US4523081093,ILLINOIS TOOL WORKS,ITW,Common Stock
US4581401001,INTEL CORP,INTC,Common Stock
US4592001014,INTL BUSINESS MACHINES CORP,IBM,Common Stock
US4612021034,INTUIT INC,INTU,Common Stock
US46120E6023,INTUITIVE SURGICAL INC,ISRG,Common Stock
US46625H1005,JPMORGAN CHASE & CO,JPM,Common Stock
US46627J3023,HALYK BANK-GDR REG S,HSBK,Depositary Receipt
US4781601046,JOHNSON & JOHNSON,JNJ,Common Stock
US4824801009,KLA CORP,KLAC,Common Stock
US5010441013,KROGER CO,KR,Common Stock
US50212V1008,LPL FINANCIAL HOLDINGS INC,LPLA,Common Stock
US5128073062,LAM RESEARCH CORP,LRCX,Common Stock
US5261071071,LENNOX INTERNATIONAL INC,LII,Common Stock
US5324571083,ELI LILLY & CO,LLY,Common Stock
US5486611073,LOWE'S COS INC,LOW,Common Stock
US55024U1097,LUMENTUM HOLDINGS INC,LITE,Common Stock
US5738741041,MARVELL TECHNOLOGY INC,MRVL,Common Stock
US57636Q1040,MASTERCARD INC - A,MA,Common Stock
US5801351017,MCDONALD'S CORP,MCD,Common Stock
US58155Q1031,MCKESSON CORP,MCK,Common Stock
US58933Y1055,MERCK & CO. INC.,MRK,Common Stock
US59156R1086,METLIFE INC,MET,Common Stock
US5949181045,MICROSOFT CORP,MSFT,Common Stock
US5951121038,MICRON TECHNOLOGY INC,MU,Common Stock
US6098391054,MONOLITHIC POWER SYSTEMS INC,MPWR,Common Stock
US6174464486,MORGAN STANLEY,DWD,Common Stock
US6200763075,MOTOROLA SOLUTIONS INC,MSI,Common Stock
US64110D1046,NETAPP INC,NTAP,Common Stock
US64110L1061,NETFLIX INC,NFLX,Common Stock
US6516391066,NEWMONT CORP,NEM,Common Stock
US65339F1012,NEXTERA ENERGY INC,NEE,Common Stock
US66980N2036,NOVA LJUBLJANSKA B-GDR REG S,NLB,Depositary Receipt
US66981G2075,AB IGNITIS GRUPE - REG S GDR,IGN,Depositary Receipt
US67066G1040,NVIDIA CORP,NVDA,Common Stock
US6819191064,OMNICOM GROUP,OMC,Common Stock
US6821891057,ON SEMICONDUCTOR,ON,Common Stock
US68389X1054,ORACLE CORP,ORCL,Common Stock
US6937181088,PACCAR INC,PCAR,Common Stock
US69608A1088,PALANTIR TECHNOLOGIES INC-A,PLTR,Common Stock
US6974351057,PALO ALTO NETWORKS INC,PANW,Common Stock
US7010941042,PARKER HANNIFIN CORP,PH,Common Stock
US7134481081,PEPSICO INC,PEP,Common Stock
US71643VAB18,PETROLEOS MEXICANOS,PEMEX 6.7 02/16/32,Corp
US71654QDC33,PETROLEOS MEXICANOS,PEMEX 6.84 01/23/30,Corp
US71654QDP46,PETROLEOS MEXICANOS,PEMEX 10 02/07/33,Corp
US7170811035,PFIZER INC,PFE,Common Stock
US7427181091,PROCTER & GAMBLE CO/THE,PG,Common Stock
US7433151039,PROGRESSIVE CORP,PGR,Common Stock
US7445731067,PUBLIC SERVICE ENTERPRISE GP,PEG,Common Stock
US74735M1080,QIWI PLC-SPONSORED ADR,QIW,Depositary Receipt
US7475251036,QUALCOMM INC,QCOM,Common Stock
US74762E1029,QUANTA SERVICES INC,PWR,Common Stock
US74834L1008,QUEST DIAGNOSTICS INC,DGX,Common Stock
US7547301090,RAYMOND JAMES FINANCIAL INC,RJF,Common Stock
US7561091049,REALTY INCOME CORP,O,REIT
US7607591002,REPUBLIC SERVICES INC,RSG,Common Stock
US7710491033,ROBLOX CORP -CLASS A,RBLX,Common Stock
US77586TAA43,ROMANIA,ROMANI 6.75 02/07/22 REGS,Govt
US78409V1044,S&P GLOBAL INC,SPGI,Common Stock
US79466L3024,SALESFORCE INC,CRM,Common Stock
US8085131055,SCHWAB (CHARLES) CORP,SCHW,Common Stock
US81762P1021,SERVICENOW INC,NOW,Common Stock
US8330341012,SNAP-ON INC,SNA,Common Stock
US8334451098,SNOWFLAKE INC,SNOW,Common Stock
US8552441094,STARBUCKS CORP,SBUX,Common Stock
US857524AA08,REPUBLIC OF POLAND,POLAND 5.125 04/21/21,Govt
US857524AB80,REPUBLIC OF POLAND,POLAND 5 03/23/22,Govt
US8636671013,STRYKER CORP,SYK,Common Stock
US8725401090,TJX COMPANIES INC,TJX,Common Stock
US8740541094,TAKE-TWO INTERACTIVE SOFTWRE,TTWO,Common Stock
US8807701029,TERADYNE INC,TER,Common Stock
US88160R1014,TESLA INC,TSLA,Common Stock
US8825081040,TEXAS INSTRUMENTS INC,TXN,Common Stock
US8835561023,THERMO FISHER SCIENTIFIC INC,TMO,Common Stock
US88579Y1010,3M CO,MMM,Common Stock
US89417E1091,TRAVELERS COS INC/THE,TRV,Common Stock
US900123DB31,REPUBLIC OF TURKIYE,TURKEY 4.75 01/26/26 5Y,Govt
US9029733048,US BANCORP,USB,Common Stock
US90353T1007,UBER TECHNOLOGIES INC,UBER,Common Stock
US91087BAZ31,UNITED MEXICAN STATES,MEX 6 05/07/36,Govt
US9113631090,UNITED RENTALS INC,URI,Common Stock
US91324P1021,UNITEDHEALTH GROUP INC,UNH,Common Stock
US9219107250,VANGUARD ESG INTL STOCK ETF,VSGX,Mutual Fund
US9219107334,VANGUARD ESG US STOCK ETF,ESGV,Mutual Fund
US92276F1003,VENTAS INC,VEN,REIT
US92343V1044,VERIZON COMMUNICATIONS INC,BAC,Common Stock
US9252831030,VERSANT MEDIA GROUP INC,VSNT,Common Stock
US92537N1081,VERTIV HOLDINGS CO-A,VRT,Common Stock
US9256521090,VICI PROPERTIES INC,VICI,REIT
US92826C8394,VISA INC-CLASS A SHARES,V,Common Stock
US92936U1097,WP CAREY INC,WPC,REIT
US9311421039,WALMART INC,WMT,Common Stock
US9344231041,WARNER BROS DISCOVERY INC,J5A,Common Stock
US94106L1098,WASTE MANAGEMENT INC,WM,Common Stock
US9497461015,WELLS FARGO & CO,WFC,Common Stock
US95040Q1040,WELLTOWER INC,WELL,REIT
US9581021055,WESTERN DIGITAL CORP,WDC,Common Stock
US9621661043,WEYERHAEUSER CO,WY,REIT
US9884981013,YUM! BRANDS INC,YUM,Common Stock
USP06518AH06,COMMONWEALTH OF BAHAMAS,BAHAMA 8.95 10/15/32 REGS,Govt
USP78625ED13,PETROLEOS MEXICANOS,PEMEX 10 02/07/33 REGS,Corp
USP8000UAB54,PETROLEOS MEXICANOS,PEMEX 6.7 02/16/32 DEC,Corp
USY68856AT38,PETRONAS CAPITAL LTD,PETMK 3.5 04/21/30 REGS,Corp
XS0113419690,STATE OF QATAR,QATAR 9.75 06/15/30 REGS,Govt
XS0210314299,REPUBLIC OF POLAND,POLAND 4.2 04/15/20 EMTN,Govt
XS0479333311,REPUBLIC OF POLAND,POLAND 5.25 01/20/25 EMTN,Govt
XS0485991417,REPUBLIC OF LITHUANIA,LITHUN 7.375 02/11/20 REGS,Govt
XS0525827845,CROATIA,CROATI 6.625 07/14/20 REGS,Govt
XS0602546136,REPUBLIC OF LITHUANIA,LITHUN 6.125 03/09/21 REGS,Govt
XS0739988086,REPUBLIC OF LITHUANIA,LITHUN 6.625 02/01/22 REGS,Govt
XS0750894577,CZECH REPUBLIC,CZECH 3.875 05/24/22 EMTN,Govt
XS0794399674,REPUBLIC OF POLAND,POLAND 3.75 01/19/23 EMTN,Govt
XS0841073793,REPUBLIC OF POLAND,POLAND 3.375 07/09/24 EMTN,Govt
XS0852474336,ROMANIA,ROMANI 4.875 11/07/19 EMTN,Govt
XS0916766057,UNITED MEXICAN STATES,MEX 2.75 04/22/23,Govt
XS0921331509,MOBILE TELESYS (MTS INT),MOBTEL 5 05/30/23 REGS,Corp
XS1015428821,REPUBLIC OF POLAND,POLAND 3 01/15/24 EMTN,Govt
XS1017763100,REPUBLIC OF LATVIA,LATVIA 2.625 01/21/21 REGS,Govt
XS1020300288,REPUBLIC OF LITHUANIA,LITHUN 3.375 01/22/24 EMTN,Govt
XS1028953989,CROATIA,CROATI 3.875 05/30/22,Govt
XS1057340009,REPUBLIC OF TURKEY,TURKEY 4.125 04/11/23 INTL,Govt
XS1083844503,BULGARIA,BGARIA 2.95 09/03/24 10Y,Govt
XS1117298916,CROATIA,CROATI 3 03/11/25,Govt
XS1129788524,ROMANIA,ROMANI 2.875 10/28/24 EMTN,Govt
XS1151586945,REPUBLIC OF CHILE,CHILE 1.625 01/30/25,Govt
XS1208855616,BULGARIA,BGARIA 2 03/26/22 GMTN,Govt
XS1208856341,BULGARIA,BGARIA 3.125 03/26/35 GMTN,Govt
XS1292352843,EESTI ENERGIA AS,ESTONE 2.384 09/22/23,Corp
XS1295778275,REPUBLIC OF LATVIA,LATVIA 1.375 09/23/25 GMTN,Govt
XS1306382364,REPUBLIC OF POLAND,POLAND 0.875 10/14/21 EMTN,Govt
XS1310032187,REPUBLIC OF LITHUANIA,LITHUN 1.25 10/22/25 EMTN,Govt
XS1310032260,REPUBLIC OF LITHUANIA,LITHUN 2.125 10/22/35 EMTN,Govt
XS1312891549,ROMANIA,ROMANI 2.75 10/29/25 REGS,Govt
XS1313004928,ROMANIA,ROMANI 3.875 10/29/35 REGS,Govt
XS1333704713,REPUBLIC OF LATVIA,LATVIA 0.5 12/15/20,Govt
XS1385239006,REPUBLIC OF COLOMBIA,COLOM 3.875 03/22/26 EMTN,Govt
XS1401114811,MOL HUNGARIAN OIL & GAS,MOLHB 2.625 04/28/23,Corp
XS1403619411,BANK GOSPODARSTWA KRAJOW,BGOSK 1.75 05/06/26 EMTN,Govt
XS1405775450,GLOBAL PORTS FINANCE,GLPRLI 6.5 09/22/23 REGS,Corp
XS1405775880,BANK OF GEORGIA JSC,GEBGG 6 07/26/23 REGS,Corp
XS1405778041,BULGARIAN ENERGY HLD,BULENR 4.875 08/02/21,Corp
XS1409726731,REPUBLIC OF LATVIA,LATVIA 1.375 05/16/36 GMTN,Govt
XS1420357318,ROMANIA,ROMANI 2.875 05/26/28 REGS,Govt
XS1428088626,CROATIA,CROATI 3 03/20/27,Govt
XS1429673327,ORLEN CAPITAL AB,PKNPW 2.5 06/07/23,Corp
XS1452578591,NORTH MACEDONIA,MACEDO 5.625 07/26/23 REGS,Govt
XS1501554874,REPUBLIC OF LATVIA,LATVIA 0.375 10/07/26 GMTN,Govt
XS1533923238,KERNEL HOLDING SA,KERPW 8.75 01/31/22 REGS,Corp
XS1566190945,REPUBLIC OF LATVIA,LATVIA 2.25 02/15/47 GMTN,Govt
XS1575640054,ENERGA FINANCE AB,ENEASA 2.125 03/07/27 EMTN,Corp
XS1619567677,REPUBLIC OF LITHUANIA,LITHUN 0.95 05/26/27 EMTN,Govt
XS1646530565,IGNITIS GRUPE AB,IGNITI 2 07/14/27 EMTN,Corp
XS1650147660,PKO BANK POLSKI SA,PKOBP 0.75 07/25/21 EMTN,Corp
XS1696445516,HUNGARY,REPHUN 1.75 10/10/27 10Y,Govt
XS1713462668,CROATIA,CROATI 2.7 06/15/28,Govt
XS1713464102,ELERING,ELERIN 0.875 05/03/23,Corp
XS1744744191,NORTH MACEDONIA,MACEDO 2.75 01/18/25 REGS,Govt
XS1778929478,JSC GEORGIA CAPITAL,GEOCAP 6.125 03/09/24 REGS,Corp
XS1799975922,GLOBALWORTH REAL ESTATE,GWILN 3 03/29/25 EMTN,Corp
XS1824424706,PETROLEOS MEXICANOS,PEMEX 4.75 02/26/29,Corp
XS1829276275,REPUBLIC OF LATVIA,LATVIA 1.125 05/30/28 GMTN,Govt
XS1839682116,BULGARIAN ENERGY HLD,BULENR 3.5 06/28/25,Corp
XS1843432821,AIR BALTIC CORPORATION,AIRBAL 6.75 07/30/24,Corp
XS1843433639,REPUBLIC OF CHILE,CHILE 0.83 07/02/31,Govt
XS1843434363,TBC BANK JSC,TBCBGE 5.75 06/19/24 REGS,Corp
XS1843434876,CROATIA,CROATI 1.125 06/19/29,Govt
XS1843443356,REPUBLIC OF TURKIYE,TURKEY 4.625 03/31/25 6Y,Govt
XS1853999313,IGNITIS GRUPE AB,IGNITI 1.875 07/10/28 EMTN,Corp
XS1876097715,MBANK SA,MBKPW 1.058 09/05/22 EMTN,Corp
XS1878323499,MAXIMA GRUPE UAB,MAXGPE 3.25 09/13/23 EMTN,Corp
XS1887498282,HUNGARY,REPHUN 1.25 10/22/25 7Y,Govt
XS1892127470,ROMANIA,ROMANI 4.125 03/11/39 EMTN,Govt
XS1892141620,ROMANIA,ROMANI 2.875 03/11/29 EMTN,Govt
XS1894121695,LUMINOR BANK ESTONIA,LUMINO 1.5 10/18/21 EMTN,Corp
XS1909184753,REPUBLIC OF TURKIYE,TURKEY 5.2 02/16/26 7Y,Govt
XS1955059420,TURK TELEKOMUNIKASYON AS,TURKTI 6.875 02/28/25 REGS,Corp
XS1969645255,E& PPF TELECOM GROUP BV,PPFTEL 3.125 03/27/26 EMTN,Corp
XS1974394675,UNITED MEXICAN STATES,MEX 1.625 04/08/26,Govt
XS1991190361,CESKE DRAHY,CESDRA 1.5 05/23/26,Corp
XS1996435928,NE PROPERTY BV,NEPSJ 2.625 05/22/23 EMTN,Corp
XS2010030752,HUNGARIAN DEVELOPMENT BA,MAGYAR 1.375 06/24/25,Govt
XS2010030836,UKRAINE GOVERNMENT,UKRAIN 7.253 03/15/35 REGS,Govt
XS2010033343,UKRAINE GOVERNMENT,UKRAIN 4.375 01/27/32 REGS,Govt
XS2013518472,LUMINOR BANK ESTONIA,LUMINO 1.375 10/21/22 EMTN,Corp
XS2013677864,REPUBLIC OF LITHUANIA,LITHUN 0.5 06/19/29 EMTN,Govt
XS2013678086,REPUBLIC OF LITHUANIA,LITHUN 1.625 06/19/49 EMTN,Govt
XS2015295814,REPUBLIC OF ICELAND,ICELND 0.1 06/20/24,Govt
XS2058691663,VEON HOLDINGS BV,VEONHD 4 04/09/25 REGS,Corp
XS2063261155,SWEDBANK AB,SWEDA 0.25 10/09/24 EMTN,Corp
XS2063535970,NE PROPERTY BV,NEPSJ 1.875 10/09/26 EMTN,Corp
XS2084418339,CEZ AS,CEZCP 0.875 12/02/26 EMTN,Corp
XS2092381107,ELLAKTOR VALUE PLC,ELLAKT 6.375 12/15/24 REGS,Corp
XS2104122986,REPUBLIC OF PHILIPPINES,PHILIP 0 02/03/23,Govt
XS2104886341,UNITED MEXICAN STATES,MEX 1.125 01/17/30,Govt
XS2104985598,REPUBLIC OF PHILIPPINES,PHILIP 0.7 02/03/29,Govt
XS2107452620,DIGI ROMANIA SA,RCSRDS 3.25 02/05/28 REGS,Corp
XS2109812508,ROMANIA,ROMANI 2 01/28/32 REGS,Govt
XS2114767457,REPUBLIC OF POLAND,POLAND 0 02/10/25 EMTN,Govt
XS2156474392,REPUBLIC OF LATVIA,LATVIA 0.125 04/14/23,Govt
XS2161992198,HUNGARY,REPHUN 1.125 04/28/26 6Y,Govt
XS2168038417,REPUBLIC OF LITHUANIA,LITHUN 0.25 05/06/25 EMTN,Govt
XS2168038847,REPUBLIC OF LITHUANIA,LITHUN 0.75 05/06/30 EMTN,Govt
XS2177349912,IGNITIS GRUPE AB,IGNITI 2 05/21/30 EMTN,Corp
XS2178857285,ROMANIA,ROMANI 2.75 02/26/26 REGS,Govt
XS2178857954,ROMANIA,ROMANI 3.624 05/26/30 REGS,Govt
XS2181347183,REPUBLIC OF ESTONIA,ESTONI 0.125 06/10/30 10Y,Govt
XS2181689659,HUNGARY,REPHUN 1.75 06/05/35 15Y,Govt
XS2181690665,NORTH MACEDONIA,MACEDO 3.675 06/03/26 REGS,Govt
XS2190201983,CROATIA,CROATI 1.5 06/17/31,Govt
XS2190979489,EUSTREAM AS,SPPEUS 1.625 06/25/27,Corp
XS2193956716,HYPO NOE LB NOE WIEN AG,HYNOE 0.375 06/25/24 EMTN,Corp
XS2203802462,NE PROPERTY BV,NEPSJ 3.375 07/14/27,Corp
XS2208868914,GLOBALWORTH REAL ESTATE,GWILN 2.95 07/29/26 EMTN,Corp
XS2210006339,REPUBLIC OF LITHUANIA,LITHUN 0.5 07/28/50 EMTN,Govt
XS2232045463,MOL HUNGARIAN OIL & GAS,MOLHB 1.5 10/08/27,Corp
XS2233155261,COCA-COLA CO/THE,KO 0.375 03/15/33,Corp
XS2233155345,COCA-COLA CO/THE,KO 0.8 03/15/40,Corp
XS2234571425,BULGARIA,BGARIA 0.375 09/23/30 10Y,Govt
XS2234571771,BULGARIA,BGARIA 1.375 09/23/50 30Y,Govt
XS2238342484,CTP NV,CTPNV 2.125 10/01/25 EMTN,Corp
XS2241387500,ULKER BISKUVI SANAYI AS,ULKER 6.95 10/30/25 REGS,Corp
XS2243564478,CPI EUROPE AG,IIAAV 2.5 10/15/27,Corp
XS2244927823,KERNEL HOLDING SA,KERPW 6.75 10/27/27 REGS,Corp
XS2259191273,HUNGARY,REPHUN 0.5 11/18/30 10Y,Govt
XS2259867039,ISLANDSBANKI,ISLBAN 0.5 11/20/23 EMTN,Corp
XS2262211076,ROMANIA,ROMANI 1.375 12/02/29 REGS,Govt
XS2264871828,IVORY COAST,IVYCST 4.875 01/30/32 REGS,Govt
XS2265801238,LUMINOR BANK,LUMINO V0.792 12/03/24 EMTN,Corp
XS2270576700,REPUBLIC OF MONTENEGRO,MONTEN 2.875 12/16/27 REGS,Govt
XS2289587789,UNITED MEXICAN STATES,MEX 1.45 10/25/33,Govt
XS2293755125,REPUBLIC OF ICELAND,ICELND 0 04/15/28,Govt
XS2294495838,ATRIUM FINANCE LTD,ATRFIN 2.625 09/05/27 EMTN,Corp
XS2297209293,REPUBLIC OF CYPRUS,CYPRUS 0 02/09/26 EMTN,Govt
XS2310118893,NORTH MACEDONIA,MACEDO 1.625 03/10/28 REGS,Govt
XS2317123052,REPUBLIC OF LATVIA,LATVIA 0 03/17/31 GMTN,Govt
XS2326545204,ARAGVI FINANCE INTL,ARAGVI 8.45 04/29/26 REGS,Corp
XS2334361271,REPUBLIC OF PHILIPPINES,PHILIP 0.25 04/28/25,Govt
XS2334361354,REPUBLIC OF PHILIPPINES,PHILIP 1.2 04/28/33,Govt
XS2334361511,REPUBLIC OF PHILIPPINES,PHILIP 1.75 04/28/41,Govt
XS2339025277,MAS SECURITIES BV,MSPSJ 4.25 05/19/26,Corp
XS2346125573,ORLEN SA,PKNPW 1.125 05/27/28 EMTN,Corp
XS2346869097,AKROPOLIS GROUP UAB,AKRPLS 2.875 06/02/26,Corp
XS2348767836,SYNTHOS SA,SNSPW 2.5 06/07/28 REGS,Corp
XS2356030556,CTP NV,CTPNV 1.25 06/21/29 EMTN,Corp
XS2356039268,GTC AURORA LUXEM,GTCAPW 2.25 06/23/26,Corp
XS2361416915,REPUBLIC OF LATVIA,LATVIA 0 01/24/29 GMTN,Govt
XS2364199757,ROMANIA,ROMANI 1.75 07/13/30 REGS,Govt
XS2364200514,ROMANIA,ROMANI 2.875 04/13/42 REGS,Govt
XS2364754411,REPUBLIC OF LITHUANIA,LITHUN 0.75 07/15/51 EMTN,Govt
XS2367164576,BULGARIAN ENERGY HLD,BULENR 2.45 07/22/28,Corp
XS2379637767,LHV GROUP,LHVGRP V0.875 09/09/25,Corp
XS2386583145,HUNGARY,REPHUN 0.125 09/21/28 REGS,Govt
XS2388084480,LUMINOR BANK,LUMINO V0.539 09/23/26 EMTN,Corp
XS2388560604,REPUBLIC OF CHILE,CHILE 0.555 01/21/29,Govt
XS2388561677,REPUBLIC OF SERBIA,SERBIA 1 09/23/28 REGS,Govt
XS2388562139,REPUBLIC OF SERBIA,SERBIA 2.05 09/23/36 REGS,Govt
XS2388876232,MBANK SA,MBKPW V0.966 09/21/27 EMTN,Corp
XS2393742122,SC CITADELE BANKA,CITADE V1.625 11/22/26,Corp
XS2407028435,MVM ENERGETIKA ZRT,MVMHU 0.875 11/18/27,Corp
XS2413677464,NOVA LJUBLJANSKA BANKA D,NOVALJ V0 11/24/32,Corp
XS2420426038,REPUBLIC OF LATVIA,LATVIA 0.25 01/23/30 GMTN,Govt
XS2432286974,FOOD SERVICE PROJECT SL,ALSEA 5.5 01/21/27 REGS,Corp
XS2434763483,NE PROPERTY BV,NEPSJ 2 01/20/30 EMTN,Corp
XS2447602793,REPUBLIC OF POLAND,POLAND 2.75 05/25/32 EMTN,Govt
XS2461786829,CEZ AS,CEZCP 2.375 04/06/27 EMTN,Corp
XS2468979302,CETIN GROUP NV,CETIN 3.125 04/14/27 EMTN,Corp
XS2471549654,CROATIA,CROATI 2.875 04/22/32,Govt
XS2485155464,MAXIMA GRUPE UAB,MAXGPE 6.25 07/12/27 EMTN,Corp
XS2487342649,REPUBLIC OF LITHUANIA,LITHUN 2.125 06/01/32 EMTN,Govt
XS2498964209,NOVA LJUBLJANSKA BANKA D,NOVALJ V6 07/19/25,Corp
XS2523337389,LUMINOR BANK,LUMINO V5 08/29/24 EMTN,Corp
XS2530208490,BANK GOSPODARSTWA KRAJOW,BGOSK 4 09/08/27 EMTN,Govt
XS2532370231,REPUBLIC OF ESTONIA,ESTONI 4 10/12/32 10Y,Govt
XS2536817211,BULGARIA,BGARIA 4.125 09/23/29 7Y,Govt
XS2536817484,BULGARIA,BGARIA 4.625 09/23/34 12Y,Govt
XS2538441598,ROMANIA,ROMANI 6.625 09/27/29 REGS,Govt
XS2547270756,REPUBLIC OF LITHUANIA,LITHUN 4.125 04/25/28 EMTN,Govt
XS2547290432,KINGDOM OF DENMARK,DENK 2.5 11/18/24 EMTN,Govt
XS2549862758,REPUBLIC OF LATVIA,LATVIA 3.875 03/25/27 GMTN,Govt
XS2576364371,REPUBLIC OF LATVIA,LATVIA 3.5 01/17/28 GMTN,Govt
XS2576365188,LUMINOR BANK,LUMINO V7.25 01/16/26 EMTN,Corp
XS2579483319,BULGARIA,BGARIA 4.5 01/27/33 REGS,Govt
XS2582358789,PKO BANK POLSKI SA,PKOBP V5.625 02/01/26 EMTN,Corp
XS2582522681,NORTH MACEDONIA,MACEDO 6.96 03/13/27 REGS,Govt
XS2586944147,REPUBLIC OF POLAND,POLAND 4.25 02/14/43 EMTN,Govt
XS2586944659,REPUBLIC OF POLAND,POLAND 3.875 02/14/33 EMTN,Govt
XS2589727168,BANK GOSPODARSTWA KRAJOW,BGOSK 5.125 02/22/33 EMTN,Govt
XS2592804434,TEVA PHARM FNC NL II,TEVA 7.375 09/15/29,Corp
XS2604821228,REPUBLIC OF LITHUANIA,LITHUN 3.875 06/14/33 EMTN,Govt
XS2616733981,BANCA TRANSILVANIA,TVLRO V8.875 04/27/27 EMTN,Corp
XS2633112565,LUMINOR BANK,LUMINO V7.75 06/08/27 EMTN,Corp
XS2636439684,CROATIA,CROATI 4 06/14/35,Govt
XS2641055012,NOVA LJUBLJANSKA BANK,NOVALJ V7.125 06/27/27 EMTN,Corp
XS2643284388,PEU FIN LTD,PEPGRP 7.25 07/01/28 REGS,Corp
XS2645248225,REPUBLIC OF CHILE,CHILE 4.125 07/05/34,Govt
XS2647371843,ORLEN SA,PKNPW 4.75 07/13/30 EMTN,Corp
XS2648672660,REPUBLIC OF LATVIA,LATVIA 3.875 07/12/33 GMTN,Govt
XS2680046021,MBANK SA,MBKPW V8.375 09/11/27 EMTN,Corp
XS2689948078,ROMANIA,ROMANI 6.375 09/18/33 REGS,Govt
XS2693753704,LHV GROUP,LHVGRP V8.75 10/03/27,Corp
XS2716887844,BULGARIA,BGARIA 4.875 05/13/36 12.5,Govt
XS2716891440,EPH FIN INTERNATIONAL AS,EPEN 6.651 11/13/28 EMTN,Corp
XS2722876609,REPUBLIC OF LATVIA,LATVIA 3.875 05/22/29 GMTN,Govt
XS2724401588,BANCA TRANSILVANIA,TVLRO V7.25 12/07/28 EMTN,Corp
XS2724428193,BANK POLSKA KASA OPIEKI,PEOPW V5.5 11/23/27 ESN1,Corp
XS2740429076,REPUBLIC OF ESTONIA,ESTONI 3.25 01/17/34 EMTN,Govt
XS2746102479,REPUBLIC OF POLAND,POLAND 3.625 01/11/34 10Y,Govt
XS2746103014,REPUBLIC OF POLAND,POLAND 4.125 01/11/44 20Y,Govt
XS2746647036,CESKA SPORITELNA AS,CESSPO V4.824 01/15/30 EMTN,Corp
XS2754067242,UNITED MEXICAN STATES,MEX 4.4899 05/25/32,Govt
XS2765498717,REPUBLIC OF LITHUANIA,LITHUN 3.5 02/13/34 EMTN,Govt
XS2770921315,ROMANIA,ROMANI 5.625 02/22/36 REGS,Govt
XS2778272471,BANK GOSPODARSTWA KRAJOW,BGOSK 4 03/13/32 EMTN,Govt
XS2784700671,FINGRID OYJ,FINPOW 3.25 03/20/34 EMTN,Corp
XS2788435050,REPUBLIC OF ICELAND,ICELND 3.5 03/21/34,Govt
XS2809858561,GLOBALWORTH REAL ESTATE,GWILN 6.25 03/31/29 EMTN,Corp
XS2809868446,GLOBALWORTH REAL ESTATE,GWILN 6.25 03/31/30 EMTN,Corp
XS2810867742,MAHLE GMBH,MAHLGR 6.5 05/02/31 REGS,Corp
XS2821745374,VERBUND AG,VERAV 3.25 05/17/31,Corp
XS2822505439,EPH FIN INTERNATIONAL AS,EPEN 5.875 11/30/29 EMTN,Corp
XS2822574245,LHV GROUP,LHVGRP V5.375 05/24/28,Corp
XS2825558328,NOVA LJUBLJANSKA BANK,NOVALJ V4.5 05/29/30 EMTN,Corp
XS2829810923,ROMANIA,ROMANI 5.625 05/30/37 REGS,Govt
XS2838370414,CEZ AS,CEZCP 4.25 06/11/32 EMTN,Corp
XS2841247583,REPUBLIC OF LITHUANIA,LITHUN 3.5 07/03/31 EMTN,Govt
XS2842080488,PKO BANK POLSKI SA,PKOBP V4.5 06/18/29 EMTN,Corp
XS2852933329,CESKA SPORITELNA AS,CESSPO V4.57 07/03/31 EMTN,Corp
XS2855391533,ULKER BISKUVI SANAYI AS,ULKER 7.875 07/08/31 REGS,Corp
XS2856800938,REPUBLIC OF CHILE,CHILE 3.875 07/09/31,Govt
XS2887816564,ARTEA BANKAS AB,SABLLH V4.853 12/05/28,Corp
XS2888497067,LUMINOR BANK,LUMINO V4.042 09/10/28 emTN,Corp
XS2890420834,BULGARIA,BGARIA 3.625 09/05/32 8Y,Govt
XS2890435600,BULGARIA,BGARIA 4.25 09/05/44 20Y,Govt
XS2895631567,E.ON SE,EOANGR 3.125 03/05/30 EMTN,Corp
XS2895631641,E.ON SE,EOANGR 3.875 09/05/38 EMTN,Corp
XS2897322769,TRIODOS BANK NV,TRIOD V4.875 09/12/29,Corp
XS2898794982,MONETA MONEY BANK,MONBNK V4.414 09/11/30 EMTN,Corp
XS2902087423,BANK GOSPODARSTWA KRAJOW,BGOSK 3.875 03/13/35 EMTN,Govt
XS2902088314,BANK GOSPODARSTWA KRAJOW,BGOSK 4.25 09/13/44 EMTN,Govt
XS2906240028,REPUBLIC OF LATVIA,LATVIA 3 01/24/32 GMTN,Govt
XS2906339747,BANK POLSKA KASA OPIEKI,PEOPW V4 09/24/30 ESN2,Corp
XS2907162767,LUMINOR HOLDING AS,LUMINO V5.399 10/14/35,Corp
XS2908597433,BANCA TRANSILVANIA,TVLRO V5.125 09/30/30 EMTN,Corp
XS2908645265,ROMANIA,ROMANI 6 09/24/44 REGS,Govt
XS2910502470,NE PROPERTY BV,NEPSJ 4.25 01/21/32 EMTN,Corp
XS2911156326,KINGDOM OF DENMARK,DENK 2.25 10/02/26 EMTN,Govt
XS2914001750,MLP GROUP SA,MLGPW 6.125 10/15/29,Corp
XS2914558593,SOCIETATEA NATIONALA DE,ROMGAZ 4.75 10/07/29 EMTN,Corp
XS2919892179,CTP NV,CTPNV 3.875 11/21/32,Corp
XS2922764191,REPUBLIC OF POLAND,POLAND 3.875 10/22/39 15Y,Govt
XS2932787687,ARAGVI FINANCE INTL,ARAGVI 11.125 11/20/29 REGS,Corp
XS2934874566,COCA-COLA HBC FINANCE BV,CCHLN 3.125 11/20/32 EMTN,Corp
XS2937308067,STELLANTIS NV,STLA 4 03/19/34 EMTN,Corp
XS2948748012,CEC BANK SA,CECBAK V5.625 11/28/29 EMTN,Corp
XS2969693113,NORSK HYDRO ASA,NHYNO 3.625 01/23/32 EMTN,Corp
XS2975276143,REPUBLIC OF POLAND,POLAND 3.625 01/16/35 EMTN,Govt
XS2975280509,REPUBLIC OF POLAND,POLAND 3 01/16/30 EMTN,Govt
XS2975303483,REPUBLIC OF CHILE,CHILE 3.75 01/14/32,Govt
XS2978594989,E.ON SE,EOANGR 3.5 04/16/33 EMTN,Corp
XS2979761769,REPUBLIC OF LITHUANIA,LITHUN 2.875 01/28/30 EMTN,Govt
XS2979761926,REPUBLIC OF LITHUANIA,LITHUN 3.625 01/28/40 EMTN,Govt
XS2986639701,A2A SPA,AEMSPA 3.625 01/30/35 EMTN,Corp
XS2991917530,UNITED MEXICAN STATES,MEX 4.625 05/04/33,Govt
XS2997384776,STEDIN HOLDING NV,STEDIN 3.375 02/12/37 EMTN,Corp
XS3005214799,JOHNSON & JOHNSON,JNJ 3.35 02/26/37,Corp
XS3005215093,JOHNSON & JOHNSON,JNJ 3.6 02/26/45,Corp
XS3008888953,ENEL FINANCE INTL NV,ENELIM 2.625 02/24/28 EMTN,Corp
XS3008889175,ENEL FINANCE INTL NV,ENELIM 3.5 02/24/36 EMTN,Corp
XS3017991368,CTP NV,CTPNV 4.25 03/10/35,Corp
XS3021378032,ROMANIA,ROMANI 5.875 07/11/32 REGS,Govt
XS3025213102,ARTEA BANKAS AB,SABLLH V4.597 06/25/30 .,Corp
XS3038485689,BLACKROCK INC,BLK 3.75 07/18/35,Corp
XS3040382098,CEZ AS,CEZCP 4.125 04/30/33 EMTN,Corp
XS3044417981,J AND T BANKA,JTBANK V4.5 05/28/31 EMTN,Corp
XS3046302488,AKROPOLIS GROUP UAB,AKRPLS 6 05/15/30,Corp
XS3062665867,PERSHING SQUARE HOLDINGS,PSHNA 4.25 04/29/30 REGS,Corp
XS3073101712,EASTERN EUROPEAN ELECT,EASEUR 6.5 05/15/30 REGS,Corp
XS3080462222,CESKE DRAHY,CESDRA 3.75 07/28/30 .,Corp
XS3087255611,BANK POLSKA KASA OPIEKI,PEOPW V3.75 06/04/31 ESN3,Corp
XS3090092233,STELLANTIS NV,STLA 4.625 06/06/35 EMTN,Corp
XS3090109813,DEUTSCHE EUROSHOP SE,DEQGR 4.5 10/15/30,Corp
XS3090933485,BULGARIAN ENERGY HLD,BULENR 4.25 06/19/30,Corp
XS3092057820,NORSK HYDRO ASA,NHYNO 3.75 06/17/33 EMTn,Corp
XS3103692250,SUPERNOVA INVEST GMBH,SUPERN 5 06/24/30 .,Corp
XS3104553931,ORLEN SA,PKNPW 3.625 07/02/32 GMTN,Corp
XS3105190576,CZECHOSLOVAK GROUP,CZGRPA 5.25 01/10/31 REGs,Corp
XS3106539938,EPH FIN INTERNATIONAL AS,EPEN 4.625 07/02/32 EMTN,Corp
XS3107229281,REPUBLIC OF CHILE,CHILE 3.8 07/01/35,Govt
XS3109460959,REPUBLIC OF POLAND,POLAND 3.875 07/07/37 12Y,Govt
XS3124345631,BULGARIA,BGARIA 3.375 07/18/35 10Y,Govt
XS3148256913,SC CITADELE BANKA,CITADE V3.875 12/23/29,Corp
XS3153067288,LHV GROUP,LHVGRP V5.5 09/16/35,Corp
XS3174780893,CESKA SPORITELNA AS,CESSPO V3.743 09/09/32 EMTN,Corp
XS3175946071,REPUBLIC OF LITHUANIA,LITHUN 3.625 03/10/36 EMTN,Govt
XS3178859388,REPUBLIC OF COLOMBIA,COLOM 3.75 09/19/28,Govt
XS3183159733,REPUBLIC OF COLOMBIA,COLOM 5 09/19/32,Govt
XS3183160236,REPUBLIC OF COLOMBIA,COLOM 5.625 02/19/36,Govt
XS3185370973,UNITED MEXICAN STATES,MEX 4.5 03/19/34,Govt
XS3185371195,UNITED MEXICAN STATES,MEX 5.125 03/19/38,Govt
XS3189615498,NE PROPERTY BV,NEPSJ 3.875 09/30/33 EMTN,Corp
XS3191554495,ARTEA BANKAS AB,SABLLH V3.739 10/07/29,Corp
XS3227294132,LATVENERGO AS,LATVEN 3.612 11/13/30 EMTN,Corp
XS3235873372,SLOVENSKE ELEKTRARNE,SENSK 3.875 11/20/32 EMTN,Corp
XS3239189296,MLP GROUP SA,MLGPW 4.75 01/20/31,Corp
XS3268040964,REPUBLIC OF POLAND,POLAND 2.875 01/15/31 EmTn,Govt
XS3268043554,REPUBLIC OF POLAND,POLAND 3.625 06/15/36 EMTN,Govt
XS3272223762,REPUBLIC OF CHILE,CHILE 3.875 04/14/36,Govt
XS3273795859,NORTH MACEDONIA,MACEDO 3.875 01/21/30 REGS,Govt
XS3273796238,NORTH MACEDONIA,MACEDO 4.75 01/21/34 REGS,Govt
XS3276320358,REPUBLIC OF LITHUANIA,LITHUN 3 01/22/31 EMTN,Govt
XS3307444482,REPUBLIC OF INDONESIA,INDON 4.1 03/04/34,Govt
XS3338741567,EESTI ENERGIA AS,ESTONE 4.6 05/28/31,Corp
XS3348713390,BANCA TRANSILVANIA,TVLRO V4.75 05/27/32 EMTN,Corp
XS3366323072,MAXIMA GRUPE UAB,MAXGPE 4.75 05/19/31 EMTN,Corp
XS3367725754,ARAGVI FINANCE INTL,ARAGVI 12.75 05/26/31 REGS,Corp
XS3373524050,CEZ AS,CEZCP 4.375 05/27/34 EMTN,Corp
XS3375198226,BANK OF VALLETTA PLC,BOVMV V4.467 05/28/32 EMTN,Corp
XS3381692725,REPUBLIC OF LITHUANIA,LITHUN 3.625 11/18/33 EMTN,Govt
XS3386569803,LUMINOR BANK,LUMINO V4.266 05/27/31 EMTN,Corp
XS3412686563,LATVENERGO AS,LATVEN 4.162 06/25/33 EMTN,Corp
