isin,name,cfi,maturity,coupon,floating,nominal_unit,currency
AT0000A001X2,"BON Österreichische Bundesfinanzierungsagentur GmbH (Oe   3,500 09/2021",DBFTFB,2021-09-15,3.5,,1000,EUR
AT0000A0N9A0,"BON Österreichische Bundesfinanzierungsagentur GmbH (Oe   1,950 04/2022",DBFTFB,2022-04-20,3.65,,1000,EUR
AT0000A34CN3,Fixed to Floating Green Non-Preferred Senior Notes 2023-2027/Series 35,DBVNGB,2027-05-19,7.625,,100000,EUR
AT0000A377W8,Slovenska sporitelna Fix-to-Float Rate Green Preferred Senior Notes due 2028 callable 2027 /Series 40/Tranche 1 u 2,DBVNGB,2028-10-04,,,100000,EUR
AT0000A3KDQ3,Kommunalkredit 4.25 per cent. Fixed Rate Senior Preferred Notes 2025-2031/Series 25,DBFNFB,2031-04-01,4.25,,100000,EUR
AT0000A3MUC3,ATGV         03/26/26 MATd,DYZTXB,2026-03-26,0,,100,EUR
AT0000A3QMW9,Callable Fixed to Floating Rate Non-Preferred Senior Notes 2025-2031/Series No. 58/Tranche No. 1,DBVNGB,2031-11-25,4,,100000,EUR
AT0000A3RVH9,"Österreich, Republik EO-Medium-Term Notes 2026(36)",DBFTFB,2036-02-20,3.2,,100,EUR
BE0000318270,"Belgien, Königreich           EO-Obl. Lin. 2010(20) Ser. 58",DBFTFR,2020-09-28,3.75,,5000000,EUR
BE0000321308,"Belgien, Konigreich           EO-Obl. Lin. 2011(21) Ser. 61",DBFTFR,2021-09-28,4.25,,5000000,EUR
BE0000325341,"Belgien, Konigreich           EO-Obl. Lin. 2012(22) Ser. 65",DBFTFR,2022-09-28,4.25,,200,EUR
BE0000328378,"Belgien, Konigreich           EO-Obl. Lin. 2013(23) Ser.68",DBFTFR,2023-06-22,2.25,,2500000,EUR
BE0000337460,"Belgien, Konigreich           EO-Obl. Lin. 2016(26) Ser. 77",DBFTFN,2026-06-22,1,,0.01,EUR
BE0000339482,"Belgien, Königreich           EO-Obl. Lin. 2016(23) Ser. 79",DBFTFN,2023-10-22,0.2,,200,EUR
BE0000363722,"BON Service Public Fédéral Finances   3,100 06/2035",DBFTFN,2035-06-22,3.1,,0.01,EUR
BE0002939206,Fluvius System Operator CV EO-Medium-Term Nts 2023(23/33),DTFNGN,2033-05-09,3.875,,100000,EUR
CZ0001004469,Czech Republic Government Bond12026-06-26CZK,DBFTFB,2026-06-26,1,,10000,CZK
DE0001030708,Bundesrep.Deutschland         Anl.v.2020 (2030),DBFTFB,2030-08-15,0,,0.01,EUR
DE0001030732,Bundesrep.Deutschland         Anl.v.2021 (2031) Grune,DBFTFB,2031-08-15,0,,0.01,EUR
DE0001102317,Bundesrepub. Deutschland (RegS) 1.5% 15/05/2023,DBFTFB,2023-05-15,1.5,,0.01,EUR
DE0001102333,Bundesrepub. Deutschland (RegS) 1.75% 15/02/2024,DBFTFB,2024-02-15,1.75,,0.01,EUR
DE0001102341,Bundesrepub. Deutschland (RegS) 2.500% 15/08/2046,DBFTFB,2046-08-15,2.5,,0.01,EUR
DE0001102358,Bundesrep.Deutschland         Anl.v.2014 (2024),DBFTFB,2024-05-15,1.5,,0.01,EUR
DE0001102366,Bundesrep.Deutschland         Anl.v.2014 (2024),DBFTFB,2024-08-15,1,,0.01,EUR
DE0001102374,Bundesrep.Deutschland         Anl.v.2015 (2025),DBFTFB,2025-02-15,0.5,,0.01,EUR
DE0001102457,Bundesrep.Deutschland         Anl.v.2018 (2028),DBFTFB,2028-08-15,0.25,,0.01,EUR
DE0001102598,Bundesrep.Deutschland         Anl.v.2022 (2038),DBFTFB,2038-05-15,1,,0.01,EUR
DE0001102606,Bundesrep.Deutschland         Anl.v.2022 (2032),DBFTFB,2032-08-15,1.7,,0.01,EUR
DE0001102614,Bundesrepublik Deutschland Bundesanleihe1.82053-08-15EUR,DBFTFB,2053-08-15,1.8,,0.01,EUR
DE0001102622,Bundesrep.Deutschland         Anl.v.2022 (2029),DBFTFB,2029-11-15,2.1,,0.01,EUR
DE0001104842,Bundesrep.Deutschland         Bundesschatzanw. v.21(23),DBFTFB,2023-06-16,0,,0.01,EUR
DE0001135457,Bundesrepub. Deutschland (RegS) 2.25% 04/09/2021,DBFTFB,2021-09-04,2.25,,0.01,EUR
DE0001135473,Bundesrepub. Deutschland (RegS) 1.75% 04/07/2022,DBFTFB,2022-07-04,1.75,,0.01,EUR
DE0001135499,Bundesrepub. Deutschland (RegS) 1.5% 04/09/2022,DBFTFB,2022-09-04,1.5,,0.01,EUR
DE0001141810,Bundesrep.Deutschland         Bundesobl.Ser.181 v.2020(25),DBFTFB,2025-04-11,0,,0.01,EUR
DE0001141836,Bundesrep.Deutschland         Bundesobl.Ser.183 v.2021(26),DBFTFB,2026-04-10,0,,0.01,EUR
DE0002635307,iSh.STOXX Europe 600 U.ETF DE Inhaber-Anteile,CEOIEU,,,,,EUR
DE0006289481,iShares eb.rexx® Government Germany 2.5-5.5yr UCITS ETF (DE),CEOIBU,,,,,EUR
DE000A0D8QZ7,iSh.ST.Euro.Small 200 U.ETF DE Inhaber-Anteile,CEOIEU,,,,,EUR
DE000A0H08F7,iShares STOXX Europe 600 Construction & Materials UCITS ETF (DE),CEOIEU,,,,,EUR
DE000A0Q4RZ9,iSh.eb.r.Gov.Ger.0-1y U.ETF DE Inhaber-Anteile EUR (Dist),CEOIBU,,,,,EUR
DE000BLB6JJ0,Bayerische Landesbank         Med.Term.Inh.-Schv.21(28),DTFUGB,2028-02-10,0.125,,100000,EUR
DE000BU0E014,Bundesrep.Deutschland         Unv.Schatz.A.23/01 f.17.01.24,DYZTXB,2024-01-17,0,,0.01,EUR
DE000BU0E022,Bundesrep.Deutschland         Unv.Schatz.A.23/03 f.21.02.24,DYZTXB,2024-02-21,0,,0.01,EUR
DE000BU0E055,Bundesrep.Deutschland         Unv.Schatz.A.23/06 f.15.05.24,DYZTXB,2024-05-15,0,,0.01,EUR
DE000BU0E063,Bundesrep.Deutschland         Unv.Schatz.A.23/07 f.19.06.24,DYZTXB,2024-06-19,0,,0.01,EUR
DE000BU0E071,Bundesrep.Deutschland         Unv.Schatz.A.23/08 f.17.07.24,DYZTXB,2024-07-17,0,,0.01,EUR
DE000BU0E089,Bundesrep.Deutschland         Unv.Schatz.A.23/09 f.21.08.24,DYZTXB,2024-08-21,0,,0.01,EUR
DE000BU0E097,Bundesrep.Deutschland         Unv.Schatz.A.23/10 f.18.09.24,DYZTXB,2024-09-18,0,,0.01,EUR
DE000BU0E105,Bundesrep.Deutschland         Unv.Schatz.A.23/11 f.16.10.24,DYZTXB,2024-10-16,0,,0.01,EUR
DE000BU0E139,Bundesrep.Deutschland         Unv.Schatz.A.24/01 f.15.01.25,DYZTXB,2025-01-15,0,,0.01,EUR
DE000BU0E147,Bundesrep.Deutschland         Unv.Schatz.A.24/02 f.19.02.25,DYZTXB,2025-02-19,0,,0.01,EUR
DE000BU0E162,Bundesrep.Deutschland         Unv.Schatz.A.24/04 f.16.04.25,DYZTXB,2025-04-16,0,,0.01,EUR
DE000BU0E196,Bundesrep.Deutschland         Unv.Schatz.A.24/07 f.16.07.25,DYZTXB,2025-07-16,0,,0.01,EUR
DE000BU0E220,Bundesrep.Deutschland         Unv.Schatz.A.24/10 f.15.10.25,DYZTXB,2025-10-15,0,,0.01,EUR
DE000BU2Z007,Bundesrep.Deutschland         Anl.v.2023 (2033),DBFTFB,2033-02-15,2.3,,0.01,EUR
DE000BU2Z015,Bundesrep.Deutschland         Anl.v.2023 (2033),DBFTFB,2033-08-15,2.6,,0.01,EUR
DE000BU2Z023,Bundesrep.Deutschland         Anl.v.2024 (2034),DBFTFB,2034-02-15,2.2,,0.01,EUR
DE000BU2Z049,Bundesrep.Deutschland         Anl.v.2025 (2035),DBFTFB,2035-02-15,2.5,,0.01,EUR
DE000BU3Z005,Bundesrep.Deutschland         Anl.v.2023 (2033) Grune,DBFTFB,2033-02-15,2.3,,0.01,EUR
DE000ETFL581,Deka MSCI World Climate Change ESG CTB UCITS ETF,CEOIEU,,,,,EUR
DK0030406152,Idavang A.S. EO-FLR Anl. 2017(17/21),DBVUGB,2021-12-13,6.5,,0.01,EUR
DK0030472618,Idavang A.S. EO-FLR Notes 2020(20/25),DTVUGB,2024-12-30,,,100000,EUR
EE0000003499,Apollo Group OU72031-03-20EUR,DBFUGR,2031-03-20,7,,500,EUR
EE0000004109,"Estland, Republik EO-Bonds 2026(36)",DNFUFR,2036-05-14,3.5,,1000,EUR
EE1300001548,ESTB 0 09/27/24,DYZUXR,2024-09-27,0,,100000,EUR
EE1300001563,ESTGB 3.3 09/16/26 BOND,DNFUFR,2026-09-16,3.3,,100,EUR
EE3100097411,,,,,,,
EE3100125238,,,,,,,
EE3100127242,EfTEN Real Estate Fund III Ord Shs,ESVUFR,,,,,EUR
EE3300111467,BALTH  4.250  5/8/23 c21 BALTIC HORIZON,DBFUGR,2023-05-08,4.25,,1000,EUR
EE3500001583,,,,,,,
EE3500110244,Baltic Horizon Fund,CECJXU,,,,,EUR
EE3815097417,,,,,,,
ES00000128S2,Spanien                       EO-Bonos Ind. Inflación 17(27),DBVTFB,2027-11-30,0.65,,1000,EUR
EU000A1G0EL5,Europ.Fin.Stab.Facility (EFSF) EO-Medium-Term Notes 2021(31),DTFTFB,2031-01-20,0,,1000,EUR
EU000A3K4C42,Europaische Union             EO-Medium-Term Notes 2021(37),DNFCFB,2037-02-04,0.4,,1,EUR
EU000A3K4D41,Europaische Union             EO-Medium-Term Notes 2023(34),DNFCFB,2034-07-04,3.25,,1,EUR
EU000A4EA8Y7,Europäische Union EO-Medium-Term Notes 2025(45),DNFCFB,2045-10-12,3.75,,1,EUR
EU000A4ED0K0,Europäische Union EO-Medium-Term Notes 2025(32),DNFCFB,2032-12-13,2.75,,1,EUR
FI4000020961,"Finnland, Republik            EO-Notes 2011(21)",DBFUFB,2021-04-15,3.5,,1000,EUR
FI4000391529,"Finnland, Republik            EO-Bonds 2019(24)",DNZUFB,2024-09-15,0,,1000,EUR
FI4000523238,"Finnland, Republik            EO-Bonds 2022(32)",DBFTFB,2032-09-15,1.5,,1000,EUR
FI4000549621,FIGV         02/13/24 MATd,DYZUXB,2024-02-13,0,,1000000,EUR
FI4000557525,"Finnland, Republik            EO-Bonds 2023(29)",DBFTFB,2029-04-15,2.875,,1000,EUR
FI4000571104,"Finnland, Republik            EO-Bonds 2024(34)",DBFTFB,2034-09-15,3,,1000,EUR
FR0000971293,,,,,,,
FR0010070060,Frankreich                    EO-OAT 2004(35),DBFTFN,2035-04-25,4.75,,1,EUR
FR0010192997,Frankreich                    EO-OAT 2005(21),DNFTFN,2021-04-25,3.75,,1,EUR
FR0010261198,MUF-Amundi MSCI Europe Uc. ETF Actions au Porteur ACC. o.N.,CEOJEU,,,,,EUR
FR0010315770,Multi Units France SICAV - Amundi MSCI World Swap II UCITS ETF,CEOJEU,,,,,EUR
FR0010429068,MUF-Amundi MSCI EmerMarket III Act. au Port. C-EUR o.N.,CEOJEU,,,,,EUR
FR0010754168,Amundi ETF Govt Bond Euromts Broad Investment Grade 3-5 UCITS ETF DR,CEOJBU,,,,,EUR
FR0010773192,Frankreich                    EO-OAT 2009(41),DBFTFN,2041-04-25,4.5,,1,EUR
FR0010949651,Frankreich                    EO-OAT 2010(20),DBFTFB,2020-10-25,2.5,,5000000,EUR
FR0011059088,Frankreich                    EO-OAT 2011(21),DBFTFN,2021-10-25,3.25,,1,EUR
FR0011196856,Frankreich                    EO-OAT 2012(22),DBFTFB,2022-04-25,3,,5000000,EUR
FR0011337880,Frankreich                    EO-OAT 2011(22),DBFTFB,2022-10-25,2.25,,5000000,EUR
FR0011363423,Lyx.MSCI USA ESG B.CTB DR UETF Actions au Porteur C-EUR o.N.,CEOJEU,,,,,EUR
FR0011427848,Frankreich                    EO-Infl.Index-Lkd OAT 2013(24),DBVTFB,2024-07-25,0.25,,2500000,EUR
FR0012517027,Frankreich                    EO-OAT 2015(25),DBFTFB,2025-05-25,0.5,,5000000,EUR
FR0012993103,Frankreich                    EO-OAT 2015(31),DBFTFN,2031-05-25,1.5,,1,EUR
FR0013154044,Frankreich                    EO-OAT 2016(36),DBFTFN,2036-05-25,1.25,,1,EUR
FR0013283686,Frankreich                    EO-OAT 2017(23),DBFTFB,2023-03-25,0,,5000000,EUR
FR0013344751,France (govt Of) (RegS) 0% 25/03/2024,DBFTFN,2024-03-25,0,,1,EUR
FR0013451507,Frankreich                    EO-OAT 2019(29),DBFTFN,2029-11-25,0,,1,EUR
FR0013512233,Klépierre S.A.                EO-Med.-Term Notes 2020(20/29),DTFNFB,2029-05-12,2,,100000,EUR
FR0013515806,Frankreich                    EO-OAT 2020(40),DBFTFN,2040-05-25,0.5,,1,EUR
FR0014001N46,Frankreich                    EO-OAT 2020(24),DBFTFN,2024-02-25,0,,1,EUR
FR0014003513,Frankreich                    EO-OAT 2021(27),DBFTFN,2027-02-25,0,,1,EUR
FR0014007L00,Frankreich                    EO-OAT 2022(32),DBFTFN,2032-05-25,0,,1,EUR
FR0014009O62,Frankreich                    EO-OAT 2022(38),DBFTFN,2038-05-25,1.25,,1,EUR
FR001400BKZ3,Frankreich EO-OAT 2022(32),DBFTFN,2032-11-25,2,,1,EUR
FR001400HI98,Frankreich EO-OAT 2023(29),DBFTFN,2029-02-25,2.75,,1,EUR
FR001400L834,Frankreich                    EO-OAT 2023(33),DBFTFN,2033-11-25,3.5,,1,EUR
FR001400M2G2,Téléperformance SE EO-Medium-Term Nts 2023(23/31),DTFUFB,2031-11-22,5.75,,100000,EUR
FR001400NDQ2,Klépierre S.A. EO-Med.-Term Notes 2024(24/33),DTFUFB,2033-09-23,3.875,,100000,EUR
FR001400QMF9,Frankreich                    EO-OAT 2024(34),DBFTFN,2034-11-25,3,,1,EUR
FR001400U2E7,WLNFP  5.250  11/27/29 c29 (URegS) WORLDLINE SA,DTFSFB,2029-11-27,5.25,,100000,EUR
FR001400ZEB6,LVMH Moët Henn. L. Vuitton SE EO-Medium-Term Notes 25(25/32),DTFUFB,2032-03-07,3,,100000,EUR
FR001400ZED2,LVMH Moët Henn. L. Vuitton SE EO-Medium-Term Notes 25(25/29),DTFUFB,2029-03-07,2.625,,100000,EUR
FR0014010A08,Worldline S.A. EO-Medium-Term Nts 2025(25/30),DTFNFB,2030-06-10,5.5,,100000,EUR
FR0014010MQ4,Sanofi S.A. EO-Medium-Term Nts 2025(25/29),DTFUFB,2029-06-23,2.625,,100000,EUR
FR0014010MR2,Sanofi S.A. EO-Medium-Term Nts 2025(25/32),DTFUFB,2032-06-23,3,,100000,EUR
FR0014012II5,DIRECTION GENER/3.5 Bd 20351125,DBFTFN,2035-11-25,3.5,,1,EUR
FR0014018LM8,Téléperformance SE EO-Medium-Term Nts 2026(26/35),DBFUQB,2035-01-28,5.375,,100000,EUR
FR0127176396,LET DP FRANCIA DESC 06/2023,DYFTXB,2023-06-14,0,,5000000,EUR
FR0127462903,LET DP FRANCIA DESC 11/2023,DYFTXB,2023-11-01,0,,5000000,EUR
FR0127921338,Frankreich EO-Treasury Bills 2023(24),DYFTXB,2024-09-04,0,,5000000,EUR
FR0128071034,FRGV         05/02/24 MATd,DYFTXB,2024-05-02,0,,5000000,EUR
FR0128227685,FRGV         04/04/24 MATd,DYFTXB,2024-04-04,0,,5000000,EUR
FR0128227743,FRGV         06/05/24,DYFTXB,2024-06-05,0,,5000000,EUR
FR0128227768,FRGV         07/24/24 MATd,DYFTXB,2024-07-24,0,,5000000,EUR
FR0128227784,FRGV         09/18/24 MATd,DYFTXB,2024-09-18,0,,5000000,EUR
FR0128379494,Frankreich                    EO-Treasury Bills 2024(25),DYZTXB,2025-05-21,0,,5000000,EUR
FR0128379502,Frankreich EO-Treasury Bills 2024(25),DYZTXB,2025-06-18,0,,5000000,EUR
FR0128537141,Frankreich EO-Treasury Bills 2024(24),DYFTXB,2024-11-06,0,,5000000,EUR
FR0128537182,Frankreich EO-Treasury Bills 2024(25),DYFTXB,2025-01-15,0,,5000000,EUR
FR0128537216,Frankreich EO-Treasury Bills 2024(25),DYZTXB,2025-04-09,0,,5000000,EUR
FR0128838465,Frankreich EO-Treasury Bills 2025(25),DYZTXB,2025-07-30,0,,5000000,EUR
FR0128838473,Frankreich EO-Treasury Bills 2025(25),DYZTXB,2025-08-27,0,,5000000,EUR
FR0128838515,Frankreich EO-Treasury Bills 2025(26),DYZTXB,2026-03-25,0,,5000000,EUR
FR0128983923,FRGV         09/03/25,DYZTXB,2025-09-03,0,,5000000,EUR
FR0128983956,Frankreich EO-Treasury Bills 2025(25),DYZTXB,2025-10-22,0,,5000000,EUR
FR0128983964,FRGV         11/19/25 MATd,DYZTXB,2025-11-19,0,,5000000,EUR
FR0129287241,French Republic,DYZTXB,2026-02-18,0,,5000000,EUR
FR0129287308,FRGV         07/01/26 MATd,DYZTXB,2026-07-01,0,,5000000,EUR
FR0129287340,Frankreich EO-Treasury Bills 2026(26),DYZTXB,2026-12-30,0,,5000000,EUR
FR0129570646,Frankreich EO-Treasury Bills 2026(27),DYZTXB,2027-06-16,0,,5000000,EUR
IE0002W8NB38,iShs VI-iShs MSCI USA Swap ETF Reg.Shs USD Acc. oN,CEOGES,,,,,EUR
IE0003XJA0J9,Amundi Prime All Country World UCITS ETF - USD (Acc),CEOGES,,,,,USD
IE0004MFRED4,Xtrackers (IE) PLC - Xtrackers S&P 500 Equal Weight Scored & Screened UCITS ETF,CEOGES,,,,,USD
IE0006IP4XZ8,Am.ETF-A.MSCI USA ESG BTR.UETF Bear.Shs EUR Acc. oN,CEOGES,,,,,EUR
IE0007472990,VANGUARD INVESTMENT SERIES PLC EUR Acc,CMXXXS,,,,,EUR
IE0007987708,VANGUARD INVESTMENT SERIES PLC EUR Acc,CMXXXS,,,,,EUR
IE0009DRDY20,Amu.ETF ICAV-PRIME Glbl ETF   Bear.Shs USD Acc. oN,CEOGES,,,,,USD
IE0009QS7W62,iShares MSCI World Health Care Sector UCITS ETF USD (Acc),CEOGES,,,,,USD
IE000APK27S2,iShares Global Aggregate Bond ESG SRI UCITS ETF EUR Hedged (Acc),CEOGBS,,,,,EUR
IE000BI8OT95,Am.ETF-A.Core MSCI World U.ETF Registered Shs Acc. o.N.,CEOGES,,,,,USD
IE000CL68Z69,Amundi MSCI World Climate Net Zero Ambition PAB UCITS ETF - USD (Acc),CEOGES,,,,,USD
IE000F6G1DE0,iShsIII-EO Corp Bd 1-5yr U.ETF Reg.Shs EUR Acc. oN,CEOGBS,,,,,EUR
IE000G2LIHG9,iShs IV-iShs MSCI USA Scr.UETF Reg. Shs Hgd EUR Acc. oN,CEOGES,,,,,EUR
IE000H1H16W5,iShares MSCI World Value Factor Advanced UCITS ETF USD (Acc),CEOGES,,,,,USD
IE000H92C4B8,iShares € High Yield Corp Bond ESG Paris-Aligned Climate UCITS ETF D,CEOIBS,,,,,EUR
IE000I9HGDZ3,Xtr.(IE)-MSCI World Scre. Reg.Shs 1C USD Acc. oN,CEOGES,,,,,USD
IE000J0LN0R5,Amundi S&P Global Energy Carbon Reduced Ucits Etf Dr  – EUR (A),CEOGES,,,,,EUR
IE000JEL63K7,,,,,,,
IE000KDUZ5O6,,,,,,,
IE000KXCEXR3,Amu.ETF-Amu.S&P 500 Scr.U.ETF Bear.Shs EUR Acc. oN,CEOGES,,,,,EUR
IE000LAP5Z18,Amundi S&P 500 Equal Weight ESG Leaders UCITS ETF - USD (Acc),CEOGES,,,,,USD
IE000O5FBC47,Amundi S&P 500 Climate Net Zero Ambition PAB UCITS ETF - USD (Acc),CEOGES,,,,,USD
IE000Q8N7WY1,Robeco-R.3D Glbl Eq.UCITS ETF Reg.Shs USD Acc. oN,CEOGES,,,,,USD
IE000QWCYQT0,AMUNDI MSCI WORLD SCREENED UCITS ETF Acc,CEOGES,,,,,USD
IE000R85HL30,Amundi MSCI USA SRI Climate Net Zero Ambition PAB UCITS ETF - EUR (Acc),CEOGES,,,,,USD
IE000T9EOCL3,iShares MSCI World Small Cap ESG Enhanced UCITS ETF USD (Acc),CEOGES,,,,,USD
IE000TG1LGI4,UBS ETF (IE) MSCI World ESG Leaders UCITS ETF (USA) A-acc,CEOGES,,,,,USD
IE000UQND7H4,HSBC MSCI WORLD UCITS ETF     Reg.Shs USD Acc. oN,CEOGES,,,,,USD
IE000Y77LGG9,Amundi MSCI World SRI Climate Net Zero Ambition PAB UCITS ETF  - EUR (Acc),CEOGES,,,,,EUR
IE0031080868,,,,,,,
IE0031786696,VANGUARD INVESTMENT SERIES PLC EUR Acc,CMXXXS,,,,,EUR
IE0032126645,VANGUARD INVESTMENT SERIES PLC EUR Acc,CIOGBS,,,,,EUR
IE0032568770,,,,,,,
IE0032876397,,,,,,,
IE00B04GQR24,VANGUARD INVESTMENT SERIES PLC EUR Acc,CMXXXS,,,,,EUR
IE00B0M63623,iShs-MSCI Taiwan UCITS ETF    Registered Shares USD (Dist)oN,CEOIES,,,,,USD
IE00B1FZS681,iShsII-EO Govt Bd 3-5yr U.ETF Registered Shares o.N.,CEOIBS,,,,,EUR
IE00B1XNHC34,iShares S&P Global Clean Energ*y UCITS ETF ON S&P GLOBAL CLEAN ENERGY NET TR,CEOIBS,,,,,USD
IE00B2NSVP60,,,,,,,
IE00B2R34Y72,,,,,,,
IE00B3D07F16,,,,,,,
IE00B3DBRP41,,,,,,,
IE00B3DJ5M15,,,,,,,
IE00B3DKXQ41,iShares III PLC – iShares EUR Aggregate Bond UCITS ESG SRI UCITS ETF,CEOIBS,,,,,EUR
IE00B3F81R35,iShares III PLC – iShares Core EO Corp Bond UCITS ETF,CEOIBS,,,,,EUR
IE00B3FPH103,,,,,,,
IE00B3VVMM84,Vanguard FTSE Em.Markets U.ETF Registered Shares USD Dis.oN,CEOIES,,,,,USD
IE00B3VWM098,iShs VII-MSCI USA S.Cap UC.ETFReg. Shares USD (Acc) o.N.,CEOGMS,,,,,USD
IE00B3WJKG14,iShsV-S&P 500 Inf.Te.Sec.U.ETF Registered Shares USD (Acc) oN,CEOGES,,,,,USD
IE00B3XXRP09,Vanguard S&P 500 UCITS ETF Registered Shares USD Dis.oN,CEOIES,,,,,USD
IE00B3YLTY66,State Street SPDR MSCI All Country World Investable Market UCITS ETF (Acc),CEOGES,,,,,USD
IE00B4K48X80,iShares III PLC - iShares MSCI Europe ETF ON MSCI DAILY NET TR EUROPE EURO,CEOGES,,,,,EUR
IE00B4L5Y983,iShsIII-Core MSCI World U.ETF Registered Shs USD (Acc) o.N.,CEOGES,,,,,USD
IE00B4L5YX21,iShsIII-Core MSCI Jp.IMI U.ETF Registered Shs USD (Acc) o.N.,CEOGES,,,,,USD
IE00B4L60045,iShares Barclays Euro Corp Bond 1-5 ETF ON BARC CAP EUR CORP 1-5,CEOIBS,,,,,EUR
IE00B4WXJJ64,ISHARES III PLC-ISHARES EURO GOVERNMENT BOND UCITS ETF ON Barclays Euro Treasury Bond,CEOIBS,,,,,EUR
IE00B52MJY50,iShs VII-Co.MSCI Pac.xJP U.ETF Reg. Shares USD (Acc) o.N.,CEOGMS,,,,,USD
IE00B52VJ196,ISHARES MSCI EUROPE SRI UCITS ETF Sust Screened fund ETF ON ISHARES MSCI,CEOGES,,,,,EUR
IE00B53HP851,iShs VII-C.FTSE 100 E.GBP     Registered Shares o.N.,CEOGES,,,,,GBP
IE00B5BMR087,iShares VII Public Limited Company - iShares S&P 500 - B UCITS ETF (Acc),CEOGES,,,,,USD
IE00B5M4WH52,iShsIII-iSh.JPM EM L.G.B.U.ETF Registered Shares USD o.N.,CEOIBS,,,,,USD
IE00B5SSQT16,HSBC MSCI Em.Markts. UCITS ETF Registered Inc.Shares USD o.N.,CEOGES,,,,,USD
IE00B60SX170,Source Mkts-S.MSCI USA U.ETF Registered Shares Class A o.N.,CEOGES,,,,,USD
IE00B60SX394,MSCI WORLD TRN INDEX SOURCE ETF ETF ON MSCI World Total Return* (Net) INVESCO MSCI WORLD UCITS ETF,CEOGES,,,,,USD
IE00B62WCL09,,,,,,,
IE00B67T5G21,,,,,,,
IE00B6R52259,iShsV-MSCI All Cnt.Wld UC.ETF Registered Shares USD (Acc) oN,CEOGES,,,,,USD
IE00B6RVWW34,,,,,,,
IE00B6X95T99,Irland                        EO-Treasury Bonds 2014(24),DNFTFR,2024-03-18,3.4,,1,EUR
IE00B6YX4K42,BARINGS GLOBAL INVESTMENT FUNDS PLC Tranche A EUR Accumulating Shares,CMXXXS,,,,,EUR
IE00B6YX5M31,SSgA SPDR ETFs Europe I PLC – SPDR Bloomberg  Euro High Yield Bond UCITS ETF,CEOGES,,,,,EUR
IE00B78CT216,,,,,,,
IE00B78JSG98,UBS (Irl) ETF plc – MSCI USA Value UCITS ETF - A Dis USD o.N.,CEOIES,,,,,USD
IE00B8KGV557,iShares MSCI Emerging Markets Minimum Volatility UCITS ETF,CEOGES,,,,,USD
IE00B945VV12,Vanguard FTSE Dev.Europe U.ETF Registered Shares EUR Dis.oN,CEOIVS,,,,,EUR
IE00B95PGT31,Vanguard FTSE Japan UCITS ETF Registered Shares USD Dis.oN,CEOIVS,,,,,USD
IE00B9M6RS56,iShares J.P. Morgan USD EM Bond EUR Hedged UCITS ETF Dist,CEOIBS,,,,,EUR
IE00B9M6SJ31,iShsVI-Gl.CorpBd EO H.U.ETF D Registered Shares o.N.,CEOIBS,,,,,EUR
IE00BCRY6557,iShsIV-EO Ultrashort Bd U.ETF Registered Shares o.N.,CEOIBS,,,,,EUR
IE00BD0PCJ82,NEUBERGER BERMAN INVESTMENT FUNDS PLC EUR I3 Accumulating Class,CMXXXS,,,,,EUR
IE00BD1F4M44,iShsIV-Edge MSCI USA V.F.U.ETF Registered Shares o.N.,CEOGES,,,,,USD
IE00BD4TXV59,UBS (IRL) ETF PLC-MSCI WORLD UCITS ETF CMN  CLASS ETF ETF ON MSCI World Net Total Re*turn USD Index,CEOGMS,,,,,USD
IE00BD5BKF38,NEUBERGER BERMAN INVESTMENT FUNDS PLC EUR I UNHEDGED ACCUMULATING CLASS,CMXXXS,,,,,EUR
IE00BDQZMX67,UBS(I)ETF-MSCI ACWI Universal Reg. Shs A USD Dis. oN,CEOIMS,,,,,USD
IE00BDR55471,UBS ETF (IE) MSCI ACWI Socially Responsible UCITS ETF (USD) A-acc,CEOGES,,,,,USD
IE00BF16M727,First Tr.GF-Nasdaq Cyber.ETF  Reg. Shs A USD Acc. oN,CEOGES,,,,,USD
IE00BF1QPL78,State Street SPDR Bloomberg Global Aggregate Bond EUR Hdg UCITS ETF (Dist),CEOIBS,,,,,EUR
IE00BF4G6Z54,JPMorgan Global Emerging Markets Research Enhanced Index Equity Active UCITS ETF,CEOGES,,,,,USD
IE00BF4RFH31,iShsIII-MSCI Wld Sm.Ca.UCI.ETF Registered Shares USD(Acc)o.N.,CEOGES,,,,,USD
IE00BFG1TM61,,,,,,,
IE00BFMNPS42,Xtr.(IE)-MSCI USA ESG UCI.ETF Registered Shares 1C o.N.,CEOGES,,,,,USD
IE00BFNM3D14,iShs IV-MSCI Eur. ESG Screened Reg. Shares EUR Acc. o.N.,CEOGES,,,,,EUR
IE00BFNM3G45,iShs IV-iShs MSCI USA Scr.UETF Reg. Shares USD Acc. o.N.,CEOGES,,,,,USD
IE00BFNM3J75,iShsIV-iShs MSCI Wld ESG S.ETF Reg. Shares USD Acc. o.N.,CEOGES,,,,,USD
IE00BFNM3P36,iShs IV-iShs MSCI EMIMI ES ETF Reg. Shares USD Acc. o.N.,CEOGES,,,,,USD
IE00BFXR5Q31,L&G US EQUITY UCITS ETF       Reg. Shs USD Acc. oN,CEOGES,,,,,USD
IE00BFXR5S54,L&G GLOBAL EQUITY UCITS ETF   Reg. Shs USD Acc. oN,CEOGES,,,,,USD
IE00BFXR5T61,L&G JAPAN EQUITY UCITS ETF    Reg. Shs USD Acc. oN,CEOGES,,,,,USD
IE00BFY0GT14,SS SPDR MSCI World UCITS ETF CMN  CLASS ETF ETF ON MSCI DAILY TOTAL,CEOGES,,,,,USD
IE00BFY85B09,,,,,,,
IE00BFZPF439,IMII-Invesco DL AT1 CoCo Bd UE Reg. Shs Hdg EUR Dis. oN,CEOIBS,,,,,EUR
IE00BG36TC12,Xtr.(IE)-MSCI Japan ESG UC.ETF Registered Shares 1C o.N.,CEOGES,,,,,USD
IE00BGHQ0G80,XTRACKERS MSCI AC WORLD UCITS CMN  CLASS ETF Index UCITS ETF (DR) ETF ON,CEOGES,,,,,EUR
IE00BGYWT403,Vanguard EUR Corp.Bond U.ETF  Reg. Shs EUR Acc. oN,CEOGBS,,,,,EUR
IE00BH4GPZ28,SPDR S&P 500 ESG Leaders UCITS Registered Shs USD Acc oN,CEOGES,,,,,USD
IE00BHZPJ239,iShsIV-MSCI EM.ESG.Enh.CTB UE Reg. Shares USD Acc. o.N.,CEOGES,,,,,USD
IE00BHZPJ452,iShsIV-MSCI Jap.CTB Enh.ESG UE Reg. Shares USD Acc. o.N.,CEOGES,,,,,USD
IE00BHZPJ569,iShsIV-MSCI Wld CTB Enh.ESG UE Reg. Shares USD Acc. o.N.,CEOGES,,,,,USD
IE00BHZPJ783,iShsIV-MSCI Eur.ESG Enh.CTB UE Reg. Shares EUR Acc. o.N.,CEOGES,,,,,EUR
IE00BHZPJ890,iShares MSCI USA ESG Enhanced UCITS ETF - USD (Dist),CEOIES,,,,,USD
IE00BHZPJ908,iShsIV-MSCI USA ESG Enh.CTB UE Reg. Shares USD Acc. o.N.,CEOGES,,,,,USD
IE00BHZRR030,FT ICAV-Fr.FTSE Korea U.ETF   Reg. Shares USD Acc. o.N.,CEOGES,,,,,USD
IE00BJ0KDQ92,Xtr.(IE) - MSCI World         Registered Shares 1C o.N.,CEOGES,,,,,USD
IE00BJ0KDR00,Xtr.(IE) - MSCI USA           Registered Shares 1C o.N.,CEOGES,,,,,USD
IE00BJ38QD84,State Street SPDR RUSSELL 2000 U.S. Small Cap UCITS ETF (Acc),CEOGES,,,,,USD
IE00BJ5JNY98,iShares MSCI World Information Technology Sector Advanced UCITS ETF,CEOIES,,,,,USD
IE00BJ5JNZ06,iShares MSCI World Health Care Sector Advanced UCITS ETF,CEOIES,,,,,USD
IE00BJ5JPH63,iShsII-J.P.M.$ EM Bond U.ETF  Reg. Shares EUR Hgd (Acc) o.N.,CEOGBS,,,,,EUR
IE00BJ7JJT40,,,,,,,
IE00BJ7VWB39,,,,,,,
IE00BJBYDP94,CSIF(IE)ETF-MSCI USA ES.L.B.U. Registered Acc.Shs B USD o.N.,CEOGES,,,,,USD
IE00BJBYDQ02,CSIF(IE)ETF-MSC.WOR.ES.L.B.UC. Registered Acc.Shs B USD o.N.,CEOGES,,,,,EUR
IE00BJK55C48,iShares EUR High Yield Corp Bond ESG UCITS ETF EUR (Acc),CEOGBS,,,,,EUR
IE00BJQRDK83,Invesco MSCI World ESG Universal Screened UCITS ETF Class Acc,CEOGES,,,,,USD
IE00BJQRDM08,Invesco MSCI USA ESG Universal Screened UCITS ETF Class Acc,CEOGES,,,,,USD
IE00BJZ2DC62,Xtr.(IE)-MSCI USA ESG Scre.   Registered Shares 1C USD o.N.,CEOGES,,,,,USD
IE00BJZ2DD79,Xtr.(IE) - Russell 2000       Registered Shares 1C USD o.N.,CEOJLS,,,,,USD
IE00BK1PV551,Xtr.(IE) - MSCI World         Registered Shares 1D o.N.,CEOGES,,,,,USD
IE00BKM4GZ66,iShares Core MSCI Emerging Markets IMI UCITS ETF ON ETF ON MSCI EM EMERGING,CEOGES,,,,,USD
IE00BKVL7331,iShares Edge MSCI USA Minimum Volatility Advanced UCITS ETF,CEOGES,,,,,USD
IE00BKVL7778,iShares Edge MSCI World Minimum Volatility Advanced UCITS ETF USD (Acc),CEOGES,,,,,USD
IE00BKWQ0M75,SS SPDR MSCI Europe Small Cap UCITS ETF CMN  CLASS ETF ETF ON MSCI EUROPE SMALL CAP NET RETURN EUR INDEX,CEOXMS,,,,,EUR
IE00BKY59K37,HSBC ETFS-HSBC D.W.Scr.Eq.ETF Reg. Shs USD Acc. oN,CEOGES,,,,,USD
IE00BL25JM42,Xtr.(IE) - MSCI World Value   Registered Shares 1C USD o.N.,CEOGES,,,,,USD
IE00BL25JN58,Xtr.(IE)-MSCI World Minim.Vol. Registered Shares 1C USD o.N.,CEOGES,,,,,USD
IE00BL5BFR67,,,,,,,
IE00BM67HK77,DB X-TRACKERS MSCI WORLD HEALTH CARE TRN INDX UCITS ETF ON MSCI World Health Care,CEOGES,,,,,USD
IE00BM67HM91,Xtr.(IE) - MSCI World Energy  Registered Shares 1C USD o.N.,CEOGES,,,,,USD
IE00BM67HN09,Xtr.(IE)-MSCI Wrld Con.Staples Registered Shares 1C USD o.N.,CEOGES,,,,,USD
IE00BM67HQ30,Xtr.(IE)-MSCI World Utilities Registered Shares 1C USD o.N.,CEOGMS,,,,,USD
IE00BM67HR47,Xtr.(IE)-MSCI Wo.Comm.Services Registered Shares 1C USD o.N.,CEOGES,,,,,USD
IE00BM67HS53,Xtr.(IE)-MSCI World Materials Registered Shares 1C USD o.N.,CEOGES,,,,,USD
IE00BM67HT60,Xtr.(IE)-MSCI Wo.Inform.Techn. Registered Shares 1C USD o.N.,CEOGES,,,,,USD
IE00BMC38736,VanEck Semiconductor UC.ETF   Reg. Shares o. N.,CEOGMS,,,,,USD
IE00BMDPBZ72,FT ICAV-Fr.S&P500 P.A.Cl.U.ETF Reg. Shs USD Acc. oN,CEOGES,,,,,USD
IE00BMG6Z448,iShsIV-MSCI EM ex-China UCITS Reg. Shs USD Acc. oN,CEOGES,,,,,USD
IE00BMP3HN93,UBS Irl ETF plc - MSCI United Kingdom IMI Socially Responsible UCITS ETF,CEOIMS,,,,,GBP
IE00BMTX1Y45,iShs VI-iSh.S&P 500 Swap U.E. Reg. Shares USD (Acc.) o.N.,CEOGDS,,,,,USD
IE00BMXC7V63,iShares S&P 500 Paris-Aligned Climate UCITS ETF USD (Acc),CEOGES,,,,,USD
IE00BN4Q1675,UBS ETF (IE) MSCI Emerging Markets Climate Paris Aligned UCITS ETF (USD) A-acc,CEOGES,,,,,USD
IE00BP2C1V62,HSBC ETFs-MSCI Wld Cl.P.Al.ETF Reg. Shs USD Acc. oN,CEOIES,,,,,USD
IE00BP3QZ825,iShsIV-Edge MSCI Wo.Mo.F.U.ETF Registered Shares USD (Acc)o.N,CEOIES,,,,,USD
IE00BP3QZB59,iShsIV-Edge MSCI Wo.Va.F.U.ETF Registered Shares USD (Acc)o.N,CEOIES,,,,,USD
IE00BTJRMP35,Xtr.(IE)-MSCI Emerging Markets Reg. Shares 1C USD o.N.,CEOJLS,,,,,USD
IE00BX7RR706,UBS Irl ETF Plc - Factor MSCI USA Prime Value ESG UCITS ETF,CEOIMS,,,,,USD
IE00BXQ9CQ11,NEUBERGER BERMAN INVESTMENT FUNDS PLC EUR I4 Accumulating Class,CMXXXS,,,,,EUR
IE00BYVJRP78,iShs IV-Sust.MSCI Em.Mkts SRI Registered Shares USD o.N.,CEOIES,,,,,USD
IE00BYVJRR92,iShsIV-MSCI USA SRI UCITS ETF Registered Shares USD o.N.,CEOGES,,,,,USD
IE00BYX2JD69,iShsIV-MSCI Wld.SRI UCITS ETF Registered Shs EUR Acc. o.N.,CEOGES,,,,,EUR
IE00BYX8XC17,iShares IV Public Limited Company - iShares MSCI Japan SRI UCITS ETF USD,CEOIES,,,,,USD
IE00BYYW2V44,SPDR S&P 500 UCITS ETF        Registered Shs EUR Hgd Acc oN,CEOGES,,,,,EUR
IE00BYZK4552,iShsIV-Automation&Robot.U.ETF Registered Shares o.N.,CEOGES,,,,,USD
IE00BYZTVT56,iShsII-EO Corp Bd ESG SRI UE  Registered Shares o.N.,CEOIBS,,,,,EUR
IE00BZ02LR44,Xtr.(IE)-MSCI World ESG       Registered Shares 1C o.N.,CEOIMS,,,,,USD
IE00BZ163H91,Vanguard EUR Euroz.Gov.B.U.ETF Registered Shares EUR Dis.oN,CEOIBS,,,,,EUR
IE00BZ163L38,Vanguard USD Emerg. Markets Government Bond UCITS ETF USD D,CEOIBS,,,,,USD
LT0000131419,,,,,,,
LT0000133258,"Litauen, Republik EO-Bonds 2025(28)",DBFTFR,2028-08-05,2.7,,100,EUR
LT0000134413,CIVB100029A,DBFUGR,2029-07-17,10,,1000,EUR
LT0000134439,AEIB080027A,DBFUGR,2027-12-13,8,,1000,EUR
LT0000135436,VLSTIK 3.119 09/24/29 BOND,DBFUGR,2029-09-24,3.119,,100000,EUR
LT0000135840,AEIB085026A,DBFUDR,2026-12-04,8.5,,1000,EUR
LT0000136244,,,,,,,
LT0000404980,,,,,,,
LT0000405664,VLSTIK 0 09/22/25 BOND,DBZUDR,2025-09-22,0,,100000,EUR
LT0000405771,SABB0104725A,DBFUFR,2025-10-07,1.047,,100000,EUR
LT0000405938,AEIB050025A,DBFUGR,2026-06-15,8.5,,100000,EUR
LT0000406258,VIKA006525B,DBFUGR,2025-03-08,0.65,,100000,EUR
LT0000406431,,,,,,,
LT0000406530,EPSUAB  3.117  6/8/27 c27 EPSO-G,DBFUGR,2027-06-08,3.117,,1000,EUR
LT0000406613,VLSTIK 2.826 06/30/27 BOND,DBFUGR,2027-06-30,2.826,,100000,EUR
LT0000407561,PP4B090026A,DBFUGR,2026-04-28,9,,100000,EUR
LT0000407751,SABLLH 10  3/4  06/22/33 BOND,DBFUGR,2033-06-22,10.75,,100000,EUR
LT0000408940,,,,,,,
LT0000409229,IVLLLH 7 06/14/27 BOND,DBFUGR,2027-06-14,7,,1000,EUR
LT0000607061,LITHGB 3.7 10/25/19 BOND,DBFTFR,2019-10-25,3.7,,28.96,EUR
LT0000607087,Lithuania Government Bond3.42020-10-03EUR,DBFTFR,2020-10-03,3.4,,28.96,EUR
LT0000610057,Lithuania Government Bond5.52022-05-17EUR,DBFTFR,2022-05-17,5.5,,0.01,EUR
LT0000610065,Lithuania Government Bond4.12023-02-28EUR,DBFTFR,2023-02-28,4.1,,0.01,EUR
LT0000610073,Lithuania Government Bond1.12027-04-26EUR,DBFTFR,2027-04-26,1.1,,100,EUR
LT0000610081,LITHGB  0.200  8/28/29 LITHUANIA,DBFTFR,2029-08-28,0.2,,100,EUR
LT0000610305,LITHGB  1.200  5/3/28 LITHUANIA,DBFTFR,2028-05-03,1.2,,100,EUR
LT0000612012,Lithuania Government Bond0.32032-02-12EUR,DBFTFR,2032-02-12,0.3,,100,EUR
LT0000630048,Lithuania Government Bond02020-03-29EUR,DBFTFR,2020-03-29,0,,100,EUR
LT0000630055,Lithuania Government Bond02021-01-31EUR,DBFTFB,2021-01-31,0,,100,EUR
LT0000630063,"Litauen, Republik EO-Bonds 2019(22)",DBFTFR,2022-03-20,0.1,,100,EUR
LT0000630071,Lithuania Government Bond0.12023-04-01EUR,DBFTFR,2023-04-01,0.1,,100,EUR
LT0000630089,Lithuania Government Bond02024-06-02EUR,DBFTFR,2024-06-02,0,,100,EUR
LT0000630097,Lithuania Government Bond1.32025-08-04EUR,DBFTFR,2025-08-04,1.3,,100,EUR
LT0000630105,LITHGB  3.900  8/2/26 LITHUANIA,DBFTFR,2026-08-02,3.9,,100,EUR
LT0000650012,Lithuania Government Bond0.72020-05-27EUR,DBFTFR,2020-05-27,0.7,,100,EUR
LT0000650020,Lithuania Government Bond0.32021-05-04EUR,DBFTFR,2021-05-04,0.3,,100,EUR
LT0000650038,Lithuania Government Bond0.32022-09-27EUR,DBFTFR,2022-09-27,0.3,,100,EUR
LT0000650046,"Litauen, Republik             EO-Bonds 2018(23)",DBFTFR,2023-08-16,0.4,,100,EUR
LT0000650053,Lithuania Government Bond0.42024-04-17EUR,DBFTFR,2024-04-17,0.4,,100,EUR
LT0000650061,Lithuania Government Bond02026-01-22EUR,DBFTFR,2026-01-22,0,,100,EUR
LT0000650079,Lithuania Government Bond02026-06-02EUR,DBFTFR,2026-06-02,0,,100,EUR
LT0000650087,LITHGB  2.300  7/13/27 LITHUANIA,DBFTFR,2027-07-13,2.3,,100,EUR
LT0000670010,Lithuania Government Bond0.62023-06-29EUR,DBFTFR,2023-06-29,0.6,,100,EUR
LT0000670028,Lithuania Government Bond0.72024-08-23EUR,DBFTFR,2024-08-23,0.7,,100,EUR
LT0000670036,Lithuania Government Bond0.82025-11-21EUR,DBFTFR,2025-11-21,0.8,,100,EUR
LT0000670044,EUR 0.10 LITHUANIAN GOV. 7Y BOND 67004 19-2026,DBFTFR,2026-11-27,0.1,,100,EUR
LT0000670051,Lithuania Government Bond02028-03-03EUR,DBFTFR,2028-03-03,0,,100,EUR
LT0000670069,LITHGB  2.400  12/15/29 LITHUANIA,DBFTFR,2029-12-15,2.4,,100,EUR
LT1000607010,Lithuania Government Bond2.12021-08-28EUR,DBFTFR,2021-08-28,2.1,,100,EUR
LT1000610014,Lithuania Government Bond2.12024-11-06EUR,DBFTFR,2024-11-06,2.1,,100,EUR
LTIF00000435,INVL Russia TOP20 Subfund,CIOJLU,,,,,EUR
LTIF00000443,INVL EM Europe ex Russia TOP20 Subfund,CIOJLU,,,,,EUR
LTIF00000468,INVL Emerging Europe Bond Subfund,CIOJBU,,,,,EUR
LTIF00000666,,,,,,,
LTIF00000898,,,,,,,
LU0106234999,Schroder ISF Euro Sht Term Bd Namensanteile C Acc o.N.,CIOGBS,,,,,EUR
LU0106235459,Schroder ISF Euro Equity      Namensanteile C Acc o.N.,CIOGES,,,,,EUR
LU0106235889,,,,,,,
LU0106236184,,,,,,,
LU0113258742,Schroder ISF Euro Corp.Bond   Namensanteile C Acc o.N.,CIOGBS,,,,,EUR
LU0122113094,SEB Fd 1-SEB Gl.Climate Opp.Fd Actions Nom. C o.N.,CMXXXS,,,,,EUR
LU0130102931,,,,,,,
LU0136043634,Schroder ISF Euro Liquidity   Namensanteile C Acc o.N.,CIOGMS,,,,,EUR
LU0160772918,Aviva Investors European Equity Fund I EUR Capitalisation,CIOGEX,,,,,EUR
LU0160787940,Aviva Investors Asian Equity Income Fund I Capitalisation,CIOGEX,,,,,USD
LU0180781394,,,,,,,
LU0191250769,,,,,,,
LU0209325462,,,,,,,
LU0210246277,,,,,,,
LU0219424644,,,,,,,
LU0227757233,,,,,,,
LU0229519557,,,,,,,
LU0229519714,,,,,,,
LU0229520647,,,,,,,
LU0234688595,,,,,,,
LU0236738356,,,,,,,
LU0239950693,,,,,,,
LU0248167883,,,,,,,
LU0248173857,,,,,,,
LU0248183658,,,,,,,
LU0248185604,,,,,,,
LU0271484684,,,,,,,
LU0274208692,Xtrackers MSCI World Swap     Inhaber-Anteile 1C o.N.,CECGMS,,,,,USD
LU0274210672,Xtrackers MSCI USA Swap       Inhaber-Anteile 1C o.N.,CECGMS,,,,,USD
LU0278085062,Vontobel-European Equity Actions Nom. I-EUR o.N.,CIOGES,,,,,EUR
LU0278087357,,,,,,,
LU0279459969,,,,,,,
LU0290355717,Xtr.II Eurozone Gov.Bond      Inhaber-Anteile 1C o.N.,CECGMS,,,,,EUR
LU0290356871,Xtr.II Eurozone Gov.Bond 1-3  Inhaber-Anteile 1C o.N.,CECGMS,,,,,EUR
LU0290356954,Xtr.II Euroz.Gov.Bond 3-5     Inhaber-Anteile 1C o.N.,CECGMS,,,,,EUR
LU0309381191,,,,,,,
LU0322252338,Xtrackers MSCI Pacific ex Japan ESG Screened UCITS ETF,CECGMS,,,,,USD
LU0322253906,Xtr.MSCI Europe Small Cap     Inhaber-Anteile 1C o.N.,CECGMS,,,,,USD
LU0328475792,Xtrackers Stoxx Europe 600    Inhaber-Anteile 1C o.N.,CECGMS,,,,,EUR
LU0334663407,,,,,,,
LU0335102843,,,,,,,
LU0355583906,,,,,,,
LU0368557038,,,,,,,
LU0372814920,,,,,,,
LU0389150375,,,,,,,
LU0389810994,Amundi Index Solutions Amundi MSCI EMU ESG Selection IE,CIOGMX,,,,,EUR
LU0389812008,Amundi Index Solutions Amundi MSCI North America ESG Broad Transition IE,CIOGMX,,,,,EUR
LU0415415800,,,,,,,
LU0446734872,UBS(L)FS-MSCI Canada UCITS ETF Inhaber-Anteile (CAD) A-dis oN,CECIMS,,,,,CAD
LU0476289540,Xtrackers MSCI Canada Screened Inhaber-Anteile 1C o.N.,CECGMS,,,,,USD
LU0476540926,,,,,,,
LU0476541221,Nordea 1-Global Portfolio Fund Actions Nom. BP-EUR o.N.,CIOGES,,,,,EUR
LU0484968812,Xtrackers II EO Cor.BdSRI PAB Inhaber-Anteile 1D o.N.,CECIMS,,,,,EUR
LU0489337690,Xtr.FTSE Devel.Europ.R.Estate Inhaber-Anteile 1C o.N.,CECGMS,,,,,EUR
LU0511055591,,,,,,,
LU0557291233,,,,,,,
LU0568620131,Amundi Funds Cash EUR I2 EUR,CIOGEX,,,,,EUR
LU0602539271,,,,,,,
LU0629460089,UBS Lux Fund Solutions - MSCI USA Socially Responsible UCITS ETF,CECIMS,,,,,EUR
LU0643975161,Xtrackers II Germany Gov.Bond Inhaber-Anteile 1C o.N.,CECIMS,,,,,EUR
LU0659579733,Xtrackers MSCI World Swap     Inhaber-Anteile 4C EUR Hgd oN,CECGMS,,,,,EUR
LU0690964092,Xtrackers II Global Gov.Bond  Inhaber-Anteile 1D EUR Hgd oN,CECIMS,,,,,EUR
LU0772925276,,,,,,,
LU0772948997,,,,,,,
LU0772957550,,,,,,,
LU0788520111,,,,,,,
LU0828818087,,,,,,,
LU0836512706,BlackRock Global Index Funds iShares Europe Equity Index Fund  LU  A2 EUR Capitalisation,CIOGES,,,,,EUR
LU0908500753,AIS-Amundi Core Stoxx Eur.600 Act.Nom.UCITS ETF Acc oN,CECGMS,,,,,EUR
LU0914729453,,,,,,,
LU0915370448,,,,,,,
LU0942970798,Xtrackers II ESG Global Aggregate Bond UCITS ETF - EUR hedged (Acc),CECGMS,,,,,EUR
LU0950381748,BNP Paribas Easy FTSE EPRA/NAREIT Eurozone Capped  UCITS ETF Capitalisation,CECGMS,,,,,EUR
LU0950672807,UBS LFS MSCI Canada UCITS ETF (CAD) A-acc,CECGMX,,,,,CAD
LU0950674332,UBS (Lux) Fund Solutions   MSCI World Socially Responsible UCITS ETF (USD) A-acc,CECGMS,,,,,USD
LU0957651143,,,,,,,
LU0975280396,,,,,,,
LU0982019712,,,,,,,
LU0985319473,,,,,,,
LU0992624949,,,,,,,
LU0992631217,,,,,,,
LU0995119822,,,,,,,
LU0996177720,Amundi Index Solutions Amundi S P 500 Screened IE,CIOGMX,,,,,EUR
LU0996178371,Amundi Index Solutions Amundi S P 500 Screened IHE,CIOGMX,,,,,EUR
LU0996179858,Amundi Index Solutions Amundi MSCI Japan ESG Broad Transition IE,CIOGMX,,,,,EUR
LU0996180351,Amundi Index Solutions Amundi MSCI Japan ESG Broad Transition IHE,CIOGMX,,,,,EUR
LU0996181599,Amundi Index Solutions AMUNDI INDEX MSCI WORLD IE,CIOGMX,,,,,EUR
LU1019963526,,,,,,,
LU1019964417,,,,,,,
LU1046231665,,,,,,,
LU1049757047,Amundi Index Solutions Amundi MSCI North America ESG Broad Transition IHE,CIOGEX,,,,,EUR
LU1079841273,Ossiam Lux Ossiam Shiller Barclays CAPE  US Sector Value TR UCITS ETF 1C  EUR,CECGMS,,,,,EUR
LU1088021974,,,,,,,
LU1096671539,,,,,,,
LU1109942653,Xtr.II EUR H.Yield Corp.Bond  Inhaber-Anteile 1D o.N.,CECIMS,,,,,EUR
LU1109943388,Xtr.II EUR H.Yield Corp.Bond  Inhaber-Anteile 1C o.N.,CECGMS,,,,,EUR
LU1171709931,,,,,,,
LU1223083160,,,,,,,
LU1242369327,Xtrackers MSCI Europe         Inhaber-Anteile 1D o.N.,CECIMS,,,,,USD
LU1246890583,,,,,,,
LU1246890740,,,,,,,
LU1274822847,,,,,,,
LU1291091228,BNP Paribas Easy FTSE EPRA/NAREIT Developed Europe UCITS ETF QD Distribution,CECIMS,,,,,EUR
LU1291092549,BNP PARIBAS EASY JPM Screened EMBI Global Diversified Composite Track IH EUR CAPITALISATION,CIXXXX,,,,,EUR
LU1291099718,BNPP Easy MSCI Europe ESG Filtered Min TE UCITS ETF - EUR (Acc),CECGMX,,,,,EUR
LU1291102447,BNP Paribas Easy MSCI Japan ESG Filtered Min TE UCITS ETF - EUR (Acc),CECGMX,,,,,EUR
LU1291106356,BNPP Easy MSCI Pacific ex Japan ESG Filtered Min TE UCITS ETF - EUR (Acc),CECGMX,,,,,EUR
LU1293074800,,,,,,,
LU1311290925,,,,,,,
LU1312078915,,,,,,,
LU1328851503,Amundi Index Solutions Amundi FTSE EPRA NAREIT Global IE,CIOGEX,,,,,EUR
LU1367089452,,,,,,,
LU1367089619,,,,,,,
LU1373035663,BlackRock Global Index Funds iShares Emerging Markets Government Bond Index Fund  LU  I2 EUR Hedged Capitalisation,CIOGBX,,,,,EUR
LU1408525894,,,,,,,
LU1434524259,,,,,,,
LU1434527781,,,,,,,
LU1437015735,AIS-Amundi Core MSCI Europe   Act.Nom.UCITS ETF DR o.N.,CECGMS,,,,,EUR
LU1437016972,AIS-Amundi Index MSCI World   Act.Nom.UCITS ETF DR o.N.,CEOGMS,,,,,USD
LU1437017350,Amundi Index MSCI Emerging Marktes UCTS UCITS ETF - EUR (Acc),CECGMS,,,,,EUR
LU1437018168,Amundi Index Solutions Amundi Index Barclays Euro AGG Corporate UCITS ETF DR Capitalisation,CECGMS,,,,,EUR
LU1437020909,Amundi Index Solutions Amundi MSCI World ESG Broad Transition IE,CIOGMX,,,,,EUR
LU1448083474,,,,,,,
LU1448083714,,,,,,,
LU1547515137,BNP Paribas Easy JPM ESG EMBI Global Diversified Composite UCITS ETF - EUR Hedged (Acc),CECGMS,,,,,EUR
LU1570390598,,,,,,,
LU1570391646,,,,,,,
LU1615092217,BNP Paribas Easy MSCI World SRI S-Series PAB 5% Capped UCITS ETF - EUR (Acc),CECGMS,,,,,EUR
LU1645746287,,,,,,,
LU1648399829,,,,,,,
LU1650487413,MUL Amundi EUR GovBond 1-3Y   UCITS ETF Inh.Anteile Acc,CECGMS,,,,,EUR
LU1650488494,MUL Amundi EUR GovBond 3-5Y UCITS ETF Inh.Anteile Acc,CECGMS,,,,,EUR
LU1655103643,Ossiam Lux Ossiam Bloomberg Japan PAB NR UCITS ETF 1C  EUR,CECGMX,,,,,EUR
LU1659681669,BNP Paribas Easy MSCI USA SRI S-Series 5% Capped UCITS ETF - EUR (Dist),CECIMS,,,,,EUR
LU1664635726,,,,,,,
LU1681039480,AIS-A.FTSE EPRAEO REAL ESTATE Namens-Anteile C Cap.EUR o.N.,CECGMX,,,,,EUR
LU1681040223,AIS-Amundi Stoxx Eur. 600 ESG Namens-Anteile C Cap.EUR o.N.,CECGMS,,,,,EUR
LU1681042609,Amundi MSCI Europe ESG Broad Transition - UCITS ETF DR - EUR (C),CECGMS,,,,,EUR
LU1681044480,AIS-Amundi MSCI EM ASIA       Namens-Anteile C Cap.EUR o.N.,CECGMS,,,,,EUR
LU1681045024,AIS-Amundi MSCI EM LAT.AMERICA Namens-Anteile C Cap.EUR o.N.,CECGMS,,,,,EUR
LU1681045370,AIS-Amundi IDX MSCI EMER.MKTS Namens-Anteile C Cap.EUR o.N.,CECGMS,,,,,EUR
LU1681046261,Amundi Euro Government Tilted Green Bond UCITS ETF - EUR (Acc),CECGMS,,,,,EUR
LU1681048804,AIS-Amundi S&P 500 Swap U.ETF Namens-Anteile C Cap.EUR o.N.,CECGMS,,,,,EUR
LU1686832194,AIS-Amundi EUR GovB 25+Y      Act. Nom. UCITS ETF Acc o.N.,CECGMX,,,,,EUR
LU1706108732,,,,,,,
LU1711526407,,,,,,,
LU1753045928,BNP Paribas Easy MSCI Japan SRI PAB UCITS ETFBNP Paribas Easy MSCI Japan SRI PAB UCITS ETF,CECIMX,,,,,EUR
LU1780616741,,,,,,,
LU1780616824,,,,,,,
LU1781541179,MUL Amundi MSCI World V       UCITS ETF Inh.Anteile Acc,CECGMS,,,,,USD
LU1792117779,Lyxor MSCI World ESG Leaders Extra (DR) UCITS ETF - Acc,CECGMS,,,,,USD
LU1829219127,Amundi EUR Corporate Bond Climate Net Zero Ambition PAB UCITS ETF Acc,CECGMS,,,,,EUR
LU1829219390,MUL Amundi Euro Stoxx Banks   UCITS ETF Inh.Anteile AccN.,CECGMS,,,,,EUR
LU1829221024,MUL Amundi Core Nasd.-100 SWAP UCITS ETF Inh.Anteile Acc,CECIMS,,,,,USD
LU1834983477,MUL-Amundi ESt600 Banks Act. Nom. UCITS ETF Acc o.N.,CECGMS,,,,,EUR
LU1840779810,,,,,,,
LU1840780156,,,,,,,
LU1859445493,,,,,,,
LU1861133145,Amundi Index Solutions Amundi MSCI World SRI Climate Paris Aligned IE,CIOGEX,,,,,EUR
LU1861134382,AIS-AM.WORLD SRI PAB          Act.Nom. UCITS ETF DR (C)o.N.,CECGMS,,,,,USD
LU1861136247,AIS-AM.IDX MSCI USA SRI PAB   Act. Nom. DR AH EUR Acc. oN,CECGMX,,,,,EUR
LU1861137484,Amundi MSCI Europe SRI Climate Paris Aligned - UCITS ETF DR (C),CECGMS,,,,,EUR
LU1861137724,Amundi Index Solutions Amundi MSCI Emerging Markets SRI Climate Paris Aligned IE,CIOGMX,,,,,EUR
LU1861138961,Amundi MSCI Emerging Markets SRI Climate Paris Aligned - UCITS ETF DR (C),CECGMS,,,,,USD
LU1882474585,,,,,,,
LU1883304872,,,,,,,
LU1883312545,,,,,,,
LU1883315480,,,,,,,
LU1883833946,,,,,,,
LU1883855246,,,,,,,
LU1894685046,,,,,,,
LU1931975152,Amundi I.S.-A.PRIM.EURO GOVIES Nam.-Ant.UC.ETF DR EUR Dis.oN,CECIMS,,,,,EUR
LU1959500916,,,,,,,
LU1987117642,,,,,,,
LU1987118020,,,,,,,
LU2008763182,BNP PARIBAS EASY JPM Tilted EMU Government Bond IG 3 5Y Track I CAPITALISATION,CIXXXX,,,,,EUR
LU2009877999,,,,,,,
LU2035667513,,,,,,,
LU2037748774,Amundi Index Euro Corporate SRI 0-3Y UCITS ETF DR - EUR (Acc),CECGMS,,,,,EUR
LU2089238203,Amundi Index Solu.-A.PRIME GL. Nam.-Ant.UC.ETF DR USD Acc.oN,CECGMS,,,,,USD
LU2092914360,,,,,,,
LU2130768844,Amundi MSCI Europe PAB Net Zero Ambition UCITS ETF - EUR (Acc),CECGMS,,,,,EUR
LU2152928433,,,,,,,
LU2195226068,Lyxor Net Zero 2050 S&P Eurozone Climate PAB DR UCITS ETF,CECGMS,,,,,EUR
LU2198664299,,,,,,,
LU2198882362,Lyxor S&P Global Developed Paris-Aligned Climate (EU PAB) (DR) UCI,CECGMS,,,,,EUR
LU2198883410,Lyxor S&P Eurozone ParisAlignedClimate (EUPAB) USD ETF,CECGMS,,,,,EUR
LU2228214792,,,,,,,
LU2244387457,BNP Paribas Easy JPM ESG EMU Government Bond IG 3-5Y UCITS ETF - EUR (Acc),CECGMS,,,,,EUR
LU2345046655,Amundi Index Solutions Amundi MSCI Emerging Ex China ESG Selection UCITS ETF DR  C,CECGMS,,,,,USD
LU2413667317,,,,,,,
LU2418734716,,,,,,,
LU2422547757,,,,,,,
LU2482281057,,,,,,,
LU2526491159,,,,,,,
LU2531807738,Amundi Index Solutions Amundi Prime Euro Government Bond 0 1Y IE Acc,CIOGBS,,,,,EUR
LU2573966905,MUL-Amundi MSCI Emerg.Mkts II Inh.-Anteile UCITS ETF Dist oN,CECIMX,,,,,USD
LU2582359670,,,,,,,
LU2732984955,,,,,,,
LU2853083306,,,,,,,
LU2870272577,AILIS - D-X MSCI USA SCREENED UCITS ETF CMN  CLASS ETF,CECGMS,,,,,EUR
LU2870272908,AILIS - D-X MSCI WORLD SCREENED UCITS ETF CMN  CLASS ETF,CECGMS,,,,,EUR
LU2889894270,,,,,,,
LU3011731216,,,,,,,
LV0000104271,PNP100027A,DBFSGB,2027-06-04,10,,1000,EUR
LV0000104487,H2O040030A,DBFUGB,2030-06-04,4,,100,EUR
LV0000104669,ALTUMG 3.576 05/30/30 BOND,DBFUGB,2030-05-30,3.576,,1000,EUR
LV0000570125,Latvia Government Bond1.8752019-11-21EUR,DBFTFB,2019-11-21,1.875,,1000,EUR
LV0000570141,Latvia Government Bond0.3752022-01-27EUR,DBFTFB,2022-01-27,0.375,,1000,EUR
LV0000570158,Latvia Government Bond0.252023-05-12EUR,DBFTFB,2023-05-12,0.25,,1000,EUR
LV0000570166,Latvia Government Bond0.52023-11-02EUR,DBFTFB,2023-11-02,0.5,,1000,EUR
LV0000570174,"Lettland, Republik EO-Zero Bonds 2019(25)",DBFTFB,2025-01-31,0,,1000,EUR
LV0000580041,LATVIA  6.625  2/4/21,DBFTFB,2021-02-04,6.625,,0.01,EUR
LV0000580058,LATVIA  5.250  10/27/22,DBFTFB,2022-10-27,5.25,,0.01,EUR
LV0000801165,LVENG  2.800  5/22/20,DBFUFB,2020-05-22,2.8,,1000,EUR
LV0000801777,Latvenergo AS1.92022-06-10EUR,DBFUFB,2022-06-10,1.9,,1000,EUR
LV0000802353,ALTUM  1.300  10/17/24,DBFUFB,2024-10-17,1.3,,1000,EUR
LV0000802460,LATVEN 0  1/2  05/17/28 BOND,DBFUGB,2028-05-17,0.5,,1000,EUR
LV0000802528,Augstsprieguma Tikls AS0.52027-01-20EUR,DBFUFB,2027-01-20,0.5,,1000,EUR
LV0000802684,LATVEN 4.952 02/22/29 BOND,DBFUGB,2029-02-22,4.952,,1000,EUR
LV0000803054,CBLB080034A,DBFUGB,2034-04-05,8,,10000,EUR
LV0000804334,CITADE 5 10/14/26 BOND,DBVUGB,2026-10-14,5,,10000,EUR
LV0000870095,ALTM004426A,DBFUGB,2026-10-08,0.443,,100000,EUR
LV0000870129,Latvenergo AS2.422027-05-05EUR,DBFUGB,2027-05-05,2.42,,1000,EUR
LV0000880037,ALTUMG  1.300  3/7/25 ALTUM,DBFUFB,2025-03-07,1.3,,1000,EUR
LV0000880102,CBLB050031A,DBFUGB,2031-12-13,5,,10000,EUR
NL0010060257,"BON Agentschap Generale Thesaurie   2,250 07/2022",DBFXXN,2022-07-15,2.25,,1000000,EUR
NL0015002Q04,Ministerie van /Zero Cpn MMkt,DYZTXR,2026-03-30,0,,1,EUR
NO0013252452,LifeFit Group MidCo GmbH      FLR-Notes v.24(27/29),DBVGGR,2029-08-29,,,1000,EUR
NO0013470559,CRTSHP  9.000  2/11/30 c27 CONTSHIPS LOGIST,DBFUGR,2030-02-11,9,,125000,USD
NO0013738609,Boston Bidco (Netherlands) BV EO-FLR Bonds 2026(26/30),DBVSGR,2030-03-31,,,100000,EUR
ROFPTAACNOR5,"Fondul Proprietatea S.A. Namens-Aktien LN 0,52",ESRUFR,,,,,RON
SE0000537680,,,,,,,
SE0000539439,,,,,,,
SE0001003864,,,,,,,
SE0001912924,,,,,,,
SE0010831792,European Lingerie Group AS (publ)7.4362021-02-22EUR,DBVSDR,2021-07-06,7.75,,100000,EUR
SE0013121522,,,,,,,
SE0013719788,Eastnine AB EO-FLR Bonds 2021(24),DBVUDR,2024-07-08,,,1000,EUR
SE0013876950,,,,,,,
SE0014429353,,,,,,,
SE0017133978,,,,,,,
SE0019892050,,,,,,,
SE0021921665,CIBNRE Float 04/02/28 BOND,DTVUDR,2028-04-02,,,100000,EUR
SI0002103149,Slovenia Government Bond4.3752021-01-18EUR,DBFTFR,2021-01-18,4.38,,1000,EUR
SI0002103842,"Slowenien, Republik           EO-Bonds 2019(29)",DBFTFR,2029-03-14,1.1875,,1000,EUR
SI0002104196,Slovenia Government Bond0.1252031-07-01EUR,DBFTFR,2031-07-01,0.125,,1000,EUR
SI0002105052,SLOREP  3.125  7/35 (URegS) SLOVENIA,DBFTFR,2035-07-02,3.125,,1000,EUR
SK4000017158,Slovakia Government Bond0.252025-05-14EUR,DBFTFB,2025-05-14,0.25,,1,EUR
SK4000017166,Slovakia Government Bond12032-05-14EUR,DBFTFB,2032-05-14,1,,1,EUR
SK4000018925,Tatra Banka AS                EO-FLR Med.-T. Nts. 21(27/28),DBVNGB,2028-04-23,0.5,,100000,EUR
SK4000018958,Slowakei                      EO-Anl. 2021(36),DBFTFB,2036-04-21,0.375,,1,EUR
SK4000022547,Slowakei                      EO-Anl. 2023(43),DBFTFB,2043-02-23,4,,1,EUR
SK4000024865,Slowakei                      EO-Anl. 2024(34),DBFTFB,2034-03-06,3.75,,1,EUR
SK4120015173,Slowakei                      EO-Anl. 2019(30),DBFTFB,2030-04-09,0.75,,1,EUR
US279158AS81,ECOPET  8.875  1/13/33 c32 ECOPETROL,DBFUGR,2033-01-13,8.875,,1000,USD
US445545AE60,Ungarn                        DL-Notes 2011(21),DBFUFR,2021-03-29,6.375,,2000,USD
US71643VAB18,Petróleos Mexicanos (PEMEX) DL-Notes 2022(22/32),DBFSFR,2032-02-16,6.7,,10000,USD
US71654QDC33,Petróleos Mexicanos (PEMEX) DL-Notes 2020(20/30),DBFGGR,2030-01-23,6.84,,10000,USD
US71654QDP46,Petróleos Mexicanos (PEMEX) DL-Notes 2023(23/33),DBFUGR,2033-02-07,10,,10000,USD
US77586TAA43,Rumanien                      DL-Med.-Term Nts 2012(22)Reg.S,DTFUFR,2022-02-07,6.75,,2000,USD
US857524AA08,"Polen, Republik               DL-Notes 2011(21)",DBFUFR,2021-04-21,5.125,,1000,USD
US857524AB80,"Polen, Republik               DL-Notes 2011(22)",DBFUFR,2022-03-23,5,,1000,USD
US900123DB31,"Türkei, Republik DL-Notes 2021(26)",DBFTGR,2026-01-26,4.75,,200000,USD
US91087BAZ31,MEX  6.000  5/7/36 c36 UNITED MEXICAN STATES,DBXNGR,2036-05-07,6,,200000,USD
US9219107250,Vang.W.Fd-V.ESG Intl Stock ETFRegistered Inc.ETF Shares o.N.,CEOJLS,,,,,USD
US9219107334,Vangu.W.Fd-V.ESG U.S.Stock ETFRegistered Inc.ETF Shares o.N.,CEOJLS,,,,,USD
USP06518AH06,"Bahamas, Commonwealth of ... DL-Notes 2020(20/32) Reg.S",DBFUGR,2032-10-15,8.95,,200000,USD
USP78625ED13,Petróleos Mexicanos (PEMEX)   DL-Notes 2023(23/33) Reg.S,DBFGGR,2033-02-07,10,,10000,USD
USP8000UAB54,PEMEX (TAP) 6.700 2/16/32 c31 (URegS) PEMEX,DBFNGR,2032-02-16,6.7,,1000,USD
USY68856AT38,PETRONAS Capital Ltd.         DL-Notes 2020(30/30) Reg.S,DBFUFR,2030-04-21,3.5,,200000,USD
XS0113419690,"Katar, Staat                  DL-Notes 2000(30) Reg.S",DBFTFR,2030-06-15,9.75,,10000,USD
XS0210314299,Republic of Poland Government International Bond4.22020-04-15EUR,DTFUFB,2020-04-15,4.2,,1000,EUR
XS0479333311,Republic of Poland Government International Bond5.252025-01-20EUR,DTFTFB,2025-01-20,5.25,,1000,EUR
XS0485991417,Lithuania Government International Bond7.3752020-02-11USD,DBFXFR,2020-02-11,7.375,,1000,USD
XS0525827845,Croatia Government International Bond6.6252020-07-14USD,DBFNFR,2020-07-14,6.625,,1000,USD
XS0602546136,Lithuania Government International Bond6.1252021-03-09USD,DBFNFR,2021-03-09,6.125,,1000,USD
XS0739988086,Lithuania Government International Bond6.6252022-02-01USD,DBFTFR,2022-02-01,6.625,,1000,USD
XS0750894577,Tschechien                    EO-Medium-Term Notes 2012(22),DTFTFB,2022-05-24,3.875,,1000,EUR
XS0794399674,Republic of Poland Government International Bond3.752023-01-19EUR,DTFUFB,2023-01-19,3.75,,1000,EUR
XS0841073793,Republic of Poland Government International Bond3.3752024-07-09EUR,DTFTFB,2024-07-09,3.375,,1000,EUR
XS0852474336,Rumanien                      EO-Medium-Term Notes 2012(19),DTFUFR,2019-11-07,4.875,,1000,EUR
XS0916766057,Mexiko                        EO-Med.-Term Nts 2013(13/23) A,DTFUGR,2023-04-22,2.75,,100000,EUR
XS0921331509,MTS INTERNATIONAL FUNDING DAC USD 500000000 5 per cent Loan Participation Notes due 2023,DAFSGR,2023-05-30,5,,1000,USD
XS1015428821,Republic of Poland Government International Bond32024-01-15EUR,DTFTFB,2024-01-10,3,,1000,EUR
XS1017763100,"Lettland, Republik            EO-Med.-Term Nts 14(21) Reg.S",DTFUFR,2021-01-21,2.625,,1000,EUR
XS1020300288,"Litauen, Republik             EO-Medium-Term Notes 2014(24)",DTFTFR,2024-01-22,3.375,,100000,EUR
XS1028953989,Croatia Government International Bond3.8752022-05-30EUR,DBFNFB,2022-05-30,3.875,,100000,EUR
XS1057340009,Turkey Government International Bond4.1252023-04-11EUR,DBFNFR,2023-04-11,4.125,,100000,EUR
XS1083844503,Bulgaria Government International Bond2.952024-09-03EUR,DBFXFR,2024-09-03,2.95,,100000,EUR
XS1117298916,Croatia Government International Bond32025-03-11EUR,DBFTFR,2025-03-11,3,,100000,EUR
XS1129788524,Rumanien                      EO-Medium-Term Notes 2014(24),DTFXFR,2024-10-28,2.875,,1000,EUR
XS1151586945,Chile Government International Bond1.6252025-01-30EUR,DBFTFR,2025-01-30,1.625,,100000,EUR
XS1208855616,BGARIA  2.000  3/26/22 (URegS) BULGARIA REPUBLIC OF (GOVERNMENT),DTFTFR,2022-03-26,2,,1000,EUR
XS1208856341,BGARIA  3.125  3/26/35 (URegS) BULGARIA REPUBLIC OF (GOVERNMENT),DTFTFR,2035-03-26,3.125,,100000,EUR
XS1292352843,Eesti Energia AS              EO-Notes 2015(23),DBFNFB,2023-09-22,2.384,,100000,EUR
XS1295778275,"Lettland, Republik            EO-Med.-Term Nts 2015(25)",DTFXFR,2025-09-23,1.375,,100000,EUR
XS1306382364,Republic of Poland Government International Bond0.8752021-10-14EUR,DTFUFB,2021-10-14,0.875,,1000,EUR
XS1310032187,"Litauen, Republik             EO-Medium-Term Notes 2015(25)",DTFTFR,2025-10-22,1.25,,1000,EUR
XS1310032260,"Litauen, Republik             EO-Medium-Term Notes 2015(35)",DTFTFR,2035-10-22,2.125,,1000,EUR
XS1312891549,Rumanien                      EO-Med.-T. Nts 2015(25) Reg.S,DTFNFR,2025-10-29,2.75,,1000,EUR
XS1313004928,Rumanien                      EO-Med.-T. Nts 2015(35) Reg.S,DTFTFR,2035-10-29,3.875,,1000,EUR
XS1333704713,"Lettland, Republik            EO-Med.-Term Nts 2015(20)",DTFXFR,2020-12-15,0.5,,100000,EUR
XS1385239006,Colombia Government International Bond3.8752026-03-22EUR,DBFTBR,2026-03-22,3.875,,100000,EUR
XS1401114811,MOL HUNGARIAN OIL AND GAS PUBLIC LIMITED COMPANY EUR 750000000 2.625 per cent. Notes due 2023,DBFNFR,2023-04-28,2.625,,100000,EUR
XS1403619411,Bank Gospodarstwa Krajowego   EO-Medium-Term Nts 2016(26),DTFTFB,2026-05-06,1.75,,100000,EUR
XS1405775450,"GLOBAL PORTS (FINANCE) PLC USD 350,000,000 6.50% guaranteed notes due 2023",DBFNGR,2023-09-22,6.5,,200000,USD
XS1405775880,"JOINT STOCK COMPANY BANK OF GEORGIA USD 350,000,000 6.00% Notes due 2023",DBFNFR,2023-07-26,6,,200000,USD
XS1405778041,"BULGARIAN ENERGY HOLDING EAD  EUR 550,000,000 4.875 per cent. Bonds due 2021",DBFNBR,2021-08-02,4.875,,100000,EUR
XS1409726731,"Lettland, Republik            EO-Med.-Term Nts 2016(36)",DTFTFR,2036-05-16,1.375,,100000,EUR
XS1420357318,Rumanien                      EO-Med.-T. Nts 2016(28) Reg.S,DTFTFR,2028-05-26,2.875,,1000,EUR
XS1428088626,Croatia Government International Bond32027-03-20EUR,DBFTGR,2027-03-20,3,,100000,EUR
XS1429673327,"ORLEN CAPITAL AB (PUBL) EUR 750,000,000 2.500 per cent. Guaranteed Bonds due 2023",DBFNFB,2023-06-07,2.5,,100000,EUR
XS1452578591,THE REPUBLIC OF NORTH MACEDONIA EUR 450000000 5.625% Notes due 2023,DYFXXR,2023-07-26,5.63,,100000,EUR
XS1501554874,"Lettland, Republik            EO-Medium-Term Notes 2016(26)",DTFTFR,2026-10-07,0.375,,100000,EUR
XS1533923238,"KERNEL HOLDING S.A. USD 213,110,000 8.75% Guaranteed Notes due 2022",DBVNGR,2022-01-31,8.75,,1000,USD
XS1566190945,"Lettland, Republik            EO-Medium-Term Notes 2017(47)",DTFTFR,2047-02-15,2.25,,100000,EUR
XS1575640054,Energa Finance AB             EO-Medium-Term Notes 2017(27),DTFUFR,2027-03-07,2.125,,100000,EUR
XS1619567677,"Litauen, Republik             EO-Medium-Term Notes 2017(27)",DTFTFR,2027-05-26,0.95,,1000,EUR
XS1646530565,Ignitis Group UAB             EO-Medium-Term Notes 2017(27),DTFNFR,2027-07-14,2,,100000,EUR
XS1650147660,Powszechna Kasa Oszczednosci Bank Polski SA0.752021-07-25EUR,DTFUFB,2021-07-25,0.75,,100000,EUR
XS1696445516,Hungary Government International Bond1.752027-10-10EUR,DBFTFR,2027-10-10,1.75,,1000,EUR
XS1713462668,"CROATI  2.700  6/15/28 (URegS) CROATIA, REPUBLIC OF (GOVERNMENT)",DBFTFR,2028-06-15,2.7,,100000,EUR
XS1713464102,ELERIN  0.875  5/3/23 c23 (URegS) ELERING,DBFNGB,2023-05-03,0.875,,100000,EUR
XS1744744191,"THE REPUBLIC OF NORTH MACEDONIA EUR 500,000,000 2.750% Notes due 2025 Reg S",DBFTFR,2025-01-18,2.75,,100000,EUR
XS1778929478,"JOINT STOCK COMPANY GEORGIA CAPITAL U.S.$16,601,000 6.125% Notes due 2024",DBFNGR,2024-03-09,6.125,,200000,USD
XS1799975922,"GLOBALWORTH REAL ESTATE INVESTMENTS LIMITED Issue of €550,000,000 3.0 per cent. Notes due 29 March 2025",DTFUCR,2025-03-29,3,,100000,EUR
XS1824424706,Petróleos Mexicanos (PEMEX)   EO-Med.-Term Notes 2018(18/29),DTFUFR,2029-02-26,4.75,,1000,EUR
XS1829276275,Latvia Government International Bond1.1252028-05-30EUR,DTFTFR,2028-05-30,1.125,,100000,EUR
XS1839682116,"BULGARIAN ENERGY HOLDING EAD  EUR 600,000,000 3.500 per cent. Bonds due 2025",DBFUFR,2025-06-28,3.5,,1000,EUR
XS1843432821,"AS AIR BALTIC CORPORATION €200,000,000 6.75 per cent. Bonds due 2024",DBVNBR,2024-07-30,6.75,,100000,EUR
XS1843433639,Chile Government International Bond0.832031-07-02EUR,DBFTBR,2031-07-02,0.83,,100000,EUR
XS1843434363,"JSC TBC BANK U.S.$245,320,000 5.75% Notes due 2024",DBFNFR,2024-06-19,5.75,,200000,USD
XS1843434876,Croatia Government International Bond1.1252029-06-19EUR,DBFTFR,2029-06-19,1.125,,100000,EUR
XS1843443356,Turkey Government International Bond4.6252025-03-31EUR,DBFTFR,2025-03-31,4.625,,100000,EUR
XS1853999313,Ignitis Group UAB             EO-Medium-Term Nts 2018(18/28),DTFNGR,2028-07-10,1.875,,100000,EUR
XS1876097715,mBank S.A.                    EO-Medium-Term Nts 2018(22),DTFNFB,2022-09-05,1.058,,1000,EUR
XS1878323499,"MAXIMA GRUPE, UAB Issue of EUR 300,000,000 3.250 per cent. Notes due 13 September 2023",DTFNGR,2023-09-13,3.25,,100000,EUR
XS1887498282,Hungary Government International Bond1.252025-10-22EUR,DBFTFR,2025-10-22,1.25,,1000,EUR
XS1892127470,Rumanien                      EO-Med.-Term Nts 2018(39)Reg.S,DTFTFR,2039-03-11,4.125,,1000,EUR
XS1892141620,Rumanien                      EO-Med.-Term Nts 2018(29)Reg.S,DTFTFR,2029-03-11,2.875,,1000,EUR
XS1894121695,"LUMINOR BANK AS Issue of EUR 99,295,000 1.500 per cent. Notes due 18th October 2021",DTFNFB,2021-10-18,1.5,,100000,EUR
XS1909184753,Turkey Government International Bond5.22026-02-16EUR,DBFTFR,2026-02-16,5.2,,100000,EUR
XS1955059420,"TÜRK TELEKOMÜNIKASYON A.S. U.S.$500,000,000 6.875 per cent. Notes due 2025",DBFNFR,2025-02-28,6.875,,200000,USD
XS1969645255,"E& PPF TELECOM GROUP B.V. Issue of EUR550,000,000 3.125 per cent. Notes due 27 March 2026",DTFNGR,2026-03-27,3.125,,100000,EUR
XS1974394675,Mexiko                        EO-Medium-Term Nts 2019(19/26),DBVTBR,2025-08-01,1.625,,1000,EUR
XS1991190361,Ceske Drahy AS                EO-Notes 2019(19/26),DBFNBR,2026-05-23,1.5,,100000,EUR
XS1996435928,"NE PROPERTY B.V. EUR 157,525,000 2.625 per cent. Notes due 22 May 2023",DTVUGR,2023-05-22,2.625,,1000,EUR
XS2010030752,MFB Magyar Fejlesztesi Bank Zrt1.3752025-06-24EUR,DBFNFR,2025-06-24,1.375,,100000,EUR
XS2010030836,"UKRAINE REPRESENTED BY THE MINISTER OF FINANCE OF UKRAINE  U.S.$2,600,000,000 7.253 per cent. Notes due 2035",DBFTFR,2035-03-15,7.253,,200000,USD
XS2010033343,"UKRAINE REPRESENTED BY THE MINISTER OF FINANCE OF UKRAINE  €1,250,000,000 4.375 per cent. Notes due 2032",DBFTFR,2032-01-27,4.375,,100000,EUR
XS2013518472,"LUMINOR BANK AS Issue of EUR 71,456,000 1.375 per cent. Notes due October 2022",DTFNFB,2022-10-21,1.375,,100000,EUR
XS2013677864,"Litauen, Republik             EO-Medium-Term Notes 2019(29)",DTFTFR,2029-06-19,0.5,,1000,EUR
XS2013678086,"Litauen, Republik             EO-Medium-Term Notes 2019(49)",DTFTFR,2049-06-19,1.625,,1000,EUR
XS2015295814,"Island, Republik              EO-Medium-Term Nts 2019(24)",DTFTFR,2024-06-20,0.1,,100000,EUR
XS2058691663,VEON Holdings B.V. DL-Bonds 2019(19/25) Reg.S,DBFNBR,2022-04-29,4,,200000,USD
XS2063261155,"SWEDBANK AB (PUBL) Issue of EUR 750,000,000 0.250 per cent Senior Non-Preferred Notes due 9 October 2024",DTFNFB,2024-10-09,0.25,,100000,EUR
XS2063535970,"NE PROPERTY B.V. EUR249,997,000 1.875 per cent. Notes due 2026",DTFUGR,2026-10-09,1.875,,100000,EUR
XS2084418339,CEZ AS                        EO-Medium-Term Nts 2019(19/26),DTFUCB,2026-12-02,0.875,,100000,EUR
XS2092381107,Ellaktor Value PLC            EO-Notes 2019(19/24) Reg.S,DBFNBR,2024-12-15,6.375,,100000,EUR
XS2104122986,Philippine Government International Bond02023-02-03EUR,DBFTFR,2023-02-03,0,,100000,EUR
XS2104886341,Mexiko                        EO-Medium-Term Nts 2020(20/30),DBFTBR,2030-01-17,1.125,,100000,EUR
XS2104985598,Philippine Government International Bond0.72029-02-03EUR,DBFTFR,2029-02-03,0.7,,100000,EUR
XS2107452620,"DIGI ROMANIA S.A. Issue of €400,000,000 3.25% Senior Secured Notes due 2028",DBFNBR,2028-02-05,3.25,,100000,EUR
XS2109812508,Rumanien                      EO-Med.-T. Nts 2020(32) Reg.S,DTFTFR,2032-01-28,2,,1000,EUR
XS2114767457,Republic of Poland Government International Bond02025-02-10EUR,DTZTFB,2025-02-10,0,,1000,EUR
XS2156474392,"Lettland, Republik            EO-Medium-Term Notes 2020(23)",DTFTFR,2023-04-14,0.125,,100000,EUR
XS2161992198,Hungary Government International Bond1.1252026-04-28EUR,DBFTFR,2026-04-28,1.125,,1000,EUR
XS2168038417,"Litauen, Republik             EO-Medium-Term Notes 2020(25)",DTFTFR,2025-05-06,0.25,,1000,EUR
XS2168038847,"Litauen, Republik             EO-Medium-Term Notes 2020(30)",DTFTFR,2030-05-06,0.75,,1000,EUR
XS2177349912,Ignitis Group UAB EO-Medium-Term Nts 2020(20/30),DTFNGR,2030-05-21,2,,100000,EUR
XS2178857285,Rumanien                      EO-Med.-Term Nts 2020(26)Reg.S,DTFTFR,2028-01-05,,,1000000,USD
XS2178857954,Rumanien                      EO-Med.-Term Nts 2020(30)Reg.S,DTFTFR,2030-05-26,3.624,,1000,EUR
XS2181347183,Estonia Government International Bond0.1252030-06-10EUR,DBFTFR,2030-06-10,0.125,,1000,EUR
XS2181689659,Hungary Government International Bond1.752035-06-05EUR,DBFTFR,2035-06-05,1.75,,1000,EUR
XS2181690665,"THE REPUBLIC OF NORTH MACEDONIA €316,311,000 3.675% Notes due 2026 - RegS",DBFTFR,2026-06-03,3.675,,100000,EUR
XS2190201983,Croatia Government International Bond1.52031-06-17EUR,DBFTFR,2031-06-17,1.5,,100000,EUR
XS2190979489,"EUSTREAM, A.S. EUR 500,000,000 1.625 per cent. Notes due 2027",DBFUCB,2027-06-25,1.625,,100000,EUR
XS2193956716,HYPO NOE Landesbank fuer Niederoesterreich und Wien AG0.3752024-06-25EUR,DTFUFB,2024-06-25,0.375,,100000,EUR
XS2203802462,"NE PROPERTY B.V. Issue of €250,003,000 3.375 per cent. Notes due 2027",DTFUGR,2027-07-14,3.375,,100000,EUR
XS2208868914,"GLOBALWORTH REAL ESTATE INVESTMENTS LIMITED Issue of €400,000,000 2.950 per cent. Notes due 2026",DTFNFR,2026-07-29,2.95,,1000,EUR
XS2210006339,"Litauen, Republik             EO-Medium-Term Notes 2020(50)",DTFTFR,2050-07-28,0.5,,1000,EUR
XS2232045463,"MOL HUNGARIAN OIL AND GAS PUBLIC LIMITED COMPANY EUR 650,000,000 1.500 per cent. Notes due 2027",DBFNGR,2027-10-08,1.5,,100000,EUR
XS2233155261,"Coca-Cola Co., The            EO-Notes 2020(20/33)",DBFNBR,2033-03-15,0.375,,100000,EUR
XS2233155345,"Coca-Cola Co., The            EO-Notes 2020(20/40)",DBFNBR,2040-03-15,0.8,,100000,EUR
XS2234571425,Bulgarien                     EO-Medium-Term Notes 2020(30),DTFTFR,2030-09-23,0.375,,1000,EUR
XS2234571771,Bulgarien                     EO-Medium-Term Notes 2020(50),DTFTFR,2050-09-23,1.375,,1000,EUR
XS2238342484,"CTP N.V. EUR 184,540,000 2.125 per cent. Notes due 2025",DTFNGB,2025-10-01,2.125,,100000,EUR
XS2241387500,"ÜLKER BISKÜVI SANAYI A.S. U.S.$650,000,000 6.950 per cent. Notes due 2025",DBFNFR,2025-10-30,6.95,,200000,USD
XS2243564478,CPI Europe AG                 EO-Notes 2020(20/27),DBFNGB,2027-10-15,2.5,,100000,EUR
XS2244927823,"KERNEL HOLDING S.A. U.S. 300,000,000 6.75 per cent. Guaranteed Notes due 2027",DBFNBR,2027-10-27,6.75,,200000,USD
XS2259191273,Hungary Government International Bond0.52030-11-18EUR,DBFTFR,2030-11-18,0.5,,1000,EUR
XS2259867039,"ISLANDSBANKI HF. Issue of EUR 300,000,000 0.500 per cent. Notes due 20 November 2023",DTFNFB,2023-11-20,0.5,,100000,EUR
XS2262211076,Rumanien                      EO-Med.-Term Nts 2020(29)Reg.S,DTFTFR,2029-12-02,1.375,,1000,EUR
XS2264871828,"THE REPUBLIC OF CÔTE D’IVOIRE €1,600,000,000  4.875% Amortizing Notes due 2032",DBFTAR,2032-01-30,4.875,,100000,EUR
XS2265801238,"LUMINOR BANK AS Issue of EUR 217,005,000 Fixed to Floating Rate Notes due December 2024",DTFNGB,2024-12-03,0.792,,100000,EUR
XS2270576700,Montenegro Government International Bond2.8752027-12-16EUR,DBFTGR,2027-12-16,2.875,,100000,EUR
XS2289587789,Mexico Government International Bond1.452033-10-25EUR,DBFTGR,2033-10-25,1.45,,100000,EUR
XS2293755125,"Island, Republik              EO-Medium-Term Nts 2021(28)",DTFTFR,2028-04-15,0,,100000,EUR
XS2294495838,Atrium Finance PLC            EO-Medium-T. Notes 2021(21/27),DTFNGB,2027-09-05,2.625,,100000,EUR
XS2297209293,"Zypern, Republik              EO-Medium-Term Notes 2021(26)",DTZTFR,2026-02-09,0,,0,EUR
XS2310118893,North Macedonia Government International Bond1.6252028-03-10EUR,DBFTBR,2028-03-10,1.625,,100000,EUR
XS2317123052,"Lettland, Republik            EO-Medium-Term Notes 2021(31)",DTFTFR,2031-03-17,0,,100000,EUR
XS2326545204,"ARAGVI FINANCE INTERNATIONAL DAC U.S.$500,000,000 8.45 per cent. Secured Notes due 2026",DBVNBR,2026-04-29,8.45,,1000,USD
XS2334361271,Philippine Government International Bond0.252025-04-28EUR,DBFTFR,2025-04-28,0.25,,100000,EUR
XS2334361354,Philippine Government International Bond1.22033-04-28EUR,DBFTFR,2033-04-28,1.2,,100000,EUR
XS2334361511,"PHILIP  1.750  4/28/41 (URegS) PHILIPPINES, REPUBLIC OF THE (GOVERNMENT)",DBFTFR,2041-04-28,1.75,,100000,EUR
XS2339025277,MSPSJ  4.250  5/19/26 c25 (URegS) CALLED 11/10/25 @100.000 MAS SECURITIES BV,DBFNBR,2026-05-19,4.25,,100000,EUR
XS2346125573,"ORLEN S.A. Issue of €500,000,000 1.125 per cent. Green Notes due 2028",DTFNGR,2028-05-27,1.125,,100000,EUR
XS2346869097,"AKROPOLIS GROUP, UAB EUR 300,000,000 2.875% Guarantee Notes due 2026",DBFNGR,2026-06-02,2.875,,100000,EUR
XS2348767836,"SYNTHOS S.A. €600,000,000 2.500% Senior Secured Notes due 2028",DBFNBR,2028-06-07,2.5,,100000,EUR
XS2356030556,"CTP N.V. Issue of EUR 500,000,000 1.250 per cent. Notes due 2029",DTFNGB,2029-06-21,1.25,,100000,ETB
XS2356039268,"GTC AURORA LUXEMBOURG S.A. €299,034,000.00 2.250 per cent. Guaranteed Green Notes due 2026",DBFNGR,2026-06-23,2.25,,100000,EUR
XS2361416915,"Lettland, Republik            EO-Medium-Term Notes 2021(29)",DTFTFR,2029-01-24,0,,100000,EUR
XS2364199757,Rumanien                      EO-Med.-Term Nts 2021(30)Reg.S,DTFTGR,2030-07-13,1.75,,1000,EUR
XS2364200514,Rumanien                      EO-Med.-Term Nts 2021(42)Reg.S,DTFTFR,2042-04-13,2.875,,1000,EUR
XS2364754411,"Litauen, Republik             EO-Medium-Term Notes 2021(51)",DTFTFR,2051-07-15,0.75,,1000,EUR
XS2367164576,"BULGARIAN ENERGY HOLDING EAD  EUR 600,000,000 2.45 per cent. Bonds due 2028",DBFNBR,2028-07-22,2.45,,100000,EUR
XS2379637767,"AS LHV GROUP EUR 200,000,000 0.875 per cent. Fixed/Floating Rate Notes due September 2025",DBFNFB,2025-09-09,0.875,,100000,EUR
XS2386583145,Hungary Government International Bond0.1252028-09-21EUR,DBFTFR,2028-09-21,0.125,,100000,EUR
XS2388084480,"LUMINOR BANK AS Issue of EUR 300,000,000 Fixed to Floating Rate Notes due September 2026",DTFNGB,2026-09-23,0.539,,100000,EUR
XS2388560604,Chile Government International Bond0.5552029-01-21EUR,DBFTGR,2029-01-21,0.555,,100000,EUR
XS2388561677,"Serbien, Republik             EO-Med.-Term Nts 2021(28)Reg.S",DTFTFR,2028-09-23,1,,100000,EUR
XS2388562139,"Serbien, Republik             EO-Med.-Term Nts 2021(36)Reg.S",DTFTFR,2036-09-23,2.05,,100000,EUR
XS2388876232,MBKPW  0.966  9/21/27 c26 (URegS) CALLED 9/21/26 @100.000 MBANK,DTFOGB,2027-09-21,0.966,,100000,EUR
XS2393742122,"AS CITADELE BANKA EUR 90,770,000 Fixed / Floating Rate Notes due 2026",DBVNGB,2026-11-22,1.625,,100000,EUR
XS2407028435,"MVM ENERGETIKA ZÁRTKÖRUEN MUKÖDO RÉSZVÉNYTÁRSASÁG EUR 500,000,000 0.875 per cent. Notes due 2027",DBFNBR,2027-11-18,0.875,,100000,EUR
XS2413677464,NOVALJ  10.750  11/28/32 c27 (URegS) NOVA LJUBLJANSKA BANKA DD LJUBLJANA,DBFXGB,2032-11-28,10.75,,100000,EUR
XS2420426038,"Lettland, Republik            EO-Medium-Term Notes 2021(30)",DTFTFR,2030-01-23,0.25,,100000,EUR
XS2432286974,Food Service Project S.A. EO-Notes 2022(22/27) Reg.S,DBFNBR,2027-01-21,5.5,,100000,EUR
XS2434763483,"NE PROPERTY B.V. Issue of EUR 500,000,000 2.000 per cent. Notes due January 2030",DTFUGR,2030-01-20,2,,100000,EUR
XS2447602793,Republic of Poland Government International Bond2.752032-05-25EUR,DTFTFB,2032-05-25,2.75,,1000,EUR
XS2461786829,CEZ AS                        EO-Medium-Term Nts 2022(22/27),DTFNCB,2027-04-06,2.375,,100000,EUR
XS2468979302,"CETIN GROUP N.V. Issue of €500,000,000 3.125 per cent. Notes due 14 April 2027",DTFNGR,2027-04-14,3.125,,100000,EUR
XS2471549654,Croatia Government International Bond2.8752032-04-22EUR,DBFTFR,2032-04-22,2.875,,100000,EUR
XS2485155464,"MAXIMA GRUPE, UAB Issue of €240,000,000 6.250 per cent. Notes due 2027",DTVNGR,2027-07-12,6.25,,100000,EUR
XS2487342649,"Litauen, Republik             EO-Medium-Term Notes 2022(32)",DTFTFR,2032-06-01,2.125,,1000,EUR
XS2498964209,Nova Ljubljanska Banka d.d. EO-FLR Pref. Notes 22(24/25),DBFUGB,2025-07-19,6,,100000,EUR
XS2523337389,"LUMINOR BANK AS Issue of EUR 300,000,000 Fixed to Floating Rate Notes due August 2024",DTFNGB,2024-08-29,5,,100000,EUR
XS2530208490,Bank Gospodarstwa Krajowego EO-Medium-Term Nts 2022(27),DTFTFB,2027-09-08,4,,100000,EUR
XS2532370231,"THE REPUBLIC OF ESTONIA EUR 1,500,000,000 4.000 per cent. Notes due 2032",DBFTGR,2032-10-12,4,,1000,EUR
XS2536817211,Bulgarien                     EO-Medium-Term Notes 2022(29),DTFTFR,2029-09-23,4.125,,1000,EUR
XS2536817484,Bulgarien                     EO-Medium-Term Notes 2022(34),DTFTFR,2034-09-23,4.625,,1000,EUR
XS2538441598,Rumanien                      EO-Med.-Term Nts 2022(29)Reg.S,DTFTGR,2029-09-27,6.625,,1000,EUR
XS2547270756,"Litauen, Republik             EO-Medium-Term Notes 2022(28)",DTFTFR,2028-04-25,4.125,,1000,EUR
XS2547290432,"Danemark, Konigreich          EO-Med.-Term Nts 2022(24)",DTFUFR,2024-11-18,2.5,,50000,EUR
XS2549862758,"Lettland, Republik            EO-Medium-Term Notes 2022(27)",DTFTFR,2027-03-25,3.875,,100000,EUR
XS2576364371,"Lettland, Republik            EO-Medium-Term Notes 2023(28)",DTFTFR,2028-01-17,3.5,,100000,EUR
XS2576365188,"LUMINOR BANK AS Issue of EUR 300,000,000 Fixed to Floating Rate Notes due January 2026",DTFNGB,2026-01-16,7.25,,100000,EUR
XS2579483319,Bulgaria Government International Bond4.52033-01-27EUR,DTFTFR,2033-01-27,4.5,,1000,EUR
XS2582358789,Powszechna Kasa Oszczednosci Bank Polski SA5.6252026-02-01EUR,DTFNGB,2026-02-01,5.106,,100000,EUR
XS2582522681,North Macedonia Government International Bond6.962027-03-13EUR,DBFTGR,2027-03-13,6.96,,100000,EUR
XS2586944147,Republic of Poland Government International Bond4.252043-02-14EUR,DTFTGB,2043-02-14,4.25,,1000,EUR
XS2586944659,Republic of Poland Government International Bond3.8752033-02-14EUR,DTFTGB,2033-02-14,3.875,,1000,EUR
XS2589727168,Bank Gospodarstwa Krajowego EO-Medium-Term Nts 2023(33),DTFTGB,2033-02-22,5.125,,100000,EUR
XS2592804434,"TEVA PHARMACEUTICAL FINANCE NETHERLANDS II B.V. €800,000,000 of 7.375% Sustainability-Linked Senior Notes due 2029",DBFNBR,2029-09-15,7.375,,100000,EUR
XS2604821228,"Litauen, Republik             EO-Medium-Term Notes 2023(33)",DTFTFR,2033-06-14,3.875,,1000,EUR
XS2616733981,"BANCA TRANSILVANIA S.A. EUR 790,000,000 Non-Preferred Eligible Notes due 27 April 2027",DTVNGB,2027-04-27,8.875,,1000,EUR
XS2633112565,"LUMINOR BANK AS Issue of EUR 300,000,000 Fixed to Floating Rate Notes due June 2027",DTVNGB,2027-06-08,7.75,,100000,EUR
XS2636439684,Croatia Government International Bond42035-06-14EUR,DBFTFR,2035-06-14,4,,100000,EUR
XS2641055012,Nova Ljubljanska Banka d.d. EO-FLR Pref. Nts 2023(26/27),DTVNGB,2027-06-27,7.125,,100000,EUR
XS2643284388,PEU (Fin) Ltd. EO-Notes 2023(23/28) Reg.S,DBVXBR,2028-07-01,7.25,,1000,EUR
XS2645248225,Chile Government International Bond4.1252034-07-05EUR,DBFTBR,2034-07-05,4.125,,100000,EUR
XS2647371843,"ORLEN S.A. Issue of EUR 500,000,000 4.750 per cent. Notes due 2030",DTFNGR,2030-07-13,4.75,,100000,EUR
XS2648672660,"Lettland, Republik            EO-Medium-Term Notes 2023(33)",DTFTFR,2033-07-12,3.875,,100000,EUR
XS2680046021,mBank S.A. EO-FLR Non-Pref. MTN 23(26/27),DTFOFB,2027-09-11,8.375,,100000,EUR
XS2689948078,Rumanien                      EO-Med.-Term Nts 2023(33)Reg.S,DTFTFR,2033-09-18,6.375,,1000,EUR
XS2693753704,"AS LHV GROUP EUR 100,000,000 8.750 per cent. Fixed/Floating Rate Notes due October 2027",DBFXFB,2027-10-03,8.75,,100000,EUR
XS2716887844,Bulgarien                     EO-Medium-Term Notes 2023(36),DTFTGR,2036-05-13,4.875,,1000,EUR
XS2716891440,"EPH FINANCING INTERNATIONAL, A.S. EUR 600,000,000 6.651 per cent. Guaranteed Notes due 2028",DTFNGR,2028-11-13,6.651,,100000,EUR
XS2722876609,"Lettland, Republik            EO-Medium-Term Notes 2023(29)",DTFTFR,2029-05-22,3.875,,1000,EUR
XS2724401588,"BANCA TRANSILVANIA S.A. Issue of EUR 500,000,000 Non-Preferred Eligible Sustainable Notes due 7 December 2028",DTFNGB,2028-12-07,7.25,,100000,EUR
XS2724428193,Bank Polska Kasa Opieki S.A.  EO-FLR Non-Pref. MTN 23(26/27),DTFNGB,2027-11-23,5.5,,100000,EUR
XS2740429076,"THE REPUBLIC OF ESTONIA Issue of EUR 1,500,000,000 3.250 per cent. Notes due 17 January 2034",DTFTFR,2034-01-17,3.25,,1000,EUR
XS2746102479,Republic of Poland Government International Bond3.6252034-01-11EUR,DTFTGB,2034-01-11,3.625,,1000,EUR
XS2746103014,Republic of Poland Government International Bond4.1252044-01-11EUR,DTFTGB,2044-01-11,4.125,,1000,EUR
XS2746647036,CS Fixed to Floating Rate Non-Preferred Senior Notes due 2030 callable 2029 /Series 42,DTFOFB,2030-01-15,,,100000,EUR
XS2754067242,MEX  4.490  5/25/32 c32 UTD MEXICAN,DBFTBR,2032-05-25,4.4899,,100000,EUR
XS2765498717,"Litauen, Republik             EO-Medium-Term Notes 2024(34)",DTFTFR,2034-02-13,3.5,,1000,EUR
XS2770921315,Rumanien                      EO-Med.-Term Nts 2024(36)Reg.S,DTFTGR,2036-02-22,5.625,,1000,EUR
XS2778272471,Bank Gospodarstwa Krajowego EO-Medium-Term Notes 2024(32),DTFTFR,2032-03-13,4,,100000,EUR
XS2784700671,"FINGRID OYJ Issue of €500,000,000 3.250 per cent. Green Senior Unsecured Notes due 20 March 2034",DTFNGB,2034-03-20,3.25,,100000,EUR
XS2788435050,"Island, Republik              EO-Medium-Term Nts 2024(34)",DTFTFR,2034-03-21,3.5,,100000,EUR
XS2809858561,"GLOBALWORTH REAL ESTATE INVESTMENTS LIMITED €137,109,200 6.25% Senior Notes due 2029",DBFNFR,2029-03-31,6.25,,100000,EUR
XS2809868446,"GLOBALWORTH REAL ESTATE INVESTMENTS LIMITED €313,350,400 6.25% Senior Notes due 2030",DBFNFR,2030-03-31,6.25,,100000,EUR
XS2810867742,MAHLE GmbH                    Senior Notes v.24(27/31)Reg.S,DBFUCR,2031-05-02,6.5,,100000,EUR
XS2821745374,"EUR 500,000,000 3.250 per cent. Green Bond due 2031",DBFNGB,2031-05-17,3.25,,100000,EUR
XS2822505439,"EPH FINANCING INTERNATIONAL, A.S. Issue of EUR 500,000,000 5.875 per cent. Guaranteed Notes due 2029",DTFNGR,2029-11-30,5.875,,100000,EUR
XS2822574245,"AS LHV GROUP EUR 300,000,000 5.375 per cent. Fixed/Floating Rate Notes due May 2028",DBFNGB,2028-05-24,5.375,,100000,EUR
XS2825558328,NOVALJ  4.500  5/29/30 c29 (URegS) NOVA LJUBLJANSKA BANKA DD LJUBLJANA,DTFNGB,2030-05-29,4.5,,100000,EUR
XS2829810923,Rumanien                      EO-Med.-Term Nts 2024(37)Reg.S,DTFTFR,2037-05-30,5.625,,1000,EUR
XS2838370414,CEZ AS EO-Medium-Term Nts 2024(24/32),DTFNCB,2032-06-11,4.25,,100000,EUR
XS2841247583,"Litauen, Republik             EO-Medium-Term Notes 2024(31)",DTFTFR,2031-07-03,3.5,,1000,EUR
XS2842080488,Powszechna K.O.(PKO)Bk Polski EO-FLR Non-Pref.MTN 24(28/29),DTFNGB,2029-06-18,4.5,,100000,EUR
XS2852933329,CS Fixed to Floating Rate Non-Preferred Senior Notes 2024-2031 callable 2030 /Series 47,DTFOFB,2031-07-03,,,100000,EUR
XS2855391533,"ÜLKER BISKÜVI SANAYI A.S. U.S.$550,000,000 7.875 per cent.  Sustainability-Linked Senior Notes due 2031",DBFNFR,2031-07-08,7.875,,200000,USD
XS2856800938,"Chile, Republik               EO-Notes 2024(24/31)",DBFNFR,2031-07-09,3.875,,100000,EUR
XS2887816564,"AB ARTEA BANKAS Issue of €300,000,000 4.853 per cent. Fixed Rate Reset Callable Senior Preferred Notes due 2028.",DBFNFR,2028-12-05,4.853,,100000,EUR
XS2888497067,"LUMINOR BANK AS Issue of EUR 300,000,000 Fixed to Floating Rate Notes due September 2028",DTFNFB,2028-09-10,4.042,,100000,USD
XS2890420834,Bulgarien                     EO-Medium-Term Notes 2024(32),DTFTFR,2032-09-05,3.625,,1000,EUR
XS2890435600,Bulgarien                     EO-Medium-Term Notes 2024(44),DTFTFR,2044-09-05,4.25,,1000,EUR
XS2895631567,E.ON SE                       Medium Term Notes v.24(29/30),DTFNCB,2030-03-05,3.125,,1000,EUR
XS2895631641,E.ON SE                       Medium Term Notes v.24(38/38),DTFNCB,2038-09-05,3.875,,1000,EUR
XS2897322769,Triodos Bank NV EO-FLR Med.-T. Nts 2024(28/29),DTFNFB,2029-09-12,4.875,,100000,EUR
XS2898794982,MONBNK  4.414  9/11/30 c29 (URegS) MONETA MONEY BNK,DBFUFR,2030-09-11,4.414,,100000,EUR
XS2902087423,Bank Gospodarstwa Krajowego EO-Medium-Term Notes 2024(35),DTFTFR,2035-03-13,3.875,,100000,EUR
XS2902088314,Bank Gospodarstwa Krajowego EO-Medium-Term Notes 2024(44),DTFTFR,2044-09-13,4.25,,100000,EUR
XS2906240028,"Lettland, Republik            EO-Medium-Term Notes 2024(32)",DTFTFR,2032-01-24,3,,1000,EUR
XS2906339747,Bank Polska Kasa Opieki S.A. EO-FLR Non-Pref. MTN 24(29/30),DTFNFB,2030-09-24,4,,100000,EUR
XS2907162767,"LUMINOR HOLDING AS EUR 200,000,000 Fixed Rate Reset Notes due 14 October 2035",DBFQFB,2035-10-14,5.399,,100000,EUR
XS2908597433,"BANCA TRANSILVANIA S.A. Issue of EUR 700,000,000 Non-Preferred Eligible Sustainable Notes due 30 September 2030",DTFNFB,2030-09-30,5.125,,100000,EUR
XS2908645265,Rumanien                      EO-Med.-Term Nts 2024(44)Reg.S,DTFTFR,2044-09-24,6,,1000,EUR
XS2910502470,"NE PROPERTY B.V. Issue of €500,000,000 4.250 per cent. Green Notes due 21 January 2032",DTFUFR,2032-01-21,4.25,,100000,EUR
XS2911156326,"DENK  2.250  10/2/26 (URegS) DENMARK, KINGDOM OF (GOVERNMENT)",DTFUFR,2026-10-02,2.25,,50000,EUR
XS2914001750,MLGPW  6.125  10/15/29 c26 (URegS) MLP GRP,DBFUCR,2029-10-15,6.125,,100000,EUR
XS2914558593,Societ.Nat.de Gaze Nat.Romgaz EO-Med.-Term Nts 24(29) Reg.S,DTFNFR,2029-10-07,4.75,,100000,EUR
XS2919892179,"CTP N.V. Issue of EUR 500,000,000 3.875 per cent. Notes due 2032",DTFNFB,2032-11-21,3.875,,100000,EUR
XS2922764191,Republic of Poland Government International Bond3.8752039-10-22EUR,DTFTFB,2039-10-22,3.875,,1000,EUR
XS2932787687,ARAGVI  11.125  11/20/29 c26 (URegS) ARAGVI FINANCE,DAFNBR,2029-11-20,11.125,,200000,USD
XS2934874566,Coca Cola HBC Finance B.V. EO-Medium-Term Nts 2024(24/32),DTFNFB,2032-11-20,3.125,,100000,EUR
XS2937308067,"STELLANTIS N.V. Issue of €750,000,000 4.000 per cent. Notes due 19 March 2034",DTFNFB,2034-03-19,4,,100000,EUR
XS2948748012,CEC Bank S.A. EO-FLR Non-Pref. MTN 24(28/29),DTFNFB,2029-11-28,5.625,,100000,EUR
XS2969693113,"NORSK HYDRO ASA Issue of EUR 500,000,000 3.625 per cent. Fixed Rate Senior Unsecured Green Notes due 2032",DTFNFB,2032-01-23,3.625,,100000,EUR
XS2975276143,"Polen, Republik EO-Medium-Term Notes 2025(35)",DTFTFB,2035-01-16,3.625,,1000,EUR
XS2975280509,"Polen, Republik EO-Medium-Term Notes 2025(30)",DTFTFB,2030-01-16,3,,1000,EUR
XS2975303483,"CHILE  3.750  1/14/32 c31 CHILE, REPUBLIC OF (GOVERNMENT)",DBFTAR,2032-01-14,3.75,,100000,EUR
XS2978594989,EOANGR  3.500  4/16/33 c33 (URegS) E ON SE,DTFNCB,2033-04-16,3.5,,1000,EUR
XS2979761769,"LITHUN  2.875  1/28/30 (URegS) LITHUANIA, REPUBLIC OF (GOVERNMENT)",DTFTFR,2030-01-28,2.875,,1000,EUR
XS2979761926,"LITHUN  3.625  1/28/40 (URegS) LITHUANIA, REPUBLIC OF (GOVERNMENT)",DTFTFR,2040-01-28,3.625,,1000,EUR
XS2986639701,AEMSPA  3.625  1/30/35 c34 (URegS) A2A SPA,DTFNCB,2035-01-30,3.625,,1000,EUR
XS2991917530,MEX  4.625  5/4/33 c33 MEXICO (UNITED MEXICAN STATES) (GOVERNMENT),DBFTAR,2033-05-04,4.625,,100000,EUR
XS2997384776,STEDIN  3.375  2/12/37 c36 (URegS) STEDIN HOLDING NV,DTFNFB,2037-02-12,3.375,,100000,EUR
XS3005214799,JNJ  3.350  2/26/37 c36 JOHNSON&JOHNSON,DBFNAR,2037-02-26,3.35,,100000,EUR
XS3005215093,JNJ  3.600  2/26/45 c44 JOHNSON&JOHNSON,DBFNAR,2045-02-26,3.6,,100000,EUR
XS3008888953,"ENEL FINANCE INTERNATIONAL N.V. €750,000,000 2.625 per cent. Notes due 24 February 2028",DTFNFB,2028-02-24,2.625,,100000,EUR
XS3008889175,"ENEL FINANCE INTERNATIONAL N.V. €500,000,000 3.500 per cent. Notes due 24 February 2036",DTFNFB,2036-02-24,3.5,,100000,EUR
XS3017991368,"CTP N.V. Issue of EUR 500,000,000 4.250 per cent. Notes due 2035",DTFNFB,2035-03-10,4.25,,100000,EUR
XS3021378032,ROMANI  5.875  7/11/32 (URegS) ROMANIA (GOVERNMENT),DTFTFR,2032-07-11,5.875,,1000,EUR
XS3025213102,"AB ARTEA BANKAS €300,000,000 4.597 per cent. Fixed Rate Reset Callable Senior Preferred Notes due 2030",DBFNFR,2030-06-25,4.597,,100000,EUR
XS3038485689,BLK  3.750  7/18/35 c35 BLACKROCK INC,DBFNAR,2035-07-18,3.75,,100000,EUR
XS3040382098,CEZCP  4.125  4/30/33 c33 (URegS) CEZ AS,DTFNCB,2033-04-30,4.125,,100000,EUR
XS3044417981,JTBANK  4.500  5/28/31 c30 (URegS) J & T BANKA,DTFNFR,2031-05-28,4.5,,100000,EUR
XS3046302488,"AKROPOLIS GROUP, UAB €350,000,000 6.000 per cent. Notes due 2030",DBFNAR,2030-05-15,6,,100000,EUR
XS3062665867,"PERSHING SQUARE HOLDINGS, LTD. €650,000,000 4.250% Senior Notes due 2030 Reg S",DBFNAR,2030-04-29,4.25,,1000000,EUR
XS3073101712,Eastern Europ.Electric Co.B.V. EO-Bonds 2025(27/30) Reg.S,DBFNAR,2030-05-15,6.5,,100000,EUR
XS3080462222,CESDRA  3.750  7/28/30 (URegS) CESKE DRAHY AS,DBFNCR,2030-07-28,3.75,,100000,EUR
XS3087255611,Bank Polska Kasa Opieki S.A. EO-FLR Non-Pref. MTN 25(30/31),DTFNFB,2031-06-04,3.75,,100000,EUR
XS3090092233,"STELLANTIS N.V. Issue of €800,000,000 4.625 per cent. Notes due 6 June 2035",DTFNFB,2035-06-06,4.625,,100000,EUR
XS3090109813,DEQGR  4.500  10/15/30 c30 (URegS) DEUTSCHE EUROSHO,DBFNFB,2030-10-15,4.5,,100000,EUR
XS3090933485,"BULGARIAN ENERGY HOLDING EAD  EUR 800,000,000 4.250 per cent. Bonds due 2030",DBFNAR,2030-06-19,4.25,,100000,EUR
XS3092057820,"NORSK HYDRO ASA Issue of EUR 500,000,000 3.750 per cent. Senior Unsecured EuGB Notes due 2033",DTFNFB,2033-06-17,3.75,,100000,EUR
XS3103692250,SUPERN  5.000  6/24/30 c30 (URegS) SUPERNOVA INVEST GMBH,DBFNAR,2030-06-24,5,,100000,EUR
XS3104553931,"ORLEN S.A. Issue of EUR 600,000,000 3.625 per cent. Green Notes due 2 July 2032",DTFNGR,2032-07-02,3.625,,100000,EUR
XS3105190576,"CZECHOSLOVAK GROUP A.S.  €1,000,000,000 5.250% Senior Secured Notes due 2031",DBFNAR,2031-01-10,5.25,,100000,EUR
XS3106539938,"EPH FINANCING INTERNATIONAL, A.S. Issue of EUR 500,000,000 4.625 per cent. Guaranteed Notes due 2032",DTFNGR,2032-07-02,4.625,,100000,EUR
XS3107229281,"CHILE  3.800  7/1/35 c35 CHILE, REPUBLIC OF (GOVERNMENT)",DBFTAR,2035-07-01,3.8,,1000,EUR
XS3109460959,Republic of Poland Government International Bond3.8752037-07-07EUR,DTFTGB,2037-07-07,3.875,,1000,EUR
XS3124345631,"BGARIA  3.375  7/18/35 (URegS) BULGARIA, REPUBLIC OF (GOVERNMENT)",DTFTGR,2035-07-18,3.375,,1000,EUR
XS3148256913,"AS CITADELE BANKA EUR 300,000,000 Fixed / Floating Rate Notes due 2029",DBFNAB,2029-12-23,3.875,,100000,EUR
XS3153067288,"AS LHV GROUP EUR 80,000,000 5.500 per cent. Fixed/Floating Rate Subordinated Notes due September 2035",DBFXFB,2035-09-16,5.5,,100000,EUR
XS3174780893,500mn Callable Fixed to Floating Rate Non-Preferred Senior Notes due 2032/Series No. 56,DTFOFB,2032-09-09,,,100000,EUR
XS3175946071,"LITHUN  3.625  3/10/36 (URegS) LITHUANIA, REPUBLIC OF (GOVERNMENT)",DTFTFR,2036-03-10,3.625,,1000,EUR
XS3178859388,Colombia Government International Bond3.752028-09-19EUR,DBFTAR,2028-09-19,3.75,,100000,EUR
XS3183159733,Colombia Government International Bond52032-09-19EUR,DBFTAR,2032-09-19,5,,100000,EUR
XS3183160236,Colombia Government International Bond5.6252036-02-19EUR,DBFTAR,2036-02-19,5.625,,100000,EUR
XS3185370973,MEX  4.500  3/19/34 c33 MEXICO (UNITED MEXICAN STATES) (GOVERNMENT),DBFTFR,2034-03-19,4.5,,100000,EUR
XS3185371195,MEX  5.125  3/19/38 c37 MEXICO (UNITED MEXICAN STATES) (GOVERNMENT),DBFTFR,2038-03-19,5.125,,100000,EUR
XS3189615498,"NE PROPERTY B.V. Issue of €500,000,000 3.875 per cent. Green Notes due 30 September 2033",DTFUFR,2033-09-30,3.875,,100000,EUR
XS3191554495,"AB ARTEA BANKAS €300,000,000 3.739 per cent. Fixed Rate Reset Callable Senior Preferred Notes due 2029",DBFNFR,2029-10-07,3.739,,100000,EUR
XS3227294132,LATVEN  3.612  11/13/30 c30 (URegS) LATVENERGO AS,DTFUCR,2030-11-13,3.612,,1000,EUR
XS3235873372,"SLOVENSKÉ ELEKTRÁRNE A.S. Issue of EUR 750,000,000 3.875 per cent. Green Notes due 20 November 2032",DTFNFR,2032-11-20,3.875,,1000,EUR
XS3239189296,MLGPW  4.750  1/20/31 c28 (URegS) MLP GROUP SA,DBFNAR,2031-01-20,4.75,,100000,EUR
XS3268040964,"POLAND  2.875  1/15/31 (URegS) POLAND, REPUBLIC OF (GOVERNMENT)",DTFTFB,2031-01-15,2.875,,1000,EUR
XS3268043554,"POLAND  3.625  6/15/36 (URegS) POLAND, REPUBLIC OF (GOVERNMENT)",DTFTFB,2036-06-15,3.625,,1000,EUR
XS3272223762,"CHILE  3.875  4/14/36 c36 CHILE, REPUBLIC OF (GOVERNMENT)",DBFNAR,2036-04-14,3.875,,1000,EUR
XS3273795859,"MACEDO  3.875  1/21/30 (URegS) NORTH MACEDONIA, REPUBLIC OF (GOVERNMENT)",DBFTFR,2030-01-21,3.875,,100000,EUR
XS3273796238,"MACEDO  4.750  1/21/34 (URegS) NORTH MACEDONIA, REPUBLIC OF (GOVERNMENT)",DBFTFR,2034-01-21,4.75,,100000,EUR
XS3276320358,"LITHUN  3.000  1/22/31 (URegS) LITHUANIA, REPUBLIC OF (GOVERNMENT)",DTFTFR,2031-01-22,3,,1000,EUR
XS3307444482,INDON  4.100  3/4/34 c33 (URegS) INDONESIA,DBFTAR,2034-03-04,4.1,,100000,EUR
XS3338741567,ESTONE  4.600  5/28/31 c31 (URegS) EESTI ENERGIA AS,DBFNFB,2031-05-28,4.6,,100000,EUR
XS3348713390,"BANCA TRANSILVANIA S.A. Issue of EUR 1,000,000,000 Non-Preferred Eligible Notes Due 27 May 2032",DTFXFB,2032-05-27,4.75,,100000,EUR
XS3366323072,"MAXIMA GRUPE, UAB Issue of €350,000,000 4.75 per cent. Notes due 2031",DTFNFR,2031-05-19,4.75,,1000,EUR
XS3367725754,"U.S.$300,000,000 12.75 per cent. Secured Notes due 2031 / Regulation S",DBFNAR,2031-05-26,12.75,,200000,USD
XS3373524050,CEZCP  4.375  5/27/34 c33 (URegS) CEZ AS,DTFUFB,2034-05-27,4.375,,100000,EUR
XS3375198226,BOVMV  4.467  5/28/32 c31 (URegS) BANK OF VALLETTA PLC,DTFNFR,2032-05-28,4.467,,100000,EUR
XS3381692725,"LITHUN  3.625  11/18/33 (URegS) LITHUANIA, REPUBLIC OF (GOVERNMENT)",DTFTFR,2033-11-18,3.625,,100,EUR
XS3386569803,"LUMINOR BANK AS Issue of EUR 500,000,000 Fixed to Floating Rate Notes due May 2031",DTFXFB,2031-05-27,4.266,,100000,EUR
XS3412686563,LATVEN  4.162  6/25/33 c33 (URegS) LATVENERGO AS,DTFXFR,2033-06-25,4.162,,1000,EUR
