Data,Vieneto vertė,Lyginamasis indeksas,Grynųjų aktyvų vertė,
2026-10-01,1.632,1.6639,49779346.7673,
2026-09-30,1.6334,1.6523,53291504.0826,
2026-09-29,1.6311,1.6563,53215346.6993,
2026-09-28,1.6299,1.6569,53163066.6908,
2026-09-25,1.6337,1.6644,53285079.9957,
2026-09-24,1.6274,1.66,53102951.4051,
2026-09-23,1.6374,1.6613,53430993.2553,
2026-09-22,1.64,1.667,53514000.4265,
2026-09-21,1.6288,1.6605,53116528.6524,
2026-09-18,1.61,1.642,52476991.4514,
2026-09-17,1.6101,1.639,52493557.5787,
2026-09-16,1.5995,1.6185,52146736.8943,
2026-09-15,1.5931,1.6199,51923841.3613,
2026-09-14,1.5997,1.6294,52041572.9883,
2026-09-11,1.604,1.629,52182422.3396,
2026-09-10,1.5928,1.621,51817940.4848,
2026-09-09,1.6027,1.6295,51902724.2702,
2026-09-08,1.6154,1.6398,52295793.3907,
2026-09-07,1.6166,1.6487,52336590.9336,
2026-09-04,1.6176,1.6453,52375097.0831,
2026-09-03,1.6157,1.6457,52298040.4109,
2026-09-02,1.6055,1.6326,51965537.0772,
2026-09-01,1.6063,1.6319,51892419.7364,
2026-08-31,1.6064,1.6386,51881425.9379,
2026-08-28,1.6217,1.6434,52356934.8682,
2026-08-27,1.6098,1.643,51912793.804,
2026-08-26,1.6046,1.6366,51754004.3146,
2026-08-25,1.6014,1.6324,51582031.8177,
2026-08-24,1.5964,1.6265,51418428.2686,
2026-08-21,1.6003,1.6321,51546794.4964,
2026-08-20,1.5971,1.6216,51429697.7354,
2026-08-19,1.6056,1.629,51705297.0121,
2026-08-18,1.6112,1.6413,51766813.3401,
2026-08-17,1.6302,1.6542,52378475.8384,
2026-08-14,1.6296,1.6599,52387840.7446,
2026-08-13,1.6341,1.6646,52534303.701,
2026-08-12,1.6268,1.6557,51971930.2898,
2026-08-11,1.6245,1.6497,51868924.6367,
2026-08-10,1.6238,1.6515,51846372.6006,
2026-08-07,1.622,1.6502,51731489.1479,
2026-08-06,1.618,1.6428,51559675.1544,
2026-08-05,1.6201,1.6456,51628189.9699,
2026-08-04,1.612,1.6444,51318851.5445,
2026-08-03,1.589,1.624,50576389.2102,
2026-07-31,1.5703,1.6093,49974827.1274,
2026-07-30,1.561,1.5919,49650600.8018,
2026-07-29,1.5679,1.5859,49824851.993,
2026-07-28,1.5789,1.6043,50186591.3468,
2026-07-27,1.5756,1.6127,50080792.8516,
2026-07-24,1.5829,1.6073,50267808.6946,
2026-07-23,1.5785,1.6119,50131791.3959,
2026-07-22,1.5945,1.6199,50638388.7764,
2026-07-21,1.5899,1.6201,50485371.8758,
2026-07-20,1.5819,1.6025,50128746.5544,
2026-07-17,1.5794,1.603,49964549.489,
2026-07-16,1.5971,1.6211,50523374.4295,
2026-07-15,1.5981,1.6311,50606572.0922,
2026-07-14,1.5965,1.6206,50329175.5973,
2026-07-13,1.5995,1.6194,50391675.3747,
2026-07-10,1.6011,1.6311,50388642.5059,
2026-07-09,1.5952,1.6235,50147022.809,
2026-07-08,1.5812,1.6149,49719920.2895,
2026-07-07,1.5899,1.6223,49912456.7181,
2026-07-03,1.5986,1.6264,57655266.6673,
2026-07-02,1.5909,1.6187,57378513.9061,
2026-07-01,1.5995,1.6251,57676442.145,
2026-06-30,1.5925,1.6236,57385791.4699,
2026-06-29,1.5758,1.6129,56776665.5842,
2026-06-26,1.5774,1.6039,56865737.3719,
2026-06-25,1.5831,1.6146,57108194.647,
2026-06-23,1.5804,1.609,57001548.3706,
2026-06-22,1.601,1.6282,57697422.0214,
2026-06-19,1.5953,1.6241,57520409.2668,
2026-06-18,1.5917,1.6242,57269706.6108,
2026-06-17,1.5858,1.6002,57009976.469,
2026-06-16,1.5835,1.6078,56825477.4298,
2026-06-15,1.5835,1.6125,56923218.4741,
2026-06-12,1.5653,1.5907,56305812.371,
2026-06-11,1.537,1.5794,55291349.1175,
2026-06-10,1.5367,1.5558,54992009.903,
2026-06-09,1.5403,1.5774,55123275.6797,
2026-06-08,1.5568,1.5758,55722707.5956,
2026-06-05,1.5675,1.5804,56092346.1033,
2026-06-04,1.579,1.6068,56440730.1901,
2026-06-03,1.5828,1.6069,56576796.5224,
2026-06-02,1.5884,1.6114,56731047.9211,
2026-06-01,1.5802,1.6085,56445699.2454,
2026-05-29,1.5727,1.6005,56174839.886,
2026-05-28,1.5698,1.5952,56061619.5711,
2026-05-27,1.5659,1.5946,55983499.514,
2026-05-26,1.5674,1.594,56051957.2096,
2026-05-25,1.5691,1.5859,56032248.6182,
2026-05-22,1.5583,1.5835,55620216.2909,
2026-05-21,1.5431,1.5754,55037437.297,
2026-05-20,1.5388,1.5637,54822802.6215,
2026-05-19,1.5256,1.5524,54283948.9996,
2026-05-18,1.5294,1.5557,54406289.9806,
2026-05-15,1.5391,1.5587,54767313.0925,
2026-05-14,1.5507,1.5761,55197276.7042,
2026-05-13,1.5329,1.5632,54151662.6908,
2026-05-12,1.516,1.5522,53508186.7203,
2026-05-11,1.5296,1.5541,54018578.3307,
2026-05-08,1.5243,1.5513,53831113.0714,
2026-05-07,1.5244,1.5472,53744135.5389,
2026-05-06,1.5216,1.551,53629967.5692,
2026-05-05,1.5042,1.5305,52982044.2834,
2026-05-04,1.4925,1.521,52570317.7685,
2026-04-30,1.4868,1.5163,52315069.1928,
2026-04-29,1.4774,1.5059,51966172.8858,
2026-04-28,1.4765,1.5081,51816874.3715,
2026-04-27,1.4824,1.5123,51995837.4722,
2026-04-24,1.4823,1.5121,51991755.0048,
2026-04-23,1.4843,1.5052,52052590.1187,
2026-04-22,1.4793,1.5102,51824115.8235,
2026-04-21,1.4739,1.4997,51597704.5944,
2026-04-20,1.4759,1.5048,51489946.5797,
2026-04-17,1.4799,1.5027,51406214.6137,
2026-04-16,1.463,1.4924,50846286.7101,
2026-04-15,1.4535,1.4842,50520199.9916,
2026-04-14,1.4484,1.4746,50089108.5783,
2026-04-13,1.4317,1.4671,49516895.0668,
2026-04-10,1.4326,1.4574,49481954.3811,
2026-04-09,1.4285,1.4597,49350279.1811,
2026-04-08,1.427,1.4562,49304636.7223,
2026-04-07,1.3886,1.4239,68755087.592,
2026-04-03,1.3947,1.421,69016314.6832,
2026-04-02,1.3947,1.4194,68988282.0114,
2026-04-01,1.3956,1.4155,68987228.8327,
2026-03-31,1.3656,1.402,67502731.4632,
2026-03-30,1.3672,1.383,67583999.4005,
2026-03-27,1.3613,1.3844,67331596.1292,
2026-03-26,1.3802,1.4005,68247415.8612,
2026-03-25,1.3939,1.4191,68885924.9898,
2026-03-24,1.3812,1.4035,68178551.6159,
2026-03-23,1.3811,1.4005,68192145.1836,
2026-03-20,1.3774,1.4002,67975187.571,
2026-03-19,1.3928,1.424,68695058.6281,
2026-03-18,1.4157,1.4388,69710296.0085,
2026-03-17,1.424,1.4474,70091609.136,
2026-03-16,1.4193,1.4446,69930509.4486,
2026-03-13,1.4143,1.4374,69663279.6178,
2026-03-12,1.4176,1.4395,69450957.6706,
2026-03-10,1.4312,1.4474,70078503.4327,
2026-03-09,1.4111,1.4424,69106683.1138,
2026-03-06,1.4181,1.4473,69449182.5327,
2026-03-05,1.4315,1.4624,70085709.1607,
2026-03-04,1.4399,1.4602,70457008.8182,
2026-03-03,1.4266,1.4667,69607356.806,
2026-03-02,1.4467,1.4825,70454901.8983,
2026-02-27,1.4455,1.476,70337816.2227,
2026-02-26,1.4513,1.4806,70574057.342,
2026-02-25,1.4541,1.4818,70737323.3928,
2026-02-24,1.4434,1.4728,70185601.8158,
2026-02-23,1.4388,1.4623,70013462.1739,
2026-02-20,1.4458,1.4726,70262174.6722,
2026-02-19,1.4394,1.468,69912492.0486,
2026-02-18,1.4409,1.4634,69871126.3962,
2026-02-17,1.4259,1.4544,69135432.7734,
2026-02-13,1.4249,1.4503,69047939.0859,
2026-02-12,1.4284,1.4487,69149149.648,
2026-02-11,1.4385,1.4659,69409788.9349,
2026-02-10,1.4373,1.4582,69365684.6514,
2026-02-09,1.4348,1.4569,69248879.2291,
2026-02-06,1.4258,1.4524,68820467.1461,
2026-02-05,1.415,1.4335,67868456.963,
2026-02-04,1.4268,1.451,68394063.6755,
2026-02-03,1.4314,1.4537,68610011.0793,
2026-02-02,1.4327,1.4544,68593443.1184,
2026-01-30,1.4215,1.4424,68028814.3469,
2026-01-29,1.4134,1.4474,67539628.5965,
2026-01-28,1.4237,1.4477,67859380.491,
2026-01-27,1.4216,1.4461,67518176.1783,
2026-01-26,1.4229,1.4439,67556622.9163,
2026-01-23,1.4275,1.452,67711173.3146,
2026-01-22,1.4294,1.4538,67709163.0212,
2026-01-21,1.4193,1.4469,67147986.1434,
2026-01-20,1.4211,1.4341,67180624.1451,
2026-01-19,1.4327,1.4649,67726655.8769,
2026-01-16,1.4487,1.4719,68473733.4205,
2026-01-15,1.4506,1.471,68463794.2405,
2026-01-14,1.4352,1.4602,67615921.6115,
2026-01-13,1.4425,1.4624,67811149.7355,
2026-01-12,1.4405,1.4587,67272518.4624,
2026-01-09,1.4384,1.4589,67335476.4719,
2026-01-08,1.4279,1.448,67038029.5632,
2026-01-07,1.4309,1.4474,66832693.6207,
2026-01-06,1.4268,1.4515,66546934.5449,
2026-01-05,1.4199,1.4395,66260082.0822,
2026-01-02,1.4036,1.4215,65538788.9997,
2025-12-31,1.4055,1.4147,65660425.8601,
2025-12-30,1.4056,1.4207,65652722.5475,
2025-12-29,1.4027,1.4207,65446674.26,
2025-12-23,1.3998,1.4191,65130216.9753,
2025-12-22,1.3965,1.4148,64854979.7585,
2025-12-19,1.3926,1.4109,64512539.6878,
2025-12-18,1.3855,1.3988,64111107.1599,
2025-12-17,1.3727,1.3873,63484726.4736,
2025-12-16,1.3783,1.3957,63521758.1274,
2025-12-15,1.3876,1.4036,63938762.1046,
2025-12-12,1.3871,1.4081,64012841.6289,
2025-12-11,1.3958,1.4146,64424302.4054,
2025-12-10,1.4,1.4228,64282335.8641,
2025-12-09,1.4025,1.4163,64232765.1384,
2025-12-08,1.4016,1.4188,64125554.2897,
2025-12-05,1.404,1.4197,64213268.2849,
2025-12-04,1.3984,1.4158,63945419.2474,
2025-12-03,1.3952,1.4119,63795225.9923,
2025-12-02,1.3951,1.4131,63755078.4022,
2025-12-01,1.3961,1.4082,63652358.6582,
2025-11-28,1.4002,1.417,63770432.8687,
2025-11-27,1.3952,1.4119,63468718.2323,
2025-11-26,1.3954,1.4114,63433595.8887,
2025-11-25,1.3799,1.4016,62627852.3444,
2025-11-24,1.376,1.3923,62432789.1187,
2025-11-21,1.3601,1.3792,61686677.2899,
2025-11-20,1.3736,1.3721,62298953.3664,
2025-11-19,1.3665,1.3817,61936249.3135,
2025-11-18,1.3653,1.376,61725057.7304,
2025-11-17,1.3832,1.39,62428187.3944,
2025-11-14,1.3885,1.3994,62779001.2602,
2025-11-13,1.3931,1.4028,62947873.5368,
2025-11-12,1.4089,1.4244,63297394.7897,
2025-11-11,1.4023,1.4206,62873203.2334,
2025-11-10,1.3943,1.4209,62433402.2009,
2025-11-07,1.3708,1.399,61314689.4221,
2025-11-06,1.3889,1.4032,62053484.4696,
2025-11-05,1.4063,1.419,62705014.5981,
2025-11-04,1.4056,1.4154,62617082.4157,
2025-11-03,1.4106,1.4272,62836635.6279,
2025-10-31,1.4075,1.4232,62577151.652,
2025-10-30,1.4089,1.4188,62468977.3575,
2025-10-29,1.4079,1.4193,62276376.8712,
2025-10-28,1.4049,1.4196,61950319.9129,
2025-10-27,1.4017,1.4219,61738221.007,
2025-10-24,1.3925,1.4083,61175045.0581,
2025-10-23,1.3823,1.4009,60602647.9083,
2025-10-22,1.3781,1.3945,60375995.6088,
2025-10-21,1.3841,1.4013,60571465.8762,
2025-10-20,1.3785,1.3967,60207655.3799,
2025-10-17,1.3568,1.3785,59028247.6709,
2025-10-16,1.3707,1.3789,59476263.3905,
2025-10-15,1.3702,1.3873,59404377.3837,
2025-10-14,1.3638,1.3805,58731415.3727,
2025-10-13,1.3671,1.3877,58693433.9248,
2025-10-10,1.3596,1.3726,58428615.8424,
2025-10-09,1.3856,1.4023,59560035.4373,
2025-10-08,1.3837,1.4015,59124259.1484,
2025-10-07,1.3733,1.3906,58457673.8937,
2025-10-06,1.3748,1.3904,58421571.1881,
2025-10-03,1.3701,1.3837,58104961.666,
2025-10-02,1.3647,1.3828,57781182.6697,
2025-10-01,1.3594,1.376,57444775.0618,
2025-09-30,1.3491,1.3702,56957740.4068,
2025-09-29,1.3509,1.3666,56951632.196,
2025-09-26,1.3464,1.3656,56523048.0404,
2025-09-25,1.3465,1.3624,56373253.5984,
2025-09-24,1.3483,1.363,56394100.1728,
2025-09-23,1.3512,1.3617,56380843.607,
2025-09-22,1.3489,1.3682,56191130.4757,
2025-09-19,1.3462,1.3654,56019421.5487,
2025-09-18,1.3438,1.3608,55821100.8287,
2025-09-17,1.3319,1.3476,55160318.9863,
2025-09-16,1.3326,1.3479,54969611.6407,
2025-09-15,1.3413,1.3581,54864223.7019,
2025-09-12,1.3398,1.3557,54933759.8958,
2025-09-11,1.3384,1.3553,54875535.5821,
2025-09-10,1.3301,1.3455,54181871.0751,
2025-09-09,1.3232,1.341,53776652.3831,
2025-09-08,1.3213,1.3364,53565931.8593,
2025-09-05,1.3146,1.3328,53273172.7079,
2025-09-04,1.3195,1.341,53402021.0942,
2025-09-03,1.3109,1.3295,52938727.6119,
2025-09-02,1.3036,1.3254,52387266.8938,
2025-09-01,1.3156,1.3297,52795376.0893,
2025-08-29,1.3139,1.3298,52649757.1887,
2025-08-28,1.3229,1.34,52852982.1192,
2025-08-27,1.3249,1.3443,52862775.0114,
2025-08-26,1.317,1.3364,52440158.0446,
2025-08-25,1.3198,1.3328,52448820.3639,
2025-08-22,1.3197,1.3329,52267293.6048,
2025-08-21,1.3123,1.3252,51855418.9878,
2025-08-20,1.3077,1.3238,51634405.3797,
2025-08-19,1.3151,1.3258,51803745.0913,
2025-08-18,1.3152,1.3311,51666878.6705,
2025-08-14,1.3162,1.3317,51697471.5397,
2025-08-13,1.311,1.3275,51446957.0384,
2025-08-12,1.3075,1.325,50843968.7935,
2025-08-11,1.3066,1.3185,50529105.3737,
2025-08-08,1.2994,1.315,50295909.6648,
2025-08-07,1.2966,1.3123,50242228.5378,
2025-08-06,1.2934,1.3086,49791425.9014,
2025-08-05,1.291,1.3078,49486120.9195,
2025-08-04,1.2919,1.309,49372119.3598,
2025-08-01,1.2824,1.2946,48880241.5793,
2025-07-31,1.3164,1.3238,50029389.9211,
2025-07-30,1.3139,1.3268,49706887.2181,
2025-07-29,1.3082,1.3242,49352357.5731,
2025-07-28,1.3025,1.3162,49082881.7688,
2025-07-25,1.2923,1.3088,48506289.3274,
2025-07-24,1.2909,1.305,48374707.0233,
2025-07-23,1.2883,1.3066,48149163.0846,
2025-07-22,1.2776,1.2944,47697494.4337,
2025-07-21,1.2861,1.2963,47866801.2277,
2025-07-18,1.2857,1.2999,47715354.9271,
2025-07-17,1.2884,1.3044,47730418.3605,
2025-07-16,1.2654,1.2955,46821830.3178,
2025-07-15,1.2814,1.2917,47283819.1038,
2025-07-14,1.274,1.2899,46768477.9888,
2025-07-11,1.2732,1.2873,46818166.1599,
2025-07-10,1.2795,1.2942,47052012.1779,
2025-07-09,1.2705,1.2873,46420367.8638,
2025-07-08,1.2673,1.2826,46243950.3924,
2025-07-07,1.2674,1.2781,46107453.6069,
2025-07-04,1.2638,1.2821,45919173.0256,
2025-07-03,1.271,1.2859,46132701.1942,
2025-07-02,1.2593,1.2758,45551792.6338,
2025-07-01,1.2569,1.2699,45273710.5975,
2025-06-30,1.2577,1.2739,45248710.0408,
2025-06-27,1.2601,1.2718,45242295.2188,
2025-06-26,1.2516,1.2659,44893386.4962,
2025-06-25,1.2512,1.264,44795263.3837,
2025-06-23,1.2392,1.2573,44289335.4329,
2025-06-20,1.2416,1.253,44323998.7568,
2025-06-19,1.2377,1.2581,44062926.6508,
2025-06-18,1.2472,1.2592,44379042.845,
2025-06-17,1.2486,1.2578,44239595.741,
2025-06-16,1.2509,1.2607,44142965.3318,
2025-06-13,1.2466,1.2547,44080319.0381,
2025-06-12,1.2524,1.2647,44306107.8023,
2025-06-11,1.2635,1.2724,44306042.9642,
2025-06-10,1.2623,1.2792,44171346.0709,
2025-06-09,1.2618,1.2757,44119367.3415,
2025-06-06,1.2594,1.2749,43976221.8188,
2025-06-05,1.2565,1.26,43822154.1067,
2025-06-04,1.2547,1.2651,43630782.3196,
2025-06-03,1.2527,1.2652,43536506.8298,
2025-06-02,1.2401,1.2556,43020189.2359,
2025-05-30,1.2446,1.2601,43178596.2047,
2025-05-29,1.2458,1.2615,43140526.9678,
2025-05-28,1.2512,1.2613,43201805.7056,
2025-05-27,1.2479,1.2638,42994152.8763,
2025-05-26,1.2401,1.2437,42674302.6686,
2025-05-23,1.2321,1.2446,42311299.7647,
2025-05-22,1.2433,1.2551,42668928.8401,
2025-05-21,1.2535,1.2524,42982431.6158,
2025-05-20,1.2619,1.2718,43150937.0233,
2025-05-19,1.2607,1.2744,42998996.9792,
2025-05-16,1.2662,1.283,43066496.3724,
2025-05-15,1.2584,1.2728,42732462.1076,
2025-05-14,1.2551,1.2663,42568621.1913,
2025-05-13,1.2566,1.2682,42444174.0354,
2025-05-12,1.2462,1.2657,42036715.668,
2025-05-09,1.2096,1.2217,40828560.7611,
2025-05-08,1.2089,1.2188,40796670.413,
2025-05-07,1.192,1.2057,39867670.6185,
2025-05-06,1.199,1.2053,40061243.0927,
2025-05-05,1.2048,1.2115,40140531.3076,
2025-05-02,1.2,1.2122,39948546.8887,
2025-04-30,1.1737,1.1897,39010576.4103,
2025-04-29,1.1688,1.1851,38702772.8563,
2025-04-28,1.1628,1.1797,38460082.3428,
2025-04-25,1.16,1.1768,38307436.4898,
2025-04-24,1.155,1.17,38112756.5257,
2025-04-23,1.1427,1.1559,37657979.4094,
2025-04-22,1.114,1.1266,36670358.9283,
2025-04-18,1.1209,1.1347,36855554.2983,
2025-04-17,1.1209,1.1338,36819942.8882,
2025-04-16,1.1327,1.1274,37214601.5301,
2025-04-15,1.1439,1.1489,37289985.398,
2025-04-14,1.132,1.1409,37028559.8862,
2025-04-11,1.1042,1.1291,36120531.8334,
2025-04-10,1.1148,1.1287,36169098.9355,
2025-04-09,1.0719,1.1509,34705258.4943,
2025-04-08,1.1202,1.1033,36217767.7887,
2025-04-07,1.0916,1.1059,35231472.0285,
2025-04-04,1.123,1.128,36244956.8688,
2025-04-03,1.1802,1.1769,38025914.0222,
2025-04-02,1.2334,1.248,39631592.6119,
2025-04-01,1.2345,1.2468,39479964.1808,
2025-03-31,1.2217,1.2404,38998584.8923,
2025-03-28,1.2306,1.243,39175860.8291,
2025-03-27,1.2556,1.2649,39880322.8557,
2025-03-26,1.2608,1.2707,39850746.6498,
2025-03-25,1.2659,1.2793,39892054.0494,
2025-03-24,1.2627,1.2778,39670151.3174,
2025-03-21,1.2441,1.2614,39065972.7812,
2025-03-20,1.2472,1.2595,39050263.9416,
2025-03-19,1.2426,1.2589,38798616.056,
2025-03-18,1.2322,1.2444,38344298.7293,
2025-03-17,1.2362,1.2505,38346480.5537,
2025-03-14,1.2291,1.2446,38039620.5174,
2025-03-13,1.2168,1.2243,37612833.1146,
2025-03-12,1.2231,1.2307,37720919.5469,
2025-03-10,1.2341,1.2428,37664490.6483,
2025-03-07,1.2461,1.2673,38074996.4422,
2025-03-06,1.2674,1.2707,38723575.4315,
2025-03-05,1.2661,1.2887,38417075.653,
2025-03-04,1.2816,1.2981,38786826.6702,
2025-03-03,1.3214,1.3181,39985654.4115,
2025-02-28,1.3182,1.3404,39729613.5272,
2025-02-27,1.3332,1.3309,40017890.0012,
2025-02-26,1.3315,1.3368,39865916.7619,
2025-02-25,1.318,1.3342,39408346.9254,
2025-02-24,1.335,1.3438,39730840.8414,
2025-02-21,1.3502,1.3516,39908998.216,
2025-02-20,1.3489,1.3639,39780554.6287,
2025-02-19,1.3596,1.3752,40007361.8146,
2025-02-18,1.3556,1.3715,39631488.3468,
2025-02-17,1.3545,1.3659,39200732.583,
2025-02-14,1.3478,1.3605,39051007.2789,
2025-02-13,1.3498,1.3672,39108503.0902,
2025-02-12,1.3441,1.36,38703260.8614,
2025-02-11,1.3525,1.3662,38812946.3572,
2025-02-10,1.3549,1.3704,38663044.8997,
2025-02-07,1.3478,1.3602,38402247.4465,
2025-02-06,1.3489,1.3661,38369076.1871,
2025-02-05,1.3366,1.354,37947380.8198,
2025-02-04,1.3391,1.3511,37776090.0924,
2025-02-03,1.3384,1.3477,37577928.0992,
2025-01-31,1.3488,1.3528,37787261.0304,
2025-01-30,1.3372,1.354,37380504.0957,
2025-01-29,1.3327,1.3465,37105170.4542,
2025-01-28,1.3256,1.3476,36782894.1595,
2025-01-27,1.3119,1.3314,36325055.737,
2025-01-24,1.3336,1.3427,36805104.2426,
2025-01-23,1.3384,1.3569,36834128.3571,
2025-01-22,1.3363,1.3488,36578237.112,
2025-01-21,1.327,1.3455,36199686.8221,
2025-01-20,1.3278,1.3357,36059201.4285,
2025-01-17,1.3318,1.3438,36024474.6934,
2025-01-16,1.3209,1.3341,35692278.8429,
2025-01-15,1.3162,1.3308,35486133.009,
2025-01-14,1.2978,1.3121,34786958.5519,
2025-01-13,1.299,1.3197,34461777.7737,
2025-01-10,1.3018,1.3163,34589877.5603,
2025-01-09,1.3149,1.3283,34936008.654,
2025-01-08,1.313,1.3289,34702413.1125,
2025-01-07,1.3131,1.322,34592489.7167,
2025-01-06,1.3222,1.328,34828750.2239,
2025-01-03,1.3153,1.3333,34600034.1887,
2025-01-02,1.3163,1.3237,34473834.0083,
2024-12-31,1.2963,1.3153,33738875.4792,
2024-12-30,1.2967,1.3152,33404329.4314,
2024-12-27,1.3077,1.3215,33639286.2763,
2024-12-23,1.3024,1.3216,33429217.1184,
2024-12-20,1.3043,1.3132,33444448.2672,
2024-12-19,1.302,1.3083,33256605.3249,
2024-12-18,1.3216,1.3064,33576381.7559,
2024-12-17,1.3194,1.332,33140848.0134,
2024-12-16,1.3235,1.3375,32843429.5771,
2024-12-13,1.322,1.3374,32868720.0245,
2024-12-12,1.328,1.3433,33017936.8896,
2024-12-11,1.3303,1.3462,32868118.0122,
2024-12-10,1.3234,1.3368,32548243.3577,
2024-12-09,1.3236,1.3328,32420565.5078,
2024-12-06,1.3235,1.3408,32363551.7076,
2024-12-05,1.3243,1.3372,32316785.4584,
2024-12-04,1.3246,1.3436,32292382.5049,
2024-12-03,1.321,1.3389,32123185.6879,
2024-12-02,1.3208,1.34,31906501.7385,
2024-11-29,1.3106,1.3254,31529747.643,
2024-11-28,1.3049,1.3201,31237844.7106,
2024-11-27,1.3005,1.3176,31006156.405,
2024-11-26,1.3109,1.3297,31105131.8297,
2024-11-25,1.3097,1.3277,30952903.9977,
2024-11-22,1.3121,1.3309,30985262.2666,
2024-11-21,1.2973,1.3129,30592701.2517,
2024-11-20,1.2826,1.3052,30121851.6735,
2024-11-19,1.2817,1.2991,30048504.2321,
2024-11-18,1.2831,1.2949,29942504.9469,
2024-11-15,1.2795,1.2952,29694931.4635,
2024-11-14,1.2941,1.3028,29954132.0916,
2024-11-13,1.295,1.3071,29919020.6543,
2024-11-12,1.2913,1.3085,29495643.9971,
2024-11-11,1.2964,1.3141,29641104.7727,
2024-11-08,1.2844,1.3011,29365535.2717,
2024-11-07,1.2787,1.2927,29055908.7183,
2024-11-06,1.2686,1.2901,28657629.3876,
2024-11-05,1.2353,1.2522,27707600.8674,
2024-11-04,1.2295,1.2402,27413105.3253,
2024-10-31,1.2294,1.2411,27210888.631,
2024-10-30,1.2487,1.2581,27569036.5996,
2024-10-29,1.2559,1.2697,27560938.783,
2024-10-28,1.255,1.2673,27477577.0757,
2024-10-25,1.2556,1.2615,27394309.6393,
2024-10-24,1.2515,1.2663,27211098.897,
2024-10-23,1.2544,1.2669,27205080.46,
2024-10-22,1.258,1.2731,27056714.5256,
2024-10-21,1.2564,1.2742,27023427.4169,
2024-10-18,1.2621,1.2772,27014529.6341,
2024-10-17,1.2627,1.2743,26914806.4185,
2024-10-16,1.253,1.2687,26557780.2572,
2024-10-15,1.2526,1.264,25976842.5981,
2024-10-14,1.2567,1.2702,26167550.1569,
2024-10-11,1.2472,1.2606,25970469.3923,
2024-10-10,1.2431,1.2556,25885394.2804,
2024-10-09,1.2408,1.2536,25650985.5395,
2024-10-08,1.2325,1.2456,25433185.0143,
2024-10-07,1.2363,1.2442,25452489.0476,
2024-10-04,1.2318,1.2503,25309879.8124,
2024-10-03,1.224,1.2372,25046600.7495,
2024-10-02,1.2272,1.2403,25003871.1395,
2024-10-01,1.2217,1.2367,24731346.931,
2024-09-30,1.2186,1.2361,24655104.9381,
2024-09-27,1.223,1.2357,24663754.6501,
2024-09-26,1.2188,1.2329,24520519.3699,
2024-09-25,1.2132,1.2216,24308611.9314,
2024-09-24,1.2129,1.2259,24203754.5763,
2024-09-23,1.2095,1.2217,24078901.222,
2024-09-20,1.2012,1.2167,23894501.8801,
2024-09-19,1.2078,1.2218,23961532.2885,
2024-09-18,1.1919,1.2038,23557828.1277,
2024-09-17,1.1977,1.2063,23081614.4331,
2024-09-16,1.1905,1.2054,22952151.8236,
2024-09-13,1.1954,1.2067,23090264.5561,
2024-09-12,1.1872,1.2028,22932897.5413,
2024-09-11,1.1671,1.194,22361632.0065,
2024-09-10,1.172,1.1864,22354389.063,
2024-09-09,1.17,1.1823,22249574.3276,
2024-09-06,1.1574,1.1678,21936847.0543,
2024-09-05,1.1731,1.1866,22180338.5161,
2024-09-04,1.1802,1.1886,22256741.5951,
2024-09-03,1.1937,1.2001,22443492.9188,
2024-09-02,1.2056,1.217,22572576.6856,
2024-08-30,1.1989,1.2182,22220191.959,
2024-08-29,1.2025,1.2089,22121444.1583,
2024-08-28,1.1894,1.2021,21727719.9867,
2024-08-27,1.1897,1.2033,21655857.9516,
2024-08-26,1.1891,1.2014,21553610.5119,
2024-08-23,1.1904,1.2028,21554632.6922,
2024-08-22,1.1893,1.1961,21394416.9232,
2024-08-21,1.1885,1.2015,21278943.9494,
2024-08-20,1.1871,1.1984,21130580.6386,
2024-08-19,1.1907,1.2044,21054570.8923,
2024-08-16,1.188,1.201,20934980.386,
2024-08-14,1.1654,1.1752,20374891.4695,
2024-08-13,1.1634,1.1771,20248246.327,
2024-08-12,1.153,1.163,19652519.0686,
2024-08-09,1.1503,1.1641,19640105.0938,
2024-08-08,1.1463,1.158,19571976.9641,
2024-08-07,1.1458,1.1393,19381705.2792,
2024-08-06,1.1276,1.1395,19024228.054,
2024-08-05,1.1196,1.1214,18810435.3253,
2024-08-02,1.1473,1.1651,19134398.5071,
2024-08-01,1.1928,1.2044,19761951.7249,
2024-07-31,1.2048,1.2179,19882828.7706,
2024-07-30,1.1866,1.2013,19511319.7838,
2024-07-29,1.1857,1.2038,19405608.5188,
2024-07-26,1.1841,1.1985,19327745.8093,
2024-07-25,1.181,1.1882,19225835.7574,
2024-07-24,1.1879,1.196,19238656.4522,
2024-07-23,1.2073,1.2166,19409452.546,
2024-07-22,1.1967,1.2126,19186308.5384,
2024-07-19,1.1916,1.2031,18959350.1986,
2024-07-18,1.1996,1.2101,19060959.8254,
2024-07-17,1.2071,1.2177,19137559.8806,
2024-07-16,1.2196,1.2343,19219736.6323,
2024-07-15,1.2184,1.2247,18971860.4414,
2024-07-12,1.2182,1.2246,18992125.5767,
2024-07-11,1.2131,1.2213,18922317.8945,
2024-07-10,1.2141,1.2252,18779129.0659,
2024-07-09,1.2088,1.2158,18630611.0411,
2024-07-08,1.2078,1.2147,18514231.4691,
2024-07-05,1.2048,1.2147,18387772.7819,
2024-07-04,1.2051,1.2135,18380063.8516,
2024-07-03,1.2025,1.2102,18271712.8683,
2024-07-02,1.198,1.2082,18096063.0397,
2024-07-01,1.1964,1.2055,18042004.0964,
2024-06-28,1.2024,1.205,18112991.8323,
2024-06-27,1.1981,1.2074,17952976.1722,
2024-06-26,1.1983,1.2102,17891716.679,
2024-06-25,1.1982,1.2084,17826515.09,
2024-06-21,1.1976,1.207,17679987.844,
2024-06-20,1.2017,1.2067,17705564.4113,
2024-06-19,1.1982,1.2048,17566380.4871,
2024-06-18,1.196,1.2042,17275875.411,
2024-06-17,1.1887,1.2014,17152392.4523,
2024-06-14,1.1883,1.2001,17192523.3992,
2024-06-13,1.1845,1.1951,17222622.713,
2024-06-12,1.1847,1.1905,17061001.9,
2024-06-11,1.1784,1.1922,16829166.173,
2024-06-10,1.18,1.1927,16794430.777,
2024-06-07,1.1751,1.1832,16506340.0049,
2024-06-06,1.1702,1.1798,16376142.2953,
2024-06-05,1.1661,1.1783,16232004.8531,
2024-06-04,1.1511,1.1669,15987082.3702,
2024-06-03,1.1561,1.1711,15990444.505,
2024-05-31,1.1472,1.1681,15822202.745,
2024-05-30,1.1549,1.1628,15782296.6002,
2024-05-29,1.1589,1.1689,15807287.2269,
2024-05-28,1.1637,1.175,15785612.1064,
2024-05-27,1.1686,1.1781,15764628.6009,
2024-05-24,1.1657,1.1767,15682008.9211,
2024-05-23,1.1699,1.1747,15676642.968,
2024-05-22,1.1702,1.1807,15619808.9031,
2024-05-21,1.1704,1.1823,15541249.1391,
2024-05-20,1.173,1.1822,15515467.2733,
2024-05-17,1.1674,1.1791,15424704.8672,
2024-05-16,1.1701,1.1784,15393839.0765,
2024-05-15,1.1656,1.1793,15287855.2693,
2024-05-14,1.1575,1.1712,15003786.865,
2024-05-13,1.158,1.1684,14953928.4807,
2024-05-10,1.1581,1.1714,14965150.5155,
2024-05-09,1.1547,1.1667,14921215.1005,
2024-05-08,1.1528,1.1646,14779807.7588,
2024-05-07,1.153,1.1638,14761544.1661,
2024-05-06,1.1472,1.1601,14613876.4876,
2024-05-03,1.1389,1.1518,14461150.4305,
2024-05-02,1.1305,1.1473,14245591.741,
2024-04-30,1.1357,1.14,14200307.5904,
2024-04-29,1.1397,1.1512,14225136.4112,
2024-04-26,1.1382,1.1493,14120152.985,
2024-04-25,1.119,1.1357,13784821.0969,
2024-04-24,1.1308,1.1443,13885112.1345,
2024-04-23,1.1306,1.1414,13852693.8117,
2024-04-22,1.118,1.1335,13681225.5911,
2024-04-19,1.1162,1.1217,13635539.9146,
2024-04-18,1.1263,1.1317,13715963.4771,
2024-04-17,1.123,1.133,13595440.1079,
2024-04-16,1.129,1.1382,13483137.7224,
2024-04-15,1.1475,1.1479,13650034.0481,
2024-04-12,1.1497,1.1592,13681991.383,
2024-04-11,1.1465,1.1649,13634361.4606,
2024-04-10,1.144,1.1568,13491282.437,
2024-04-09,1.1398,1.1562,13423609.0038,
2024-04-08,1.1454,1.1547,13444891.1902,
2024-04-05,1.1427,1.1555,13374687.8776,
2024-04-04,1.1512,1.1461,13437148.623,
2024-04-03,1.1491,1.1569,13379303.7574,
2024-04-02,1.1487,1.1614,13319413.4388,
2024-03-29,1.1564,1.1686,13299993.022,
2024-03-28,1.1564,1.1679,13283032.4665,
2024-03-27,1.1488,1.1646,13172943.1005,
2024-03-26,1.1498,1.1562,13108640.6254,
2024-03-25,1.1474,1.1565,13043696.9412,
2024-03-22,1.1504,1.1613,13064761.9753,
2024-03-21,1.1513,1.1599,13027443.364,
2024-03-20,1.1353,1.1522,12760922.0713,
2024-03-19,1.1328,1.1442,12711782.0679,
2024-03-18,1.131,1.1387,12637169.6223,
2024-03-15,1.1226,1.1333,12507718.6061,
2024-03-14,1.1291,1.1399,12495740.5785,
2024-03-13,1.1283,1.1384,12325288.3799,
2024-03-12,1.1284,1.1416,12219670.9693,
2024-03-08,1.1256,1.1321,12200163.8079,
2024-03-07,1.1256,1.1374,12199365.387,
2024-03-06,1.121,1.129,12060196.576,
2024-03-05,1.1164,1.1259,11957019.3368,
2024-03-04,1.1238,1.1349,11941718.0667,
2024-03-01,1.1246,1.1378,11904729.5303,
2024-02-29,1.116,1.1306,11772028.1542,
2024-02-28,1.1135,1.1243,11687185.1637,
2024-02-27,1.114,1.1267,11560448.2916,
2024-02-26,1.1156,1.1235,11530992.4086,
2024-02-23,1.1196,1.1291,11529832.1429,
2024-02-22,1.1162,1.129,11429157.2938,
2024-02-21,1.0991,1.1119,11201625.61,
2024-02-20,1.1001,1.1107,11058316.9547,
2024-02-19,1.111,1.1203,11136498.395,
2024-02-15,1.1079,1.1206,11062930.3164,
2024-02-14,1.1025,1.1155,10951014.9998,
2024-02-13,1.1005,1.1073,10730371.9853,
2024-02-12,1.1118,1.1157,10791129.6398,
2024-02-09,1.1015,1.1128,10703752.9495,
2024-02-08,1.1004,1.1106,10696440.5448,
2024-02-07,1.1006,1.1105,10637311.9767,
2024-02-06,1.0962,1.1058,10500982.1709,
2024-02-05,1.0913,1.1021,10368001.7185,
2024-02-02,1.0897,1.1,10257672.6859,
2024-02-01,1.074,1.0913,10050717.7998,
2024-01-31,1.0781,1.081,10038212.7925,
2024-01-30,1.084,1.0936,10024233.495,
2024-01-29,1.0817,1.0986,9926563.5778,
2024-01-26,1.0779,1.0852,9828671.3435,
2024-01-25,1.0771,1.0875,9775031.4165,
2024-01-24,1.0725,1.0771,9656371.1461,
2024-01-23,1.066,1.0792,9533662.4898,
2024-01-22,1.0644,1.0733,9502384.9724,
2024-01-19,1.0532,1.069,9365803.2087,
2024-01-18,1.0498,1.0617,9336127.4564,
2024-01-17,1.0454,1.0548,9245424.9819,
2024-01-16,1.054,1.0626,9161115.7272,
2024-01-15,1.0526,1.0634,9024331.7768,
2024-01-12,1.0524,1.0631,9033960.0226,
2024-01-11,1.0447,1.0616,8967176.8514,
2024-01-10,1.0489,1.0605,8910448.3076,
2024-01-09,1.0489,1.0617,8876669.2849,
2024-01-08,1.0429,1.0591,8791485.8172,
2024-01-05,1.0416,1.049,8745939.2538,
2024-01-04,1.0434,1.0496,8704504.0041,
2024-01-03,1.044,1.0545,8639965.6901,
2024-01-02,1.0483,1.0625,8649863.7267,
2023-12-29,1.0491,1.0605,8630717.717,
2023-12-28,1.0468,1.0579,8582000.0514,
2023-12-27,1.0418,1.0557,8467378.6639,
2023-12-22,1.0448,1.055,8459283.5596,
2023-12-21,1.0421,1.0551,8400068.2283,
2023-12-20,1.0484,1.0492,8418407.0306,
2023-12-19,1.0462,1.0575,8299227.7682,
2023-12-18,1.0444,1.0569,8259805.9951,
2023-12-15,1.0455,1.0561,8250478.4148,
2023-12-14,1.0381,1.049,8163405.8871,
2023-12-13,1.037,1.0555,8124942.9499,
2023-12-12,1.0342,1.0458,7957836.1946,
2023-12-11,1.0349,1.0461,7899411.9863,
2023-12-08,1.0309,1.0414,7887188.1271,
2023-12-07,1.0254,1.0364,7843278.3504,
2023-12-06,1.025,1.0312,7767437.6093,
2023-12-05,1.0225,1.0298,7708892.3864,
2023-12-04,1.0186,1.0315,7658776.2244,
2023-12-01,1.0197,1.0331,7641406.779,
2023-11-30,1.0091,1.02,7539749.6257,
2023-11-29,1.0051,1.0108,7470696.145,
2023-11-28,1.0038,1.0095,7442811.7132,
2023-11-27,1.0055,1.0118,7326423.4289,
2023-11-24,1.0074,1.0135,7288864.1003,
2023-11-23,1.0098,1.0148,7289496.4103,
2023-11-22,1.0103,1.0171,7241473.6415,
2023-11-21,1.0023,1.0097,7130020.7727,
2023-11-20,1.0022,1.0109,7014068.2141,
2023-11-17,1.0011,1.0088,6971200.3438,
2023-11-16,0.9978,1.0059,6918573.418,
2023-11-15,1.0043,1.0086,6964644.626,
2023-11-14,0.9999,1.0047,6848866.8315,
2023-11-13,0.9932,0.9978,6756050.5509,
2023-11-10,0.987,0.9981,6708215.4115,
2023-11-09,0.9894,0.9885,6723985.8905,
2023-11-08,0.9857,0.9924,6661358.3468,
2023-11-07,0.9898,0.9949,6626303.9543,
2023-11-06,0.9844,0.9913,6509518.8588,
2023-11-03,0.9857,0.9891,6469981.1344,
2023-10-31,0.9551,0.9638,6173362.7388,
2023-10-30,0.9484,0.9564,6079319.2381,
2023-10-27,0.9479,0.9522,6045942.9057,
2023-10-26,0.9553,0.9573,6038038.9905,
2023-10-25,0.962,0.9632,6031778.4997,
2023-10-24,0.9667,0.9715,5979940.6927,
2023-10-23,0.9607,0.9636,5872368.5485,
2023-10-20,0.9644,0.9702,5796174.3465,
2023-10-19,0.9816,0.9828,5879827.3225,
2023-10-18,0.9919,0.9957,5909507.0385,
2023-10-17,0.9985,1.0048,5790765.2231,
2023-10-16,1.0006,1.0051,5783463.0826,
2023-10-13,0.9968,1.0027,5734505.8329,
2023-10-12,1.0023,1.0061,5743178.3239,
2023-10-11,0.9952,1.0045,5685932.2657,
2023-10-10,0.9985,1.0024,5652632.3968,
2023-10-09,0.9854,0.9968,5505601.7596,
2023-10-06,0.9803,0.9937,5476900.2597,
2023-10-05,0.9738,0.985,5440703.5616,
2023-10-04,0.9742,0.9862,5402681.0322,
2023-10-03,0.9779,0.9862,5389887.5879,
2023-10-02,0.9897,0.9981,5436702.4689,
2023-09-29,0.9908,0.9952,5401951.3865,
2023-09-28,0.9891,0.9973,5365880.6639,
2023-09-27,0.9873,0.9973,5325100.0006,
2023-09-26,0.985,0.9911,5293679.0314,
2023-09-25,0.9934,1.0036,5335356.199,
2023-09-22,0.9936,0.9968,5322322.0672,
2023-09-21,0.9929,0.9977,5307834.0739,
2023-09-20,1.009,1.0091,5372335.5485,
2023-09-19,1.0059,1.0166,5346125.2461,
2023-09-18,1.0109,1.0197,5376597.2462,
2023-09-15,1.0152,1.0234,5357654.6658,
2023-09-14,1.0199,1.0297,5359682.2236,
2023-09-13,1.0075,1.0135,5288260.8592,
2023-09-12,1.0081,1.0162,5241208.8824,
2023-09-11,1.0072,1.0172,5218101.4427,
2023-09-08,1.007,1.0137,5217023.2171,
2023-09-07,1.005,1.0143,5206641.3306,
2023-09-06,1.007,1.0178,5138515.9518,
2023-09-05,1.0149,1.0234,5178859.6035,
2023-09-04,1.0117,1.0232,5081753.4055,
2023-09-01,1.011,1.0199,5070651.0806,
2023-08-31,1.0056,1.0135,5031823.5967,
2023-08-30,0.9989,1.0086,4985826.3742,
2023-08-29,1,1.0127,4984640.6878,
2023-08-28,0.992,1.0018,4905263.5683,
2023-08-25,0.9848,0.9969,4858761.8187,
2023-08-24,0.984,0.9902,4843035.0965,
2023-08-23,0.9873,0.9976,4836403.7452,
2023-08-22,0.9806,0.9882,4798024.152,
2023-08-21,0.9719,0.9843,4710584.0963,
2023-08-18,0.9716,0.9826,4704955.4722,
2023-08-17,0.979,0.9833,4729025.6849,
2023-08-16,0.9848,0.9892,4757116.2916,
2023-08-14,0.9933,1.0059,4785346.3827,
2023-08-11,0.9885,1.0001,4655890.2061,
2023-08-10,0.996,1.0003,4652499.9941,
2023-08-09,0.9909,1.001,4628663.0296,
2023-08-08,0.9915,1.0072,4631356.7735,
2023-08-07,0.995,1.0082,4622128.2698,
2023-08-04,0.9977,1.0019,4634698.5707,
2023-08-03,0.9992,1.0105,4623874.8623,
2023-08-02,1.0031,1.0145,4641989.7829,
2023-08-01,1.0151,1.0264,4677166.6028,
2023-07-31,1.0156,1.0273,4650214.6567,
2023-07-28,1.0153,1.0235,4642894.6422,
2023-07-27,1.0169,1.0197,4596654.1924,
2023-07-26,1.0032,1.0162,4534669.0763,
2023-07-25,1.0072,1.0178,4547912.4529,
2023-07-24,1.0015,1.0104,4486165.5989,
2023-07-21,0.9966,1.0049,4418093.592,
2023-07-20,0.995,1.0029,4388299.1476,
2023-07-19,0.9944,1.0046,4361597.225,
2023-07-18,0.9867,0.9989,4283126.4172,
2023-07-17,0.9823,0.9934,4258470.791,
2023-07-14,0.9834,0.9913,4255427.8395,
2023-07-13,0.9842,0.9958,4242277.7506,
2023-07-12,0.9833,0.9913,4189844.1816,
2023-07-11,0.9781,0.9915,4167759.6462,
2023-07-10,0.9741,0.9844,4150749.9215,
2023-07-07,0.9778,0.9839,4141692.3832,
2023-07-05,0.9939,1.0028,4206424.6447,
2023-07-04,0.9951,1.0046,4136456.6493,
2023-07-03,0.9936,1.0037,4107340.5353,
2023-06-30,0.9901,0.9998,4062943.4839,
2023-06-29,0.9821,0.9919,4016430.5351,
2023-06-28,0.9788,0.9879,3986720.2391,
2023-06-27,0.9708,0.9823,3934226.6528,
2023-06-26,0.9713,0.9775,3928959.3594,
2023-06-23,0.9728,0.9819,3916436.9717,
2023-06-22,0.9751,0.9849,3911328.3421,
2023-06-21,0.9773,0.9856,3895827.2851,
2023-06-20,0.9831,0.9946,3889916.5862,
2023-06-19,0.9883,0.9983,3902013.6693,
2023-06-16,0.994,1.0011,3922176.5347,
2023-06-15,0.9904,1.003,3903594.7761,
2023-06-14,0.9934,0.9995,3878663.6615,
2023-06-13,0.9931,1.0015,3832934.9887,
2023-06-12,0.9841,0.9979,3796963.3106,
2023-06-09,0.982,0.9909,3788754.3318,
2023-06-08,0.9764,0.988,3767090.985,
2023-06-07,0.9815,0.9898,3757250.0416,
2023-06-06,0.9834,0.9927,3758544.9452,
2023-06-05,0.9809,0.987,3728221.5253,
2023-06-02,0.9785,0.9868,3705460.5191,
2023-06-01,0.9614,0.9701,3628272.6463,
2023-05-31,0.9554,0.9664,3570719.542,
2023-05-30,0.9612,0.9692,3575889.6262,
2023-05-29,0.9659,0.9723,3579853.3514,
2023-05-26,0.9636,0.9718,3548973.3395,
2023-05-25,0.9502,0.9597,3383932.5424,
2023-05-24,0.9468,0.9557,3347469.6508,
2023-05-23,0.9606,0.964,3351844.4332,
2023-05-22,0.9633,0.9709,3327418.6215,
2023-05-19,0.9591,0.9698,3312866.0285,
2023-05-18,0.9597,0.9708,3290769.4964,
2023-05-17,0.9479,0.9603,3241772.1268,
2023-05-16,0.9452,0.9506,3114046.2243,
2023-05-15,0.9468,0.956,3117367.4875,
2023-05-12,0.9429,0.9521,3112509.045,
2023-05-11,0.9402,0.9492,3103643.8891,
2023-05-10,0.9386,0.9472,3057749.7285,
2023-05-09,0.9402,0.9467,3032770.8274,
2023-05-08,0.9373,0.9458,3018512.8141,
2023-05-05,0.9339,0.944,2996426.179,
2023-05-04,0.9225,0.9309,2929099.8212,
2023-05-03,0.927,0.9308,2893508.6,
2023-05-02,0.9269,0.939,2881693.7764,
2023-04-28,0.9357,0.944,2858636.949,
2023-04-27,0.9275,0.9395,2756852.5672,
2023-04-26,0.922,0.9258,2740575.3622,
2023-04-25,0.9305,0.9341,2754669.6904,
2023-04-24,0.9333,0.9422,2759554.0072,
2023-04-21,0.9371,0.946,2770953.2834,
2023-04-20,0.9397,0.9464,2773104.6983,
2023-04-19,0.942,0.9514,2775018.0823,
2023-04-18,0.9444,0.9528,2779400.7436,
2023-04-17,0.9429,0.9547,2774968.8678,
2023-04-14,0.9379,0.9457,2751505.0362,
2023-04-13,0.9324,0.9431,2735020.1377,
2023-04-12,0.9329,0.9387,2726115.5682,
2023-04-11,0.9378,0.9447,2710337.6931,
2023-04-07,0.9311,0.9395,2690985.4128,
2023-04-06,0.9311,0.9395,2691033.5515,
2023-04-05,0.9302,0.9392,2674942.5124,
2023-04-04,0.9324,0.9385,2675055.6907,
2023-04-03,0.9378,0.9481,2679326.9149,
2023-03-31,0.9363,0.9466,2662212.5161,
2023-03-30,0.9263,0.9323,2604901.9964,
2023-03-29,0.9219,0.9319,2590437.1714,
2023-03-28,0.9132,0.9203,2555271.7437,
2023-03-27,0.9165,0.9232,2564378.9573,
2023-03-24,0.9117,0.9222,2550939.419,
2023-03-23,0.913,0.9132,2534550.0184,
2023-03-22,0.9182,0.9168,2549102.3064,
2023-03-21,0.916,0.9259,2526485.7361,
2023-03-20,0.9099,0.9187,2491817.9145,
2023-03-17,0.9096,0.9194,2450695.7437,
2023-03-16,0.9165,0.9278,2469285.5949,
2023-03-15,0.905,0.9239,2435019.5555,
2023-03-14,0.913,0.9188,2399909.8121,
2023-03-13,0.9022,0.9105,2371509.7289,
2023-03-10,0.9216,0.919,2422529.4851,
2023-03-09,0.9402,0.9419,2471433.5563,
2023-03-08,0.9412,0.9549,2462060.8548,
2023-03-07,0.9429,0.9528,2466501.5887,
2023-03-06,0.9482,0.957,2475117.1909,
2023-03-03,0.9452,0.9624,2467224.9005,
2023-03-02,0.9315,0.9487,2401225.0084,
2023-03-01,0.927,0.94,2360444.8331,
2023-02-28,0.9338,0.9458,2364104.87,
2023-02-27,0.9373,0.9481,2378886.4464,
2023-02-24,0.9323,0.9493,2361968.7538,
2023-02-23,0.9383,0.9551,2317312.8606,
2023-02-22,0.9385,0.9493,2304428.3309,
2023-02-21,0.9392,0.9486,2293948.1661,
2023-02-20,0.9488,0.9628,2240389.2219,
2023-02-17,0.9462,0.9632,2220984.2982,
2023-02-15,0.9571,0.9726,2238207.5092,
2023-02-14,0.9502,0.9684,2094929.573,
2023-02-13,0.9546,0.9672,2084590.0696,
2023-02-10,0.949,0.9632,2072442.1252,
2023-02-09,0.9537,0.9588,2082668.7798,
2023-02-08,0.9517,0.9655,2071213.4916,
2023-02-07,0.9533,0.9735,2034713.0331,
2023-02-06,0.9508,0.962,2009044.2736,
2023-02-03,0.9567,0.962,2021373.1942,
2023-02-02,0.9523,0.9636,2006024.2389,
2023-02-01,0.9331,0.9531,1965588.0906,
2023-01-31,0.933,0.9494,1934149.4823,
2023-01-30,0.9346,0.9413,1937539.2406,
2023-01-27,0.9396,0.9525,1916094.2536,
2023-01-26,0.9328,0.9487,1902080.2692,
2023-01-25,0.9221,0.9373,1876453.3709,
2023-01-24,0.9291,0.9391,1879756.1013,
2023-01-23,0.931,0.9397,1883639.6024,
2023-01-20,0.9178,0.9333,1803076.1457,
2023-01-19,0.9111,0.9241,1790106.023,
2023-01-18,0.9226,0.9294,1809534.1907,
2023-01-17,0.9278,0.9383,1805199.9296,
2023-01-16,0.9248,0.9364,1773794.5876,
2023-01-13,0.9215,0.9358,1757002.7948,
2023-01-12,0.9179,0.9318,1750125.6098,
2023-01-11,0.9156,0.9296,1740671.5462,
2023-01-10,0.9077,0.9226,1724057.7128,
2023-01-09,0.9172,0.9187,1741967.248,
2023-01-06,0.9116,0.9235,1731369.2183,
2023-01-05,0.9032,0.9132,1697514.8565,
2023-01-04,0.9074,0.914,1705390.968,
2023-01-03,0.8981,0.9095,1688014.2736,
2023-01-02,0.9052,0.9009,1698847.1198,
2022-12-30,0.889,0.8995,1653594.8071,
2022-12-29,0.895,0.9027,1664737.4354,
2022-12-28,0.8884,0.8952,1651694.2035,
2022-12-27,0.8938,0.9005,1540536.5941,
2022-12-23,0.8923,0.9041,1537944.2034,
2022-12-22,0.891,0.9032,1533816.574,
2022-12-21,0.9034,0.9104,1555181.0853,
2022-12-20,0.8892,0.8975,1530754.4719,
2022-12-19,0.8913,0.9009,1514761.6609,
2022-12-16,0.8949,0.9042,1520895.3761,
2022-12-15,0.9009,0.9108,1531019.8886,
2022-12-14,0.9301,0.9331,1515052.434,
2022-12-13,0.9328,0.9358,1462297.6699,
2022-12-12,0.9201,0.9359,1442361.5886,
2022-12-09,0.9252,0.9296,1450279.4609,
2022-12-08,0.9204,0.9305,1442786.423,
2022-12-07,0.9191,0.9282,1436161.3166,
2022-12-06,0.9243,0.9322,1433357.0148,
2022-12-05,0.9349,0.9418,1449842.1116,
2022-12-02,0.943,0.9575,1329593.5316,
2022-12-01,0.9469,0.9588,1323607.2417,
2022-11-30,0.9398,0.9689,1313681.5622,
2022-11-29,0.9313,0.9436,1301810.8641,
2022-11-28,0.9348,0.9389,1306682.389,
2022-11-25,0.9405,0.9505,1314607.6765,
2022-11-24,0.9428,0.9512,1317857.1175,
2022-11-23,0.9405,0.95,1314620.894,
2022-11-22,0.9377,0.9509,1310699.4679,
2022-11-21,0.9324,0.9441,1303380.6044,
2022-11-18,0.9292,0.94,1298803.6313,
2022-11-17,0.9241,0.9376,1291672.5132,
2022-11-16,0.9278,0.9368,1296801.4708,
2022-11-15,0.9401,0.9481,1276419.9471,
2022-11-14,0.9354,0.9412,1269970.4985,
2022-11-11,0.9313,0.9477,1264400.4633,
2022-11-10,0.9332,0.9441,1267049.5977,
2022-11-09,0.9135,0.9182,1222344.4525,
2022-11-08,0.9235,0.9302,1218607.2258,
2022-11-07,0.916,0.9284,1208718.8064,
2022-11-04,0.9118,0.928,1106204.3304,
2022-11-03,0.9175,0.9253,1105674.5013,
2022-10-31,0.9276,0.9377,1100501.0826,
2022-10-28,0.9204,0.935,1091969.4779,
2022-10-27,0.9156,0.9204,1067383.031,
2022-10-26,0.9166,0.9182,1049953.7544,
2022-10-25,0.9142,0.9254,961554.664,
2022-10-24,0.9066,0.9168,926273.1966,
2022-10-21,0.9013,0.9175,899729.8034,
2022-10-20,0.9038,0.9026,855361.7873,
2022-10-19,0.9008,0.9112,797554.5985,
2022-10-18,0.9007,0.914,793549.0611,
2022-10-17,0.8987,0.9069,781607.0168,
2022-10-14,0.8896,0.894,773637.7493,
2022-10-13,0.8885,0.908,772658.3213,
2022-10-12,0.8871,0.8962,768674.4493,
2022-10-11,0.8906,0.8984,769285.9616,
2022-10-10,0.8962,0.9074,713425.5815,
2022-10-07,0.9021,0.9085,721699.8149,
2022-10-06,0.9191,0.9247,731622.7817,
2022-10-05,0.9123,0.9297,695593.5385,
2022-10-04,0.9133,0.9228,686142.1088,
2022-10-03,0.8949,0.9061,650681.338,
2022-09-30,0.8955,0.891,651079.8532,
2022-09-29,0.8901,0.9,647195.1171,
2022-09-28,0.9113,0.9249,651911.4603,
2022-09-27,0.9095,0.9155,624491.4806,
2022-09-26,0.9115,0.9138,616491.9616,
2022-09-23,0.9087,0.9213,614576.9656,
2022-09-22,0.9184,0.9303,593604.9387,
2022-09-21,0.9378,0.9352,555817.263,
2022-09-20,0.9282,0.9376,550102.1671,
2022-09-19,0.9282,0.9439,523276.9879,
2022-09-16,0.9264,0.9392,506904.8059,
2022-09-15,0.9432,0.9519,518908.2005,
2022-09-14,0.9495,0.9601,522343.8348,
2022-09-13,0.9563,0.9608,356320.1595,
2022-09-12,0.9717,0.9812,362065.5559,
2022-09-09,0.9658,0.9771,359835.084,
2022-09-08,0.9589,0.9685,357281.33,
2022-09-07,0.9472,0.9615,287257.5651,
2022-09-06,0.9496,0.9571,287968.7639,
2022-09-05,0.9535,0.9599,303492.7309,
2022-09-02,0.9582,0.953,305002.8164,
2022-09-01,0.9502,0.9635,301301.9112,
2022-08-31,0.954,0.9603,193330.4724,
2022-08-30,0.9607,0.972,154184.3365,
2022-08-29,0.9714,0.9798,141305.0591,
2022-08-26,0.9871,0.9868,82213.6118,
2022-08-25,1,1.0136,19242.81,
2022-08-24,1,1,0,
2022-08-23,1,1,0,
2022-08-22,1,1,0,